ISO-10303-21;
HEADER;
FILE_DESCRIPTION (( 'STEP AP214' ),
    '1' );
FILE_NAME ('B39431B3710U410.STEP',
    '2026-01-24T09:35:11',
    ( '' ),
    ( '' ),
    'SwSTEP 2.0',
    'SolidWorks 2023',
    '' );
FILE_SCHEMA (( 'AUTOMOTIVE_DESIGN' ));
ENDSEC;

DATA;
#1 = COLOUR_RGB ( '',0.2509803921568627416, 0.2509803921568627416, 0.2509803921568627416 ) ;
#2 = LINE ( 'NONE', #4962, #1892 ) ;
#3 = UNCERTAINTY_MEASURE_WITH_UNIT (LENGTH_MEASURE( 1.000000000000000082E-05 ), #5638, 'distance_accuracy_value', 'NONE');
#4 = ORIENTED_EDGE ( 'NONE', *, *, #3038, .T. ) ;
#5 = EDGE_CURVE ( 'NONE', #5106, #1290, #6420, .T. ) ;
#6 = LINE ( 'NONE', #2498, #5534 ) ;
#7 = SURFACE_SIDE_STYLE ('',( #384 ) ) ;
#8 = SURFACE_SIDE_STYLE ('',( #3114 ) ) ;
#9 = CARTESIAN_POINT ( 'NONE',  ( -1.350000000000000089, 1.050000000000000044, -1.199999999999998179 ) ) ;
#10 = VERTEX_POINT ( 'NONE', #6543 ) ;
#11 = EDGE_CURVE ( 'NONE', #5492, #660, #6506, .T. ) ;
#12 = SURFACE_STYLE_FILL_AREA ( #2622 ) ;
#13 = FACE_OUTER_BOUND ( 'NONE', #1510, .T. ) ;
#14 = ORIENTED_EDGE ( 'NONE', *, *, #2094, .F. ) ;
#15 = CYLINDRICAL_SURFACE ( 'NONE', #2022, 0.1499999999999999667 ) ;
#16 = PLANE ( 'NONE',  #7203 ) ;
#17 = CARTESIAN_POINT ( 'NONE',  ( -1.500000000000000000, 1.000000000000000000, -1.199999999999998179 ) ) ;
#18 = VECTOR ( 'NONE', #6325, 1000.000000000000000 ) ;
#19 = DIRECTION ( 'NONE',  ( 0.000000000000000000, -1.000000000000000000, 0.000000000000000000 ) ) ;
#20 = UNCERTAINTY_MEASURE_WITH_UNIT (LENGTH_MEASURE( 1.000000000000000082E-05 ), #1721, 'distance_accuracy_value', 'NONE');
#21 = PRESENTATION_STYLE_ASSIGNMENT (( #5103 ) ) ;
#22 = CARTESIAN_POINT ( 'NONE',  ( 0.7499999999999996669, 0.4500000000000001221, -0.3000000000000004885 ) ) ;
#23 = CARTESIAN_POINT ( 'NONE',  ( -1.284919835629578344, 1.100000000000000089, -1.169999999999998375 ) ) ;
#24 = ORIENTED_EDGE ( 'NONE', *, *, #4741, .F. ) ;
#25 = PLANE ( 'NONE',  #1265 ) ;
#26 = EDGE_LOOP ( 'NONE', ( #478, #2918, #2677, #4600 ) ) ;
#27 = ORIENTED_EDGE ( 'NONE', *, *, #361, .F. ) ;
#28 = LINE ( 'NONE', #4870, #2428 ) ;
#29 =( LENGTH_UNIT ( ) NAMED_UNIT ( * ) SI_UNIT ( .MILLI., .METRE. ) );
#30 = STYLED_ITEM ( 'NONE', ( #6380 ), #4868 ) ;
#31 = FILL_AREA_STYLE ('',( #3093 ) ) ;
#32 = SURFACE_STYLE_USAGE ( .BOTH. , #3730 ) ;
#33 = ORIENTED_EDGE ( 'NONE', *, *, #5688, .T. ) ;
#34 = DIRECTION ( 'NONE',  ( -0.000000000000000000, -1.000000000000000000, -0.000000000000000000 ) ) ;
#35 = EDGE_LOOP ( 'NONE', ( #2625, #3677, #6822, #6018 ) ) ;
#36 = CARTESIAN_POINT ( 'NONE',  ( 1.499999999999999778, 0.000000000000000000, 3.122502256758252770E-14 ) ) ;
#37 = FILL_AREA_STYLE_COLOUR ( '', #4402 ) ;
#38 = DIRECTION ( 'NONE',  ( 0.000000000000000000, -0.000000000000000000, 1.000000000000000000 ) ) ;
#39 =( NAMED_UNIT ( * ) SI_UNIT ( $, .STERADIAN. ) SOLID_ANGLE_UNIT ( ) );
#40 = FILL_AREA_STYLE ('',( #3740 ) ) ;
#41 = VERTEX_POINT ( 'NONE', #923 ) ;
#42 = DIRECTION ( 'NONE',  ( 0.000000000000000000, 0.000000000000000000, -1.000000000000000000 ) ) ;
#43 = CARTESIAN_POINT ( 'NONE',  ( -1.350000000000000311, 0.000000000000000000, -1.499999999999999778 ) ) ;
#44 = SURFACE_STYLE_USAGE ( .BOTH. , #129 ) ;
#45 = AXIS2_PLACEMENT_3D ( 'NONE', #5141, #5186, #2176 ) ;
#46 = EDGE_CURVE ( 'NONE', #7913, #1609, #273, .T. ) ;
#47 = CYLINDRICAL_SURFACE ( 'NONE', #570, 0.1000000000000000472 ) ;
#48 = EDGE_CURVE ( 'NONE', #3932, #4331, #2800, .T. ) ;
#49 = VERTEX_POINT ( 'NONE', #4049 ) ;
#50 = CIRCLE ( 'NONE', #4594, 0.2000000000000000944 ) ;
#51 = CARTESIAN_POINT ( 'NONE',  ( -1.500000000000000000, 0.8500000000000000888, -1.399999999999999689 ) ) ;
#52 = STYLED_ITEM ( 'NONE', ( #3610 ), #5513 ) ;
#53 = FILL_AREA_STYLE_COLOUR ( '', #4430 ) ;
#54 = DIRECTION ( 'NONE',  ( -1.000000000000000000, -0.000000000000000000, -0.000000000000000000 ) ) ;
#55 = VERTEX_POINT ( 'NONE', #955 ) ;
#56 = DIRECTION ( 'NONE',  ( -0.000000000000000000, 1.000000000000000000, 0.000000000000000000 ) ) ;
#57 = VECTOR ( 'NONE', #5746, 1000.000000000000000 ) ;
#58 = LINE ( 'NONE', #795, #7206 ) ;
#59 = EDGE_CURVE ( 'NONE', #660, #4138, #2840, .T. ) ;
#60 = SURFACE_SIDE_STYLE ('',( #1437 ) ) ;
#61 = UNCERTAINTY_MEASURE_WITH_UNIT (LENGTH_MEASURE( 1.000000000000000082E-05 ), #7647, 'distance_accuracy_value', 'NONE');
#62 = SURFACE_STYLE_FILL_AREA ( #3790 ) ;
#63 = COLOUR_RGB ( '',0.2509803921568627416, 0.2509803921568627416, 0.2509803921568627416 ) ;
#64 = EDGE_LOOP ( 'NONE', ( #6421, #6205, #2576, #1355 ) ) ;
#65 = ORIENTED_EDGE ( 'NONE', *, *, #772, .F. ) ;
#66 = EDGE_CURVE ( 'NONE', #4046, #152, #3832, .T. ) ;
#67 = EDGE_LOOP ( 'NONE', ( #3045, #1947, #3615, #7542 ) ) ;
#68 = FACE_OUTER_BOUND ( 'NONE', #4889, .T. ) ;
#69 = STYLED_ITEM ( 'NONE', ( #3866 ), #541 ) ;
#70 = FACE_OUTER_BOUND ( 'NONE', #7926, .T. ) ;
#71 = VERTEX_POINT ( 'NONE', #1001 ) ;
#72 = AXIS2_PLACEMENT_3D ( 'NONE', #4855, #549, #3034 ) ;
#73 = PRESENTATION_LAYER_ASSIGNMENT (  '', '', ( #2548 ) ) ;
#74 = CARTESIAN_POINT ( 'NONE',  ( 0.7499999999999996669, 0.4500000000000000666, 0.000000000000000000 ) ) ;
#75 = VECTOR ( 'NONE', #5807, 1000.000000000000000 ) ;
#76 = ORIENTED_EDGE ( 'NONE', *, *, #2514, .T. ) ;
#77 = CARTESIAN_POINT ( 'NONE',  ( 1.475000000000000311, 0.000000000000000000, -0.9000000000000005773 ) ) ;
#78 =( GEOMETRIC_REPRESENTATION_CONTEXT ( 3 ) GLOBAL_UNCERTAINTY_ASSIGNED_CONTEXT ( ( #165 ) ) GLOBAL_UNIT_ASSIGNED_CONTEXT ( ( #236, #2768, #6432 ) ) REPRESENTATION_CONTEXT ( 'NONE', 'WORKASPACE' ) );
#79 = ORIENTED_EDGE ( 'NONE', *, *, #7694, .T. ) ;
#80 =( NAMED_UNIT ( * ) SI_UNIT ( $, .STERADIAN. ) SOLID_ANGLE_UNIT ( ) );
#81 = CIRCLE ( 'NONE', #6704, 0.1750000000000303813 ) ;
#82 = UNCERTAINTY_MEASURE_WITH_UNIT (LENGTH_MEASURE( 1.000000000000000082E-05 ), #5489, 'distance_accuracy_value', 'NONE');
#83 = CARTESIAN_POINT ( 'NONE',  ( -1.475000000000000089, 0.000000000000000000, 0.000000000000000000 ) ) ;
#84 = VERTEX_POINT ( 'NONE', #3493 ) ;
#85 = VECTOR ( 'NONE', #2988, 1000.000000000000000 ) ;
#86 =( LENGTH_UNIT ( ) NAMED_UNIT ( * ) SI_UNIT ( .MILLI., .METRE. ) );
#87 = FILL_AREA_STYLE_COLOUR ( '', #4787 ) ;
#88 = SURFACE_SIDE_STYLE ('',( #1260 ) ) ;
#89 = SURFACE_SIDE_STYLE ('',( #6881 ) ) ;
#90 = VERTEX_POINT ( 'NONE', #1067 ) ;
#91 = CARTESIAN_POINT ( 'NONE',  ( -1.200000000000000178, 1.050000000000000044, -1.349999999999998312 ) ) ;
#92 = AXIS2_PLACEMENT_3D ( 'NONE', #6504, #2836, #2062 ) ;
#93 = CARTESIAN_POINT ( 'NONE',  ( 1.399999999999999689, 0.4500000000000000666, -1.399999999999999689 ) ) ;
#94 = ADVANCED_FACE ( 'NONE', ( #6131 ), #512, .T. ) ;
#95 = COLOUR_RGB ( '',0.7529411764705882248, 0.7529411764705882248, 0.7529411764705882248 ) ;
#96 = ORIENTED_EDGE ( 'NONE', *, *, #5923, .F. ) ;
#97 = FACE_OUTER_BOUND ( 'NONE', #813, .T. ) ;
#98 = FILL_AREA_STYLE_COLOUR ( '', #459 ) ;
#99 = DIRECTION ( 'NONE',  ( -0.000000000000000000, 1.000000000000000000, -0.000000000000000000 ) ) ;
#100 = PRESENTATION_STYLE_ASSIGNMENT (( #756 ) ) ;
#101 = AXIS2_PLACEMENT_3D ( 'NONE', #562, #526, #1772 ) ;
#102 = VECTOR ( 'NONE', #3347, 1000.000000000000000 ) ;
#103 =( NAMED_UNIT ( * ) PLANE_ANGLE_UNIT ( ) SI_UNIT ( $, .RADIAN. ) );
#104 = DIRECTION ( 'NONE',  ( 0.000000000000000000, -1.000000000000000000, 0.000000000000000000 ) ) ;
#105 = EDGE_CURVE ( 'NONE', #3427, #7056, #2430, .T. ) ;
#106 =( LENGTH_UNIT ( ) NAMED_UNIT ( * ) SI_UNIT ( .MILLI., .METRE. ) );
#107 = AXIS2_PLACEMENT_3D ( 'NONE', #7979, #3565, #6691 ) ;
#108 = ORIENTED_EDGE ( 'NONE', *, *, #3139, .T. ) ;
#109 = DIRECTION ( 'NONE',  ( 0.000000000000000000, 0.000000000000000000, 1.000000000000000000 ) ) ;
#110 = ORIENTED_EDGE ( 'NONE', *, *, #3244, .F. ) ;
#111 = PRESENTATION_STYLE_ASSIGNMENT (( #1941 ) ) ;
#112 = VECTOR ( 'NONE', #3763, 1000.000000000000000 ) ;
#113 = DIRECTION ( 'NONE',  ( 0.000000000000000000, -0.000000000000000000, 1.000000000000000000 ) ) ;
#114 = SURFACE_STYLE_FILL_AREA ( #3848 ) ;
#115 = DIRECTION ( 'NONE',  ( 0.000000000000000000, -1.000000000000000000, 0.000000000000000000 ) ) ;
#116 = EDGE_CURVE ( 'NONE', #4585, #4990, #729, .T. ) ;
#117 = VERTEX_POINT ( 'NONE', #2472 ) ;
#118 = DIRECTION ( 'NONE',  ( -1.000000000000000000, 0.000000000000000000, -0.000000000000000000 ) ) ;
#119 =( GEOMETRIC_REPRESENTATION_CONTEXT ( 3 ) GLOBAL_UNCERTAINTY_ASSIGNED_CONTEXT ( ( #7859 ) ) GLOBAL_UNIT_ASSIGNED_CONTEXT ( ( #6524, #5877, #290 ) ) REPRESENTATION_CONTEXT ( 'NONE', 'WORKASPACE' ) );
#120 = AXIS2_PLACEMENT_3D ( 'NONE', #4542, #2494, #3059 ) ;
#121 = EDGE_LOOP ( 'NONE', ( #2728, #2278, #4034, #6454, #7333, #1565, #554, #5189, #4691 ) ) ;
#122 = SURFACE_STYLE_USAGE ( .BOTH. , #5742 ) ;
#123 = CARTESIAN_POINT ( 'NONE',  ( -1.325000000000000178, 2.065549442140357073, -1.499999999999999778 ) ) ;
#124 = CARTESIAN_POINT ( 'NONE',  ( 1.499999999999999112, 0.9000000000000002442, 1.400000000000000133 ) ) ;
#125 = CARTESIAN_POINT ( 'NONE',  ( -1.500000000000000222, 2.065549442140357073, 0.1500000000000001887 ) ) ;
#126 = EDGE_LOOP ( 'NONE', ( #6151, #4447, #3469, #2521 ) ) ;
#127 = COLOUR_RGB ( '',0.2509803921568627416, 0.2509803921568627416, 0.2509803921568627416 ) ;
#128 =( GEOMETRIC_REPRESENTATION_CONTEXT ( 3 ) GLOBAL_UNCERTAINTY_ASSIGNED_CONTEXT ( ( #1771 ) ) GLOBAL_UNIT_ASSIGNED_CONTEXT ( ( #5878, #2658, #2127 ) ) REPRESENTATION_CONTEXT ( 'NONE', 'WORKASPACE' ) );
#129 = SURFACE_SIDE_STYLE ('',( #6788 ) ) ;
#130 = SURFACE_STYLE_USAGE ( .BOTH. , #89 ) ;
#131 = ORIENTED_EDGE ( 'NONE', *, *, #4382, .T. ) ;
#132 = COLOUR_RGB ( '',0.2509803921568627416, 0.2509803921568627416, 0.2509803921568627416 ) ;
#133 = FILL_AREA_STYLE_COLOUR ( '', #1992 ) ;
#134 =( NAMED_UNIT ( * ) PLANE_ANGLE_UNIT ( ) SI_UNIT ( $, .RADIAN. ) );
#135 = CARTESIAN_POINT ( 'NONE',  ( 1.499999999999999778, 0.4499999999999999001, -1.500000000000000444 ) ) ;
#136 = ORIENTED_EDGE ( 'NONE', *, *, #7201, .F. ) ;
#137 = FILL_AREA_STYLE_COLOUR ( '', #7978 ) ;
#138 = CARTESIAN_POINT ( 'NONE',  ( -1.200000000000000178, 1.050000000000000488, -1.399999999999998135 ) ) ;
#139 = DIRECTION ( 'NONE',  ( -0.000000000000000000, 1.000000000000000000, 0.000000000000000000 ) ) ;
#140 = FILL_AREA_STYLE ('',( #3254 ) ) ;
#141 = ADVANCED_BREP_SHAPE_REPRESENTATION ( 'B39431B3710U410', ( #4947, #5028, #7824, #7639, #2284, #7624, #4937, #2417, #5185, #4637 ), #4105 ) ;
#142 = ORIENTED_EDGE ( 'NONE', *, *, #2637, .T. ) ;
#143 = CARTESIAN_POINT ( 'NONE',  ( -1.474999999999999867, 0.000000000000000000, 0.9000000000000005773 ) ) ;
#144 = EDGE_LOOP ( 'NONE', ( #6511, #1688, #3812, #5159 ) ) ;
#145 = CARTESIAN_POINT ( 'NONE',  ( 1.499999999999999778, 2.065549442140357073, 3.122502256758252770E-14 ) ) ;
#146 = ADVANCED_FACE ( 'NONE', ( #5431 ), #4626, .T. ) ;
#147 = ADVANCED_FACE ( 'NONE', ( #4126 ), #4166, .T. ) ;
#148 = FILL_AREA_STYLE ('',( #6263 ) ) ;
#149 = EDGE_LOOP ( 'NONE', ( #2467, #7567, #827, #3650, #7709, #5210, #355, #1356, #5768 ) ) ;
#150 = DIRECTION ( 'NONE',  ( 0.000000000000000000, 0.000000000000000000, 1.000000000000000000 ) ) ;
#151 = ORIENTED_EDGE ( 'NONE', *, *, #6871, .F. ) ;
#152 = VERTEX_POINT ( 'NONE', #171 ) ;
#154 = COLOUR_RGB ( '',1.000000000000000000, 0.8117647058823529438, 0.5019607843137254832 ) ;
#153 = DIRECTION ( 'NONE',  ( 0.000000000000000000, -0.000000000000000000, 1.000000000000000000 ) ) ;
#155 = EDGE_CURVE ( 'NONE', #3614, #603, #58, .T. ) ;
#156 = SURFACE_SIDE_STYLE ('',( #4514 ) ) ;
#157 = CARTESIAN_POINT ( 'NONE',  ( 1.475000000000000311, 2.065549442140357073, 0.9000000000000005773 ) ) ;
#158 = ORIENTED_EDGE ( 'NONE', *, *, #2448, .T. ) ;
#159 = UNCERTAINTY_MEASURE_WITH_UNIT (LENGTH_MEASURE( 1.000000000000000082E-05 ), #6843, 'distance_accuracy_value', 'NONE');
#160 = FILL_AREA_STYLE ('',( #3941 ) ) ;
#161 = DIRECTION ( 'NONE',  ( 0.000000000000000000, -1.000000000000000000, -0.000000000000000000 ) ) ;
#162 =( NAMED_UNIT ( * ) SI_UNIT ( $, .STERADIAN. ) SOLID_ANGLE_UNIT ( ) );
#163 = EDGE_CURVE ( 'NONE', #615, #7541, #4357, .T. ) ;
#164 = COLOUR_RGB ( '',1.000000000000000000, 0.8117647058823529438, 0.5019607843137254832 ) ;
#165 = UNCERTAINTY_MEASURE_WITH_UNIT (LENGTH_MEASURE( 1.000000000000000082E-05 ), #236, 'distance_accuracy_value', 'NONE');
#166 = DIRECTION ( 'NONE',  ( 0.000000000000000000, 0.000000000000000000, 1.000000000000000000 ) ) ;
#167 = ORIENTED_EDGE ( 'NONE', *, *, #5524, .T. ) ;
#168 = VECTOR ( 'NONE', #5408, 1000.000000000000000 ) ;
#169 = CARTESIAN_POINT ( 'NONE',  ( -1.475000000000000089, 0.4500000000000000111, -1.326794919243112769 ) ) ;
#170 = ORIENTED_EDGE ( 'NONE', *, *, #3897, .T. ) ;
#171 = CARTESIAN_POINT ( 'NONE',  ( -1.475000000000000089, 0.4500000000000001221, -1.326794919243113213 ) ) ;
#172 = DIRECTION ( 'NONE',  ( 0.000000000000000000, -1.000000000000000000, 0.000000000000000000 ) ) ;
#173 = CIRCLE ( 'NONE', #4724, 0.1750000000000295208 ) ;
#174 = AXIS2_PLACEMENT_3D ( 'NONE', #6863, #6946, #3180 ) ;
#175 = CARTESIAN_POINT ( 'NONE',  ( 0.000000000000000000, 2.065549442140357073, -1.475000000000000533 ) ) ;
#176 = CARTESIAN_POINT ( 'NONE',  ( 1.475000000000000311, 0.4500000000000001221, -0.3000000000000007105 ) ) ;
#177 = DIRECTION ( 'NONE',  ( 3.614007241618441955E-16, 0.000000000000000000, 1.000000000000000000 ) ) ;
#178 = AXIS2_PLACEMENT_3D ( 'NONE', #6078, #1139, #496 ) ;
#179 = ORIENTED_EDGE ( 'NONE', *, *, #4414, .T. ) ;
#180 = FILL_AREA_STYLE ('',( #7662 ) ) ;
#181 = ORIENTED_EDGE ( 'NONE', *, *, #3692, .F. ) ;
#182 = VERTEX_POINT ( 'NONE', #6329 ) ;
#183 = PLANE ( 'NONE',  #6806 ) ;
#184 = LINE ( 'NONE', #5110, #1148 ) ;
#185 = UNCERTAINTY_MEASURE_WITH_UNIT (LENGTH_MEASURE( 1.000000000000000082E-05 ), #6800, 'distance_accuracy_value', 'NONE');
#186 = FILL_AREA_STYLE ('',( #7026 ) ) ;
#187 = ORIENTED_EDGE ( 'NONE', *, *, #4570, .T. ) ;
#188 = VECTOR ( 'NONE', #1046, 1000.000000000000000 ) ;
#189 = SURFACE_STYLE_USAGE ( .BOTH. , #5651 ) ;
#190 = MECHANICAL_DESIGN_GEOMETRIC_PRESENTATION_REPRESENTATION (  '', ( #1873 ), #7450 ) ;
#191 = SURFACE_STYLE_FILL_AREA ( #2076 ) ;
#192 = ADVANCED_FACE ( 'NONE', ( #3286 ), #15, .F. ) ;
#193 = EDGE_CURVE ( 'NONE', #4949, #844, #5061, .T. ) ;
#194 = EDGE_LOOP ( 'NONE', ( #1326, #6072, #7148, #5281 ) ) ;
#195 = FACE_OUTER_BOUND ( 'NONE', #953, .T. ) ;
#196 = ORIENTED_EDGE ( 'NONE', *, *, #7391, .T. ) ;
#197 = LINE ( 'NONE', #2691, #7593 ) ;
#198 = DIRECTION ( 'NONE',  ( -0.000000000000000000, -1.000000000000000000, -0.000000000000000000 ) ) ;
#199 = FILL_AREA_STYLE ('',( #2120 ) ) ;
#200 = CIRCLE ( 'NONE', #1035, 0.1000000000000000472 ) ;
#201 = DIRECTION ( 'NONE',  ( 0.000000000000000000, -1.000000000000000000, 0.000000000000000000 ) ) ;
#202 = CLOSED_SHELL ( 'NONE', ( #3321, #4969, #6859, #7832, #3039, #6547, #1291, #5831, #5321, #6165, #7503, #1180, #4584, #6275, #2058, #608, #1395, #6471, #6001, #4470, #5926, #3209 ) ) ;
#203 = MECHANICAL_DESIGN_GEOMETRIC_PRESENTATION_REPRESENTATION (  '', ( #6818 ), #3706 ) ;
#204 = EDGE_CURVE ( 'NONE', #4723, #2197, #5529, .T. ) ;
#205 = SURFACE_STYLE_USAGE ( .BOTH. , #6440 ) ;
#206 = FILL_AREA_STYLE ('',( #246 ) ) ;
#207 = LINE ( 'NONE', #4595, #367 ) ;
#208 = LINE ( 'NONE', #2698, #3251 ) ;
#209 = SURFACE_STYLE_FILL_AREA ( #1506 ) ;
#210 = CIRCLE ( 'NONE', #1116, 0.2000000000000000944 ) ;
#211 = DIRECTION ( 'NONE',  ( 1.000000000000000000, 0.000000000000000000, -0.000000000000000000 ) ) ;
#212 = ORIENTED_EDGE ( 'NONE', *, *, #6525, .F. ) ;
#213 = VECTOR ( 'NONE', #6539, 1000.000000000000000 ) ;
#214 = CARTESIAN_POINT ( 'NONE',  ( -1.200000000000000178, 1.100000000000000089, -1.349999999999998312 ) ) ;
#215 = CARTESIAN_POINT ( 'NONE',  ( 1.399999999999999689, 0.9414213562373088262, -1.317157287525378973 ) ) ;
#216 = EDGE_CURVE ( 'NONE', #3042, #1262, #3123, .T. ) ;
#217 = DIRECTION ( 'NONE',  ( 0.000000000000000000, 0.000000000000000000, 1.000000000000000000 ) ) ;
#218 = VECTOR ( 'NONE', #3552, 1000.000000000000000 ) ;
#219 = VERTEX_POINT ( 'NONE', #5100 ) ;
#220 = PRESENTATION_STYLE_ASSIGNMENT (( #5806 ) ) ;
#221 = DIRECTION ( 'NONE',  ( -0.000000000000000000, 1.000000000000000000, 0.000000000000000000 ) ) ;
#222 = FILL_AREA_STYLE ('',( #2791 ) ) ;
#223 =( NAMED_UNIT ( * ) PLANE_ANGLE_UNIT ( ) SI_UNIT ( $, .RADIAN. ) );
#224 = FACE_OUTER_BOUND ( 'NONE', #4258, .T. ) ;
#225 = LINE ( 'NONE', #5858, #213 ) ;
#226 = EDGE_LOOP ( 'NONE', ( #4646, #1472, #6627, #6516 ) ) ;
#227 = VERTEX_POINT ( 'NONE', #7558 ) ;
#228 = LINE ( 'NONE', #2639, #2669 ) ;
#229 = DIRECTION ( 'NONE',  ( 0.000000000000000000, -0.000000000000000000, 1.000000000000000000 ) ) ;
#230 = DIRECTION ( 'NONE',  ( 0.000000000000000000, 0.000000000000000000, -1.000000000000000000 ) ) ;
#231 = VERTEX_POINT ( 'NONE', #2510 ) ;
#232 = CARTESIAN_POINT ( 'NONE',  ( 1.399999999999999689, 0.9000000000000002442, -1.399999999999999689 ) ) ;
#233 = MECHANICAL_DESIGN_GEOMETRIC_PRESENTATION_REPRESENTATION (  '', ( #5179 ), #3372 ) ;
#234 = FACE_OUTER_BOUND ( 'NONE', #5741, .T. ) ;
#235 = EDGE_LOOP ( 'NONE', ( #3731, #4156, #24, #4215, #1819, #1854, #2829, #6055, #688 ) ) ;
#236 =( LENGTH_UNIT ( ) NAMED_UNIT ( * ) SI_UNIT ( .MILLI., .METRE. ) );
#237 = CIRCLE ( 'NONE', #7237, 0.1750000000000000167 ) ;
#238 = COLOUR_RGB ( '',0.2509803921568627416, 0.2509803921568627416, 0.2509803921568627416 ) ;
#239 = CARTESIAN_POINT ( 'NONE',  ( -0.7499999999999991118, 2.065549442140357073, 1.474999999999999645 ) ) ;
#240 = CARTESIAN_POINT ( 'NONE',  ( -1.399999999999999689, 0.9414213562373093813, -1.317157287525378750 ) ) ;
#241 = CIRCLE ( 'NONE', #3744, 0.1750000000000000167 ) ;
#242 = EDGE_CURVE ( 'NONE', #2159, #1296, #4488, .T. ) ;
#243 =( NAMED_UNIT ( * ) SI_UNIT ( $, .STERADIAN. ) SOLID_ANGLE_UNIT ( ) );
#244 = MECHANICAL_DESIGN_GEOMETRIC_PRESENTATION_REPRESENTATION (  '', ( #901 ), #5848 ) ;
#245 = MECHANICAL_DESIGN_GEOMETRIC_PRESENTATION_REPRESENTATION (  '', ( #2855 ), #4923 ) ;
#246 = FILL_AREA_STYLE_COLOUR ( '', #6379 ) ;
#247 = CARTESIAN_POINT ( 'NONE',  ( 1.499999999999999778, 2.065549442140357073, -1.500000000000000444 ) ) ;
#248 = EDGE_CURVE ( 'NONE', #4046, #4229, #1839, .T. ) ;
#249 = VECTOR ( 'NONE', #6487, 1000.000000000000000 ) ;
#250 = COLOUR_RGB ( '',1.000000000000000000, 0.8117647058823529438, 0.5019607843137254832 ) ;
#251 = EDGE_CURVE ( 'NONE', #7032, #1238, #7087, .T. ) ;
#252 = DIRECTION ( 'NONE',  ( 0.000000000000000000, -0.000000000000000000, 1.000000000000000000 ) ) ;
#253 = VERTEX_POINT ( 'NONE', #990 ) ;
#254 = DIRECTION ( 'NONE',  ( -1.000000000000000000, -0.000000000000000000, -0.000000000000000000 ) ) ;
#255 = CARTESIAN_POINT ( 'NONE',  ( -1.500000000000000222, 0.4499999999999999556, 0.000000000000000000 ) ) ;
#256 = VECTOR ( 'NONE', #2405, 1000.000000000000000 ) ;
#257 = UNCERTAINTY_MEASURE_WITH_UNIT (LENGTH_MEASURE( 1.000000000000000082E-05 ), #3937, 'distance_accuracy_value', 'NONE');
#258 = CARTESIAN_POINT ( 'NONE',  ( 1.475000000000000311, 0.4500000000000000666, 0.000000000000000000 ) ) ;
#259 = CIRCLE ( 'NONE', #3127, 0.2000000000000000944 ) ;
#260 = ORIENTED_EDGE ( 'NONE', *, *, #7162, .T. ) ;
#261 = CARTESIAN_POINT ( 'NONE',  ( 0.000000000000000000, 0.4500000000000000666, -0.3000000000000007105 ) ) ;
#262 = DIRECTION ( 'NONE',  ( 0.000000000000000000, 0.000000000000000000, -1.000000000000000000 ) ) ;
#263 = DIRECTION ( 'NONE',  ( 0.000000000000000000, -1.000000000000000000, 0.000000000000000000 ) ) ;
#264 = EDGE_CURVE ( 'NONE', #3768, #5158, #6183, .T. ) ;
#265 = VECTOR ( 'NONE', #4922, 1000.000000000000000 ) ;
#266 = SURFACE_STYLE_USAGE ( .BOTH. , #5194 ) ;
#267 = CARTESIAN_POINT ( 'NONE',  ( -1.475000000000000089, 2.065549442140357073, 0.000000000000000000 ) ) ;
#268 = UNCERTAINTY_MEASURE_WITH_UNIT (LENGTH_MEASURE( 1.000000000000000082E-05 ), #1888, 'distance_accuracy_value', 'NONE');
#269 = LINE ( 'NONE', #7019, #3856 ) ;
#270 = CARTESIAN_POINT ( 'NONE',  ( -1.200000000000000178, 1.000000000000000000, -1.399999999999998135 ) ) ;
#271 = ORIENTED_EDGE ( 'NONE', *, *, #1645, .F. ) ;
#272 = CARTESIAN_POINT ( 'NONE',  ( -0.7499999999999988898, 2.065549442140357073, -1.355252715606879063E-16 ) ) ;
#273 = LINE ( 'NONE', #3416, #1498 ) ;
#274 = DIRECTION ( 'NONE',  ( 1.000000000000000000, -0.000000000000000000, 0.000000000000000000 ) ) ;
#275 = FILL_AREA_STYLE_COLOUR ( '', #7501 ) ;
#276 = DIRECTION ( 'NONE',  ( 0.000000000000000000, -1.000000000000000000, 0.000000000000000000 ) ) ;
#277 = EDGE_CURVE ( 'NONE', #6699, #7256, #2054, .T. ) ;
#278 = ORIENTED_EDGE ( 'NONE', *, *, #7757, .F. ) ;
#279 =( NAMED_UNIT ( * ) PLANE_ANGLE_UNIT ( ) SI_UNIT ( $, .RADIAN. ) );
#280 = VERTEX_POINT ( 'NONE', #1436 ) ;
#281 = UNCERTAINTY_MEASURE_WITH_UNIT (LENGTH_MEASURE( 1.000000000000000082E-05 ), #4287, 'distance_accuracy_value', 'NONE');
#282 = ORIENTED_EDGE ( 'NONE', *, *, #750, .F. ) ;
#283 =( LENGTH_UNIT ( ) NAMED_UNIT ( * ) SI_UNIT ( .MILLI., .METRE. ) );
#284 = CARTESIAN_POINT ( 'NONE',  ( -1.499999999999999556, 0.8500000000000000888, 0.000000000000000000 ) ) ;
#285 = CARTESIAN_POINT ( 'NONE',  ( -1.400000000000000133, 0.8500000000000000888, 1.400000000000000133 ) ) ;
#286 = DIRECTION ( 'NONE',  ( 0.000000000000000000, -1.000000000000000000, 0.000000000000000000 ) ) ;
#287 = CARTESIAN_POINT ( 'NONE',  ( 1.399999999999999467, 1.000000000000000000, 1.199999999999997513 ) ) ;
#288 = CARTESIAN_POINT ( 'NONE',  ( 1.499999999999999778, 2.065549442140357073, 1.349999999999970113 ) ) ;
#289 = CARTESIAN_POINT ( 'NONE',  ( 1.399999999999999689, 0.4500000000000000666, 1.500000000000000222 ) ) ;
#290 =( NAMED_UNIT ( * ) SI_UNIT ( $, .STERADIAN. ) SOLID_ANGLE_UNIT ( ) );
#291 = FACE_OUTER_BOUND ( 'NONE', #7622, .T. ) ;
#292 = SURFACE_SIDE_STYLE ('',( #1585 ) ) ;
#293 = PRESENTATION_LAYER_ASSIGNMENT (  '', '', ( #5235 ) ) ;
#294 = VERTEX_POINT ( 'NONE', #2749 ) ;
#295 = DIRECTION ( 'NONE',  ( 0.000000000000000000, 0.000000000000000000, 1.000000000000000000 ) ) ;
#296 = CARTESIAN_POINT ( 'NONE',  ( -1.399999999999999689, 6.159797974644664720, 1.199999999999997735 ) ) ;
#297 = LINE ( 'NONE', #1512, #3076 ) ;
#298 = EDGE_CURVE ( 'NONE', #1066, #850, #598, .T. ) ;
#299 = VERTEX_POINT ( 'NONE', #5972 ) ;
#300 = CIRCLE ( 'NONE', #1470, 0.04999999999999991257 ) ;
#301 = SURFACE_STYLE_FILL_AREA ( #6455 ) ;
#302 = DIRECTION ( 'NONE',  ( -0.000000000000000000, 1.000000000000000000, 0.000000000000000000 ) ) ;
#303 = FILL_AREA_STYLE ('',( #5229 ) ) ;
#304 =( LENGTH_UNIT ( ) NAMED_UNIT ( * ) SI_UNIT ( .MILLI., .METRE. ) );
#305 = VECTOR ( 'NONE', #869, 1000.000000000000000 ) ;
#306 = PLANE ( 'NONE',  #2891 ) ;
#307 = CARTESIAN_POINT ( 'NONE',  ( -1.325000000000000178, 0.000000000000000000, 1.500000000000000222 ) ) ;
#308 = LINE ( 'NONE', #7053, #4497 ) ;
#309 = EDGE_CURVE ( 'NONE', #579, #5310, #3203, .T. ) ;
#310 = EDGE_LOOP ( 'NONE', ( #260, #5612, #7317, #726, #6852, #6950, #3086, #8026, #4170, #3408 ) ) ;
#311 = SURFACE_STYLE_FILL_AREA ( #4080 ) ;
#312 = DIRECTION ( 'NONE',  ( -0.000000000000000000, -1.000000000000000000, -0.000000000000000000 ) ) ;
#313 = PRESENTATION_STYLE_ASSIGNMENT (( #7248 ) ) ;
#315 = VECTOR ( 'NONE', #115, 1000.000000000000000 ) ;
#314 = DIRECTION ( 'NONE',  ( 1.807003620809174632E-16, 0.000000000000000000, -1.000000000000000000 ) ) ;
#316 =( LENGTH_UNIT ( ) NAMED_UNIT ( * ) SI_UNIT ( .MILLI., .METRE. ) );
#317 = ORIENTED_EDGE ( 'NONE', *, *, #3498, .F. ) ;
#318 = CARTESIAN_POINT ( 'NONE',  ( 1.475000000000000311, 0.4499999999999999001, 1.326794919243081905 ) ) ;
#319 = STYLED_ITEM ( 'NONE', ( #6883 ), #4111 ) ;
#320 = PLANE ( 'NONE',  #3442 ) ;
#321 = AXIS2_PLACEMENT_3D ( 'NONE', #5643, #6849, #7564 ) ;
#322 = EDGE_CURVE ( 'NONE', #6753, #5332, #6500, .T. ) ;
#323 = VECTOR ( 'NONE', #5875, 1000.000000000000000 ) ;
#324 = ORIENTED_EDGE ( 'NONE', *, *, #4730, .F. ) ;
#325 = DIRECTION ( 'NONE',  ( 0.000000000000000000, -0.000000000000000000, 1.000000000000000000 ) ) ;
#326 = ORIENTED_EDGE ( 'NONE', *, *, #6902, .T. ) ;
#327 = CARTESIAN_POINT ( 'NONE',  ( -1.475000000000000089, 2.065549442140357073, 0.000000000000000000 ) ) ;
#328 = FILL_AREA_STYLE ('',( #969 ) ) ;
#329 = CIRCLE ( 'NONE', #2797, 0.04999999999999991257 ) ;
#330 = CIRCLE ( 'NONE', #7197, 0.1750000000000299372 ) ;
#331 = SURFACE_SIDE_STYLE ('',( #7715 ) ) ;
#332 = CIRCLE ( 'NONE', #1488, 0.1499999999999999667 ) ;
#333 = CARTESIAN_POINT ( 'NONE',  ( -1.500000000000000222, 2.065549442140357073, 1.499999999999999556 ) ) ;
#334 = DIRECTION ( 'NONE',  ( -0.000000000000000000, 1.000000000000000000, 0.000000000000000000 ) ) ;
#335 = DIRECTION ( 'NONE',  ( 0.000000000000000000, 0.000000000000000000, -1.000000000000000000 ) ) ;
#336 = PRESENTATION_LAYER_ASSIGNMENT (  '', '', ( #7459 ) ) ;
#337 =( NAMED_UNIT ( * ) PLANE_ANGLE_UNIT ( ) SI_UNIT ( $, .RADIAN. ) );
#338 = FACE_OUTER_BOUND ( 'NONE', #1306, .T. ) ;
#339 =( GEOMETRIC_REPRESENTATION_CONTEXT ( 3 ) GLOBAL_UNCERTAINTY_ASSIGNED_CONTEXT ( ( #766 ) ) GLOBAL_UNIT_ASSIGNED_CONTEXT ( ( #3019, #1744, #2752 ) ) REPRESENTATION_CONTEXT ( 'NONE', 'WORKASPACE' ) );
#340 = AXIS2_PLACEMENT_3D ( 'NONE', #4242, #504, #3672 ) ;
#341 = DIRECTION ( 'NONE',  ( 1.000000000000000000, 0.000000000000000000, 0.000000000000000000 ) ) ;
#342 = VERTEX_POINT ( 'NONE', #5268 ) ;
#343 = AXIS2_PLACEMENT_3D ( 'NONE', #3229, #6996, #2082 ) ;
#344 = MECHANICAL_DESIGN_GEOMETRIC_PRESENTATION_REPRESENTATION (  '', ( #4731 ), #7855 ) ;
#345 = CYLINDRICAL_SURFACE ( 'NONE', #1187, 0.04999999999999991257 ) ;
#346 = COLOUR_RGB ( '',0.7529411764705882248, 0.7529411764705882248, 0.7529411764705882248 ) ;
#347 = CARTESIAN_POINT ( 'NONE',  ( -1.475000000000000089, 2.065549442140357073, 0.1732050807568882300 ) ) ;
#348 = ORIENTED_EDGE ( 'NONE', *, *, #3643, .T. ) ;
#349 = AXIS2_PLACEMENT_3D ( 'NONE', #3601, #7897, #3031 ) ;
#350 = CARTESIAN_POINT ( 'NONE',  ( 1.499999999999999778, 0.000000000000000000, 0.1750000000000000444 ) ) ;
#351 = EDGE_CURVE ( 'NONE', #4449, #6622, #7322, .T. ) ;
#352 = PRESENTATION_STYLE_ASSIGNMENT (( #5315 ) ) ;
#353 = LINE ( 'NONE', #7137, #4701 ) ;
#354 = SURFACE_STYLE_FILL_AREA ( #3766 ) ;
#355 = ORIENTED_EDGE ( 'NONE', *, *, #3420, .T. ) ;
#356 =( NAMED_UNIT ( * ) SI_UNIT ( $, .STERADIAN. ) SOLID_ANGLE_UNIT ( ) );
#357 = ORIENTED_EDGE ( 'NONE', *, *, #4178, .F. ) ;
#358 = DIRECTION ( 'NONE',  ( -0.000000000000000000, 0.000000000000000000, -1.000000000000000000 ) ) ;
#359 = FACE_OUTER_BOUND ( 'NONE', #7469, .T. ) ;
#360 = VERTEX_POINT ( 'NONE', #2135 ) ;
#361 = EDGE_CURVE ( 'NONE', #3761, #6280, #3915, .T. ) ;
#362 = DIRECTION ( 'NONE',  ( 0.000000000000000000, 0.000000000000000000, -1.000000000000000000 ) ) ;
#363 = PLANE ( 'NONE',  #2393 ) ;
#364 = VECTOR ( 'NONE', #6579, 1000.000000000000000 ) ;
#365 = VERTEX_POINT ( 'NONE', #4608 ) ;
#366 = SURFACE_STYLE_FILL_AREA ( #2887 ) ;
#367 = VECTOR ( 'NONE', #5835, 1000.000000000000000 ) ;
#368 = ORIENTED_EDGE ( 'NONE', *, *, #7051, .F. ) ;
#369 =( NAMED_UNIT ( * ) SI_UNIT ( $, .STERADIAN. ) SOLID_ANGLE_UNIT ( ) );
#370 = DIRECTION ( 'NONE',  ( -5.421010862427523156E-16, 0.000000000000000000, -1.000000000000000000 ) ) ;
#371 =( NAMED_UNIT ( * ) PLANE_ANGLE_UNIT ( ) SI_UNIT ( $, .RADIAN. ) );
#372 = STYLED_ITEM ( 'NONE', ( #1245 ), #6275 ) ;
#373 = EDGE_CURVE ( 'NONE', #90, #1555, #1752, .T. ) ;
#374 =( GEOMETRIC_REPRESENTATION_CONTEXT ( 3 ) GLOBAL_UNCERTAINTY_ASSIGNED_CONTEXT ( ( #3619 ) ) GLOBAL_UNIT_ASSIGNED_CONTEXT ( ( #5400, #7874, #6595 ) ) REPRESENTATION_CONTEXT ( 'NONE', 'WORKASPACE' ) );
#375 = CARTESIAN_POINT ( 'NONE',  ( 1.317157287525380749, 0.9414213562373100475, 1.399999999999997691 ) ) ;
#376 = SURFACE_STYLE_USAGE ( .BOTH. , #1547 ) ;
#377 = SURFACE_STYLE_FILL_AREA ( #2896 ) ;
#378 = AXIS2_PLACEMENT_3D ( 'NONE', #3461, #7147, #845 ) ;
#379 = PLANE ( 'NONE',  #5325 ) ;
#380 = PRESENTATION_LAYER_ASSIGNMENT (  '', '', ( #6218 ) ) ;
#381 = CARTESIAN_POINT ( 'NONE',  ( -1.400000000000000133, 0.9000000000000002442, 1.400000000000000133 ) ) ;
#382 = SURFACE_STYLE_FILL_AREA ( #982 ) ;
#383 = ORIENTED_EDGE ( 'NONE', *, *, #7285, .F. ) ;
#384 = SURFACE_STYLE_FILL_AREA ( #5970 ) ;
#385 = MECHANICAL_DESIGN_GEOMETRIC_PRESENTATION_REPRESENTATION (  '', ( #3879 ), #119 ) ;
#386 = AXIS2_PLACEMENT_3D ( 'NONE', #2110, #276, #7177 ) ;
#387 = LINE ( 'NONE', #7164, #3460 ) ;
#388 = DIRECTION ( 'NONE',  ( 0.000000000000000000, 0.000000000000000000, -1.000000000000000000 ) ) ;
#389 = VECTOR ( 'NONE', #2890, 1000.000000000000000 ) ;
#390 = COLOUR_RGB ( '',1.000000000000000000, 0.8117647058823529438, 0.5019607843137254832 ) ;
#391 =( NAMED_UNIT ( * ) PLANE_ANGLE_UNIT ( ) SI_UNIT ( $, .RADIAN. ) );
#392 = UNCERTAINTY_MEASURE_WITH_UNIT (LENGTH_MEASURE( 1.000000000000000082E-05 ), #7493, 'distance_accuracy_value', 'NONE');
#393 = CARTESIAN_POINT ( 'NONE',  ( 1.499999999999999778, 0.4500000000000000666, -1.399999999999999689 ) ) ;
#394 = ORIENTED_EDGE ( 'NONE', *, *, #2094, .T. ) ;
#395 =( LENGTH_UNIT ( ) NAMED_UNIT ( * ) SI_UNIT ( .MILLI., .METRE. ) );
#396 = EDGE_CURVE ( 'NONE', #3334, #5108, #913, .T. ) ;
#397 = ORIENTED_EDGE ( 'NONE', *, *, #322, .F. ) ;
#398 = PRESENTATION_LAYER_ASSIGNMENT (  '', '', ( #7909 ) ) ;
#399 =( NAMED_UNIT ( * ) SI_UNIT ( $, .STERADIAN. ) SOLID_ANGLE_UNIT ( ) );
#400 = DIRECTION ( 'NONE',  ( 0.000000000000000000, 1.000000000000000000, 0.000000000000000000 ) ) ;
#401 = VERTEX_POINT ( 'NONE', #833 ) ;
#402 = FACE_OUTER_BOUND ( 'NONE', #235, .T. ) ;
#403 = ORIENTED_EDGE ( 'NONE', *, *, #2034, .T. ) ;
#404 = CARTESIAN_POINT ( 'NONE',  ( -1.474999999999999867, 0.000000000000000000, -0.9000000000000005773 ) ) ;
#405 = EDGE_CURVE ( 'NONE', #2073, #6947, #2787, .T. ) ;
#406 = ORIENTED_EDGE ( 'NONE', *, *, #6166, .F. ) ;
#407 = EDGE_CURVE ( 'NONE', #2273, #868, #387, .T. ) ;
#408 = PLANE ( 'NONE',  #7086 ) ;
#409 = LINE ( 'NONE', #6030, #5563 ) ;
#410 = SURFACE_SIDE_STYLE ('',( #3512 ) ) ;
#411 = FILL_AREA_STYLE_COLOUR ( '', #1 ) ;
#412 = EDGE_CURVE ( 'NONE', #3932, #604, #4654, .T. ) ;
#413 =( LENGTH_UNIT ( ) NAMED_UNIT ( * ) SI_UNIT ( .MILLI., .METRE. ) );
#414 = DIRECTION ( 'NONE',  ( 0.000000000000000000, 0.000000000000000000, 1.000000000000000000 ) ) ;
#415 = DIRECTION ( 'NONE',  ( 0.000000000000000000, 0.000000000000000000, -1.000000000000000000 ) ) ;
#416 = CARTESIAN_POINT ( 'NONE',  ( 1.499999999999999778, 0.4500000000000000666, -1.324999999999969980 ) ) ;
#417 = ORIENTED_EDGE ( 'NONE', *, *, #3465, .F. ) ;
#418 =( NAMED_UNIT ( * ) SI_UNIT ( $, .STERADIAN. ) SOLID_ANGLE_UNIT ( ) );
#419 = CARTESIAN_POINT ( 'NONE',  ( -1.318573510323811778E-16, 0.4500000000000000666, -1.350000000000015410 ) ) ;
#420 = ADVANCED_FACE ( 'NONE', ( #1560 ), #4039, .F. ) ;
#421 = FACE_OUTER_BOUND ( 'NONE', #1799, .T. ) ;
#422 = SURFACE_STYLE_USAGE ( .BOTH. , #4117 ) ;
#423 = AXIS2_PLACEMENT_3D ( 'NONE', #93, #4974, #6970 ) ;
#424 = PRESENTATION_STYLE_ASSIGNMENT (( #1674 ) ) ;
#425 = CIRCLE ( 'NONE', #2516, 0.1000000000000000472 ) ;
#426 = SURFACE_STYLE_FILL_AREA ( #2263 ) ;
#427 = DIRECTION ( 'NONE',  ( 0.000000000000000000, 0.000000000000000000, 1.000000000000000000 ) ) ;
#428 = VERTEX_POINT ( 'NONE', #5424 ) ;
#429 = SURFACE_STYLE_USAGE ( .BOTH. , #3678 ) ;
#430 = CARTESIAN_POINT ( 'NONE',  ( 1.475000000000002753, 0.4500000000000001221, 0.1732050807568878414 ) ) ;
#431 = CARTESIAN_POINT ( 'NONE',  ( 0.000000000000000000, 0.4500000000000000666, 0.2999999999999999334 ) ) ;
#432 = AXIS2_PLACEMENT_3D ( 'NONE', #1519, #949, #5232 ) ;
#433 = DIRECTION ( 'NONE',  ( -0.000000000000000000, 1.000000000000000000, 0.000000000000000000 ) ) ;
#434 = ORIENTED_EDGE ( 'NONE', *, *, #3265, .F. ) ;
#435 = ORIENTED_EDGE ( 'NONE', *, *, #7400, .F. ) ;
#436 = VECTOR ( 'NONE', #771, 1000.000000000000000 ) ;
#437 = DIRECTION ( 'NONE',  ( -0.000000000000000000, 1.000000000000000000, -0.000000000000000000 ) ) ;
#438 = ORIENTED_EDGE ( 'NONE', *, *, #5888, .F. ) ;
#439 = DIRECTION ( 'NONE',  ( -0.000000000000000000, 1.000000000000000000, 0.000000000000000000 ) ) ;
#440 = CARTESIAN_POINT ( 'NONE',  ( -1.400000000000000133, 0.9000000000000002442, 1.400000000000000133 ) ) ;
#441 = VECTOR ( 'NONE', #6489, 1000.000000000000000 ) ;
#442 = SURFACE_STYLE_USAGE ( .BOTH. , #6031 ) ;
#443 = VECTOR ( 'NONE', #7289, 1000.000000000000000 ) ;
#444 = ADVANCED_FACE ( 'NONE', ( #7310 ), #1670, .T. ) ;
#445 = LINE ( 'NONE', #5096, #4590 ) ;
#446 = CYLINDRICAL_SURFACE ( 'NONE', #5024, 0.1750000000000000167 ) ;
#447 = DIRECTION ( 'NONE',  ( 0.000000000000000000, -0.000000000000000000, 1.000000000000000000 ) ) ;
#448 = MECHANICAL_DESIGN_GEOMETRIC_PRESENTATION_REPRESENTATION (  '', ( #3448 ), #2538 ) ;
#449 = DIRECTION ( 'NONE',  ( 0.000000000000000000, 0.000000000000000000, 1.000000000000000000 ) ) ;
#450 = CARTESIAN_POINT ( 'NONE',  ( -1.400000000000000133, 0.8500000000000000888, 1.499999999999999112 ) ) ;
#451 = SURFACE_SIDE_STYLE ('',( #3587 ) ) ;
#452 = ORIENTED_EDGE ( 'NONE', *, *, #5899, .T. ) ;
#453 = ADVANCED_FACE ( 'NONE', ( #421 ), #1753, .T. ) ;
#454 = STYLED_ITEM ( 'NONE', ( #682 ), #2614 ) ;
#455 = SURFACE_SIDE_STYLE ('',( #1708 ) ) ;
#456 =( NAMED_UNIT ( * ) SI_UNIT ( $, .STERADIAN. ) SOLID_ANGLE_UNIT ( ) );
#457 = SURFACE_SIDE_STYLE ('',( #7929 ) ) ;
#458 = CARTESIAN_POINT ( 'NONE',  ( 1.199999999999999734, 6.159797974644664720, -1.399999999999998357 ) ) ;
#459 = COLOUR_RGB ( '',1.000000000000000000, 0.8117647058823529438, 0.5019607843137254832 ) ;
#460 = ADVANCED_FACE ( 'NONE', ( #7891 ), #7276, .F. ) ;
#461 = STYLED_ITEM ( 'NONE', ( #3831 ), #7512 ) ;
#462 = SURFACE_SIDE_STYLE ('',( #2994 ) ) ;
#463 = AXIS2_PLACEMENT_3D ( 'NONE', #6206, #1394, #1308 ) ;
#464 = FILL_AREA_STYLE ('',( #2995 ) ) ;
#465 = UNCERTAINTY_MEASURE_WITH_UNIT (LENGTH_MEASURE( 1.000000000000000082E-05 ), #2981, 'distance_accuracy_value', 'NONE');
#466 = DIRECTION ( 'NONE',  ( 0.000000000000000000, -0.000000000000000000, 1.000000000000000000 ) ) ;
#467 = ORIENTED_EDGE ( 'NONE', *, *, #5841, .F. ) ;
#468 =( GEOMETRIC_REPRESENTATION_CONTEXT ( 3 ) GLOBAL_UNCERTAINTY_ASSIGNED_CONTEXT ( ( #6390 ) ) GLOBAL_UNIT_ASSIGNED_CONTEXT ( ( #2454, #3738, #39 ) ) REPRESENTATION_CONTEXT ( 'NONE', 'WORKASPACE' ) );
#469 = CARTESIAN_POINT ( 'NONE',  ( 0.000000000000000000, 0.4499999999999999001, 1.500000000000000222 ) ) ;
#470 = DIRECTION ( 'NONE',  ( 1.156482317317871133E-15, -0.000000000000000000, 1.000000000000000000 ) ) ;
#471 = APPLICATION_CONTEXT ( 'automotive_design' ) ;
#472 = SURFACE_STYLE_USAGE ( .BOTH. , #5362 ) ;
#473 = CIRCLE ( 'NONE', #1508, 0.1999999999999998723 ) ;
#474 = ORIENTED_EDGE ( 'NONE', *, *, #7802, .T. ) ;
#475 =( NAMED_UNIT ( * ) PLANE_ANGLE_UNIT ( ) SI_UNIT ( $, .RADIAN. ) );
#476 = PLANE ( 'NONE',  #4208 ) ;
#477 = AXIS2_PLACEMENT_3D ( 'NONE', #5277, #7140, #952 ) ;
#478 = ORIENTED_EDGE ( 'NONE', *, *, #3883, .F. ) ;
#479 = SURFACE_SIDE_STYLE ('',( #1195 ) ) ;
#480 = ORIENTED_EDGE ( 'NONE', *, *, #2866, .F. ) ;
#481 = ORIENTED_EDGE ( 'NONE', *, *, #7810, .F. ) ;
#482 =( LENGTH_UNIT ( ) NAMED_UNIT ( * ) SI_UNIT ( .MILLI., .METRE. ) );
#483 = SURFACE_STYLE_FILL_AREA ( #2444 ) ;
#484 = CARTESIAN_POINT ( 'NONE',  ( -1.500000000000000222, 0.4499999999999999001, 1.500000000000000222 ) ) ;
#485 = STYLED_ITEM ( 'NONE', ( #998 ), #3483 ) ;
#486 = SURFACE_STYLE_USAGE ( .BOTH. , #3094 ) ;
#487 = SURFACE_STYLE_FILL_AREA ( #3694 ) ;
#488 = PRESENTATION_STYLE_ASSIGNMENT (( #7345 ) ) ;
#489 =( NAMED_UNIT ( * ) PLANE_ANGLE_UNIT ( ) SI_UNIT ( $, .RADIAN. ) );
#490 = VERTEX_POINT ( 'NONE', #4358 ) ;
#491 = SURFACE_SIDE_STYLE ('',( #6074 ) ) ;
#492 = PRESENTATION_LAYER_ASSIGNMENT (  '', '', ( #4255 ) ) ;
#493 = PRESENTATION_STYLE_ASSIGNMENT (( #3514 ) ) ;
#494 = EDGE_CURVE ( 'NONE', #41, #4436, #6835, .T. ) ;
#495 = MECHANICAL_DESIGN_GEOMETRIC_PRESENTATION_REPRESENTATION (  '', ( #3865 ), #374 ) ;
#496 = DIRECTION ( 'NONE',  ( 0.000000000000000000, -0.000000000000000000, 1.000000000000000000 ) ) ;
#497 = VERTEX_POINT ( 'NONE', #2000 ) ;
#498 = VECTOR ( 'NONE', #5771, 1000.000000000000000 ) ;
#499 = FACE_OUTER_BOUND ( 'NONE', #4014, .T. ) ;
#500 = DIRECTION ( 'NONE',  ( 0.000000000000000000, 0.000000000000000000, -1.000000000000000000 ) ) ;
#501 = CIRCLE ( 'NONE', #1790, 0.1750000000000000167 ) ;
#502 = DIRECTION ( 'NONE',  ( -0.000000000000000000, 1.000000000000000000, -0.000000000000000000 ) ) ;
#503 = EDGE_CURVE ( 'NONE', #2602, #428, #5136, .T. ) ;
#504 = DIRECTION ( 'NONE',  ( 0.000000000000000000, -1.000000000000000000, 0.000000000000000000 ) ) ;
#505 = EDGE_CURVE ( 'NONE', #4436, #1406, #3960, .T. ) ;
#506 = LINE ( 'NONE', #2993, #218 ) ;
#507 = PRESENTATION_LAYER_ASSIGNMENT (  '', '', ( #7893 ) ) ;
#508 = CARTESIAN_POINT ( 'NONE',  ( 0.7499999999999996669, 0.000000000000000000, -0.2999999999999999334 ) ) ;
#509 = DIRECTION ( 'NONE',  ( -0.000000000000000000, 0.000000000000000000, -1.000000000000000000 ) ) ;
#510 = LINE ( 'NONE', #7171, #4251 ) ;
#511 = EDGE_LOOP ( 'NONE', ( #2392, #4194, #33, #1600 ) ) ;
#512 = PLANE ( 'NONE',  #1364 ) ;
#513 = EDGE_CURVE ( 'NONE', #7873, #1166, #5005, .T. ) ;
#514 =( NAMED_UNIT ( * ) SI_UNIT ( $, .STERADIAN. ) SOLID_ANGLE_UNIT ( ) );
#515 = FACE_OUTER_BOUND ( 'NONE', #126, .T. ) ;
#516 =( GEOMETRIC_REPRESENTATION_CONTEXT ( 3 ) GLOBAL_UNCERTAINTY_ASSIGNED_CONTEXT ( ( #3576 ) ) GLOBAL_UNIT_ASSIGNED_CONTEXT ( ( #316, #3003, #4209 ) ) REPRESENTATION_CONTEXT ( 'NONE', 'WORKASPACE' ) );
#517 = DIRECTION ( 'NONE',  ( 1.000000000000000000, 0.000000000000000000, -0.000000000000000000 ) ) ;
#518 =( NAMED_UNIT ( * ) SI_UNIT ( $, .STERADIAN. ) SOLID_ANGLE_UNIT ( ) );
#519 = ORIENTED_EDGE ( 'NONE', *, *, #3099, .F. ) ;
#520 = SURFACE_STYLE_USAGE ( .BOTH. , #479 ) ;
#521 = FILL_AREA_STYLE ('',( #1767 ) ) ;
#522 = ORIENTED_EDGE ( 'NONE', *, *, #4520, .F. ) ;
#523 = EDGE_CURVE ( 'NONE', #666, #1626, #6366, .T. ) ;
#524 = ORIENTED_EDGE ( 'NONE', *, *, #4322, .F. ) ;
#525 = LINE ( 'NONE', #5482, #2976 ) ;
#526 = DIRECTION ( 'NONE',  ( 0.000000000000000000, -1.000000000000000000, 0.000000000000000000 ) ) ;
#527 = UNCERTAINTY_MEASURE_WITH_UNIT (LENGTH_MEASURE( 1.000000000000000082E-05 ), #5740, 'distance_accuracy_value', 'NONE');
#528 = VECTOR ( 'NONE', #34, 1000.000000000000000 ) ;
#529 = SURFACE_SIDE_STYLE ('',( #7224 ) ) ;
#530 = CYLINDRICAL_SURFACE ( 'NONE', #566, 0.1750000000000301592 ) ;
#531 = DIRECTION ( 'NONE',  ( -1.000000000000000000, -0.000000000000000000, -0.000000000000000000 ) ) ;
#532 = ORIENTED_EDGE ( 'NONE', *, *, #6097, .F. ) ;
#533 = SURFACE_STYLE_FILL_AREA ( #1323 ) ;
#534 = FACE_OUTER_BOUND ( 'NONE', #2709, .T. ) ;
#535 = DIRECTION ( 'NONE',  ( 0.000000000000000000, 0.000000000000000000, 1.000000000000000000 ) ) ;
#536 = ORIENTED_EDGE ( 'NONE', *, *, #3783, .T. ) ;
#537 = CARTESIAN_POINT ( 'NONE',  ( 1.199999999999999734, 1.000000000000000000, 1.399999999999997913 ) ) ;
#538 = FILL_AREA_STYLE_COLOUR ( '', #5191 ) ;
#539 = SURFACE_STYLE_FILL_AREA ( #3638 ) ;
#540 = COLOUR_RGB ( '',1.000000000000000000, 0.8117647058823529438, 0.5019607843137254832 ) ;
#541 = ADVANCED_FACE ( 'NONE', ( #7398 ), #47, .T. ) ;
#542 = CARTESIAN_POINT ( 'NONE',  ( -1.500000000000000222, 0.000000000000000000, 0.1750000000000000167 ) ) ;
#543 = EDGE_CURVE ( 'NONE', #7363, #1094, #7520, .T. ) ;
#544 = LINE ( 'NONE', #1153, #6838 ) ;
#545 = DIRECTION ( 'NONE',  ( -0.000000000000000000, 1.000000000000000000, -0.000000000000000000 ) ) ;
#546 = ORIENTED_EDGE ( 'NONE', *, *, #66, .T. ) ;
#547 = VECTOR ( 'NONE', #3951, 1000.000000000000000 ) ;
#548 = VERTEX_POINT ( 'NONE', #3817 ) ;
#549 = DIRECTION ( 'NONE',  ( 0.000000000000000000, -1.000000000000000000, 0.000000000000000000 ) ) ;
#550 = DIRECTION ( 'NONE',  ( 0.000000000000000000, 0.000000000000000000, 1.000000000000000000 ) ) ;
#551 = FILL_AREA_STYLE ('',( #3037 ) ) ;
#552 = COLOUR_RGB ( '',1.000000000000000000, 0.8117647058823529438, 0.5019607843137254832 ) ;
#553 = ADVANCED_FACE ( 'NONE', ( #3237 ), #5712, .F. ) ;
#554 = ORIENTED_EDGE ( 'NONE', *, *, #4136, .T. ) ;
#555 = CARTESIAN_POINT ( 'NONE',  ( 1.399999999999999689, 1.050000000000000488, -1.199999999999997957 ) ) ;
#556 =( NAMED_UNIT ( * ) PLANE_ANGLE_UNIT ( ) SI_UNIT ( $, .RADIAN. ) );
#557 = ORIENTED_EDGE ( 'NONE', *, *, #5038, .F. ) ;
#558 = ORIENTED_EDGE ( 'NONE', *, *, #1682, .T. ) ;
#559 =( LENGTH_UNIT ( ) NAMED_UNIT ( * ) SI_UNIT ( .MILLI., .METRE. ) );
#560 = PRESENTATION_LAYER_ASSIGNMENT (  '', '', ( #5243 ) ) ;
#561 = UNCERTAINTY_MEASURE_WITH_UNIT (LENGTH_MEASURE( 1.000000000000000082E-05 ), #904, 'distance_accuracy_value', 'NONE');
#562 = CARTESIAN_POINT ( 'NONE',  ( 1.499999999999999778, 0.4499999999999999001, 1.499999999999999556 ) ) ;
#563 = CYLINDRICAL_SURFACE ( 'NONE', #5654, 0.1750000000000000167 ) ;
#564 = FILL_AREA_STYLE_COLOUR ( '', #6284 ) ;
#565 = ADVANCED_FACE ( 'NONE', ( #291 ), #3320, .T. ) ;
#566 = AXIS2_PLACEMENT_3D ( 'NONE', #4954, #1172, #3728 ) ;
#567 = FILL_AREA_STYLE_COLOUR ( '', #3758 ) ;
#568 = CARTESIAN_POINT ( 'NONE',  ( -1.500000000000000222, 0.4499999999999999001, 1.324999999999999734 ) ) ;
#569 = ORIENTED_EDGE ( 'NONE', *, *, #2543, .T. ) ;
#570 = AXIS2_PLACEMENT_3D ( 'NONE', #743, #5012, #4397 ) ;
#571 = PLANE ( 'NONE',  #343 ) ;
#572 = DIRECTION ( 'NONE',  ( -0.000000000000000000, 1.000000000000000000, 0.000000000000000000 ) ) ;
#573 = DIRECTION ( 'NONE',  ( -0.000000000000000000, 1.000000000000000000, -0.000000000000000000 ) ) ;
#574 = STYLED_ITEM ( 'NONE', ( #4068 ), #4119 ) ;
#575 = LINE ( 'NONE', #5585, #3594 ) ;
#576 = VECTOR ( 'NONE', #4627, 1000.000000000000000 ) ;
#577 = UNCERTAINTY_MEASURE_WITH_UNIT (LENGTH_MEASURE( 1.000000000000000082E-05 ), #1788, 'distance_accuracy_value', 'NONE');
#578 = FACE_OUTER_BOUND ( 'NONE', #3445, .T. ) ;
#579 = VERTEX_POINT ( 'NONE', #4521 ) ;
#580 = SURFACE_STYLE_USAGE ( .BOTH. , #5461 ) ;
#581 =( NAMED_UNIT ( * ) PLANE_ANGLE_UNIT ( ) SI_UNIT ( $, .RADIAN. ) );
#582 = SURFACE_STYLE_FILL_AREA ( #3155 ) ;
#583 = FILL_AREA_STYLE_COLOUR ( '', #2074 ) ;
#584 = SURFACE_STYLE_FILL_AREA ( #3025 ) ;
#585 = COLOUR_RGB ( '',1.000000000000000000, 0.8117647058823529438, 0.5019607843137254832 ) ;
#586 = VECTOR ( 'NONE', #274, 1000.000000000000000 ) ;
#587 =( NAMED_UNIT ( * ) PLANE_ANGLE_UNIT ( ) SI_UNIT ( $, .RADIAN. ) );
#588 = VECTOR ( 'NONE', #1221, 1000.000000000000000 ) ;
#589 = AXIS2_PLACEMENT_3D ( 'NONE', #5035, #7504, #1948 ) ;
#590 = ORIENTED_EDGE ( 'NONE', *, *, #4533, .F. ) ;
#591 = AXIS2_PLACEMENT_3D ( 'NONE', #2236, #1601, #4085 ) ;
#592 =( NAMED_UNIT ( * ) SI_UNIT ( $, .STERADIAN. ) SOLID_ANGLE_UNIT ( ) );
#593 = LINE ( 'NONE', #6161, #3207 ) ;
#594 = SURFACE_SIDE_STYLE ('',( #2474 ) ) ;
#595 = CARTESIAN_POINT ( 'NONE',  ( -1.329742048183534919, 0.9000000000000002442, -1.470647158618958006 ) ) ;
#596 = ADVANCED_FACE ( 'NONE', ( #3947 ), #1429, .T. ) ;
#597 = AXIS2_PLACEMENT_3D ( 'NONE', #5415, #1054, #535 ) ;
#598 = CIRCLE ( 'NONE', #5145, 0.2000000000000000944 ) ;
#599 = PLANE ( 'NONE',  #432 ) ;
#600 = MECHANICAL_DESIGN_GEOMETRIC_PRESENTATION_REPRESENTATION (  '', ( #1235 ), #78 ) ;
#601 = LINE ( 'NONE', #4907, #443 ) ;
#602 = CARTESIAN_POINT ( 'NONE',  ( -1.278064651390379503, 1.100000000000000089, -1.223552014427036205 ) ) ;
#603 = VERTEX_POINT ( 'NONE', #3476 ) ;
#604 = VERTEX_POINT ( 'NONE', #7839 ) ;
#605 = VERTEX_POINT ( 'NONE', #7806 ) ;
#606 = FILL_AREA_STYLE_COLOUR ( '', #4785 ) ;
#607 = VECTOR ( 'NONE', #1668, 1000.000000000000000 ) ;
#608 = ADVANCED_FACE ( 'NONE', ( #534 ), #1662, .T. ) ;
#609 = VECTOR ( 'NONE', #7698, 1000.000000000000000 ) ;
#610 = DIRECTION ( 'NONE',  ( 0.000000000000000000, 1.000000000000000000, 0.000000000000000000 ) ) ;
#611 =( NAMED_UNIT ( * ) PLANE_ANGLE_UNIT ( ) SI_UNIT ( $, .RADIAN. ) );
#612 = CIRCLE ( 'NONE', #5297, 0.1499999999999999667 ) ;
#613 =( NAMED_UNIT ( * ) PLANE_ANGLE_UNIT ( ) SI_UNIT ( $, .RADIAN. ) );
#614 = SURFACE_STYLE_USAGE ( .BOTH. , #3695 ) ;
#615 = VERTEX_POINT ( 'NONE', #6565 ) ;
#616 = DIRECTION ( 'NONE',  ( 0.000000000000000000, 0.000000000000000000, -1.000000000000000000 ) ) ;
#617 = DIRECTION ( 'NONE',  ( -1.548860246407863583E-16, 0.000000000000000000, -1.000000000000000000 ) ) ;
#618 = CARTESIAN_POINT ( 'NONE',  ( 1.326794919243081905, 2.065549442140357073, 1.474999999999999645 ) ) ;
#619 = ADVANCED_FACE ( 'NONE', ( #7886 ), #7959, .F. ) ;
#620 = SURFACE_STYLE_USAGE ( .BOTH. , #4929 ) ;
#621 = VERTEX_POINT ( 'NONE', #7924 ) ;
#622 = CARTESIAN_POINT ( 'NONE',  ( -1.475000000000000089, 0.4500000000000000666, 0.000000000000000000 ) ) ;
#623 = CARTESIAN_POINT ( 'NONE',  ( 1.499999999999999778, 0.4500000000000000666, 1.324999999999969980 ) ) ;
#624 =( GEOMETRIC_REPRESENTATION_CONTEXT ( 3 ) GLOBAL_UNCERTAINTY_ASSIGNED_CONTEXT ( ( #7547 ) ) GLOBAL_UNIT_ASSIGNED_CONTEXT ( ( #2231, #2672, #1476 ) ) REPRESENTATION_CONTEXT ( 'NONE', 'WORKASPACE' ) );
#625 = LINE ( 'NONE', #2580, #2332 ) ;
#626 =( NAMED_UNIT ( * ) PLANE_ANGLE_UNIT ( ) SI_UNIT ( $, .RADIAN. ) );
#627 = DIRECTION ( 'NONE',  ( 0.000000000000000000, 0.000000000000000000, 1.000000000000000000 ) ) ;
#628 = VERTEX_POINT ( 'NONE', #2899 ) ;
#629 = SURFACE_STYLE_FILL_AREA ( #2586 ) ;
#630 = CIRCLE ( 'NONE', #1024, 0.1749999999999996003 ) ;
#631 =( LENGTH_UNIT ( ) NAMED_UNIT ( * ) SI_UNIT ( .MILLI., .METRE. ) );
#632 = EDGE_LOOP ( 'NONE', ( #983, #2046, #7617, #590 ) ) ;
#633 = PRESENTATION_LAYER_ASSIGNMENT (  '', '', ( #2061 ) ) ;
#634 = COLOUR_RGB ( '',1.000000000000000000, 0.8117647058823529438, 0.5019607843137254832 ) ;
#635 = PRESENTATION_STYLE_ASSIGNMENT (( #2387 ) ) ;
#636 = LINE ( 'NONE', #1842, #2336 ) ;
#637 = CARTESIAN_POINT ( 'NONE',  ( -1.325000000000000178, 0.4500000000000000111, 1.500000000000000222 ) ) ;
#638 = MECHANICAL_DESIGN_GEOMETRIC_PRESENTATION_REPRESENTATION (  '', ( #7766 ), #2854 ) ;
#639 = AXIS2_PLACEMENT_3D ( 'NONE', #1791, #6879, #3778 ) ;
#640 = DIRECTION ( 'NONE',  ( -0.000000000000000000, 1.000000000000000000, -0.000000000000000000 ) ) ;
#641 = ORIENTED_EDGE ( 'NONE', *, *, #1193, .T. ) ;
#642 = SURFACE_SIDE_STYLE ('',( #7911 ) ) ;
#643 = EDGE_LOOP ( 'NONE', ( #3255, #4423, #3007, #5345 ) ) ;
#644 = VERTEX_POINT ( 'NONE', #450 ) ;
#645 =( LENGTH_UNIT ( ) NAMED_UNIT ( * ) SI_UNIT ( .MILLI., .METRE. ) );
#646 = COLOUR_RGB ( '',0.2509803921568627416, 0.2509803921568627416, 0.2509803921568627416 ) ;
#647 = PRESENTATION_LAYER_ASSIGNMENT (  '', '', ( #5450 ) ) ;
#648 = FILL_AREA_STYLE_COLOUR ( '', #5267 ) ;
#649 = EDGE_CURVE ( 'NONE', #6103, #2984, #2938, .T. ) ;
#650 = COLOUR_RGB ( '',1.000000000000000000, 0.8117647058823529438, 0.5019607843137254832 ) ;
#651 = EDGE_CURVE ( 'NONE', #182, #1454, #5326, .T. ) ;
#652 = ORIENTED_EDGE ( 'NONE', *, *, #2704, .T. ) ;
#653 = FACE_OUTER_BOUND ( 'NONE', #6567, .T. ) ;
#654 = VERTEX_POINT ( 'NONE', #5454 ) ;
#655 =( NAMED_UNIT ( * ) PLANE_ANGLE_UNIT ( ) SI_UNIT ( $, .RADIAN. ) );
#656 = LINE ( 'NONE', #7389, #1416 ) ;
#657 = AXIS2_PLACEMENT_3D ( 'NONE', #3096, #4184, #4267 ) ;
#658 = LINE ( 'NONE', #2033, #4239 ) ;
#659 = CARTESIAN_POINT ( 'NONE',  ( -0.7499999999999988898, 2.065549442140357073, -1.355252715606879063E-16 ) ) ;
#660 = VERTEX_POINT ( 'NONE', #4842 ) ;
#661 = EDGE_CURVE ( 'NONE', #8009, #227, #1798, .T. ) ;
#662 = FILL_AREA_STYLE ('',( #1709 ) ) ;
#663 = FACE_OUTER_BOUND ( 'NONE', #7221, .T. ) ;
#664 = CARTESIAN_POINT ( 'NONE',  ( 0.000000000000000000, 0.4500000000000000666, 1.474999999999999645 ) ) ;
#665 = CARTESIAN_POINT ( 'NONE',  ( 0.7499999999999998890, 2.065549442140357073, 0.2999999999999999334 ) ) ;
#666 = VERTEX_POINT ( 'NONE', #3102 ) ;
#667 = FILL_AREA_STYLE ('',( #1266 ) ) ;
#668 = ADVANCED_FACE ( 'NONE', ( #8005 ), #5817, .T. ) ;
#669 = SURFACE_SIDE_STYLE ('',( #3245 ) ) ;
#670 = ORIENTED_EDGE ( 'NONE', *, *, #7010, .T. ) ;
#671 =( NAMED_UNIT ( * ) PLANE_ANGLE_UNIT ( ) SI_UNIT ( $, .RADIAN. ) );
#672 = CYLINDRICAL_SURFACE ( 'NONE', #7588, 0.1499999999999999667 ) ;
#673 = SURFACE_SIDE_STYLE ('',( #5685 ) ) ;
#674 = UNCERTAINTY_MEASURE_WITH_UNIT (LENGTH_MEASURE( 1.000000000000000082E-05 ), #7770, 'distance_accuracy_value', 'NONE');
#675 = SURFACE_SIDE_STYLE ('',( #5025 ) ) ;
#676 = DIRECTION ( 'NONE',  ( 1.000000000000000000, -0.000000000000000000, 0.000000000000000000 ) ) ;
#677 = VECTOR ( 'NONE', #8019, 1000.000000000000000 ) ;
#678 =( NAMED_UNIT ( * ) PLANE_ANGLE_UNIT ( ) SI_UNIT ( $, .RADIAN. ) );
#679 = ORIENTED_EDGE ( 'NONE', *, *, #7010, .F. ) ;
#680 = LINE ( 'NONE', #3296, #2712 ) ;
#681 = ORIENTED_EDGE ( 'NONE', *, *, #7021, .F. ) ;
#682 = PRESENTATION_STYLE_ASSIGNMENT (( #3175 ) ) ;
#683 = SURFACE_SIDE_STYLE ('',( #2484 ) ) ;
#684 = VECTOR ( 'NONE', #4582, 1000.000000000000000 ) ;
#685 = VERTEX_POINT ( 'NONE', #1448 ) ;
#686 = SURFACE_STYLE_FILL_AREA ( #5773 ) ;
#687 = CARTESIAN_POINT ( 'NONE',  ( -1.199999999999999956, 1.000000000000000000, 1.399999999999998135 ) ) ;
#688 = ORIENTED_EDGE ( 'NONE', *, *, #1485, .T. ) ;
#689 =( GEOMETRIC_REPRESENTATION_CONTEXT ( 3 ) GLOBAL_UNCERTAINTY_ASSIGNED_CONTEXT ( ( #2262 ) ) GLOBAL_UNIT_ASSIGNED_CONTEXT ( ( #1063, #4076, #3598 ) ) REPRESENTATION_CONTEXT ( 'NONE', 'WORKASPACE' ) );
#690 = ORIENTED_EDGE ( 'NONE', *, *, #7644, .F. ) ;
#691 = DIRECTION ( 'NONE',  ( -9.035018104045885485E-17, -0.000000000000000000, 1.000000000000000000 ) ) ;
#692 = EDGE_CURVE ( 'NONE', #3227, #3132, #3511, .T. ) ;
#693 = DIRECTION ( 'NONE',  ( 1.000000000000000000, 0.000000000000000000, 0.000000000000000000 ) ) ;
#694 = AXIS2_PLACEMENT_3D ( 'NONE', #3823, #3159, #6282 ) ;
#695 = EDGE_LOOP ( 'NONE', ( #3263, #4746, #5366, #357 ) ) ;
#696 = DIRECTION ( 'NONE',  ( 0.000000000000000000, 0.000000000000000000, 1.000000000000000000 ) ) ;
#697 = DIRECTION ( 'NONE',  ( 0.000000000000000000, 0.000000000000000000, -1.000000000000000000 ) ) ;
#698 = PLANE ( 'NONE',  #3725 ) ;
#699 = MECHANICAL_DESIGN_GEOMETRIC_PRESENTATION_REPRESENTATION (  '', ( #4596 ), #1213 ) ;
#700 = CARTESIAN_POINT ( 'NONE',  ( 1.199999999999999734, 6.159797974644664720, -1.399999999999998357 ) ) ;
#701 = DIRECTION ( 'NONE',  ( -1.000000000000000000, 0.000000000000000000, 0.000000000000000000 ) ) ;
#702 = EDGE_CURVE ( 'NONE', #6753, #1778, #8042, .T. ) ;
#703 =( NAMED_UNIT ( * ) PLANE_ANGLE_UNIT ( ) SI_UNIT ( $, .RADIAN. ) );
#704 = ORIENTED_EDGE ( 'NONE', *, *, #505, .T. ) ;
#705 =( LENGTH_UNIT ( ) NAMED_UNIT ( * ) SI_UNIT ( .MILLI., .METRE. ) );
#706 = STYLED_ITEM ( 'NONE', ( #2534 ), #1159 ) ;
#707 = SURFACE_SIDE_STYLE ('',( #7403 ) ) ;
#708 = ORIENTED_EDGE ( 'NONE', *, *, #405, .F. ) ;
#709 = CARTESIAN_POINT ( 'NONE',  ( 1.199999999999999734, 1.050000000000000488, -1.199999999999997957 ) ) ;
#710 = AXIS2_PLACEMENT_3D ( 'NONE', #5784, #5048, #693 ) ;
#711 = UNCERTAINTY_MEASURE_WITH_UNIT (LENGTH_MEASURE( 1.000000000000000082E-05 ), #7340, 'distance_accuracy_value', 'NONE');
#712 = PRESENTATION_STYLE_ASSIGNMENT (( #6289 ) ) ;
#713 = DIRECTION ( 'NONE',  ( 0.000000000000000000, 0.000000000000000000, -1.000000000000000000 ) ) ;
#714 = EDGE_CURVE ( 'NONE', #1479, #780, #3664, .T. ) ;
#715 = DIRECTION ( 'NONE',  ( 1.000000000000000000, 0.000000000000000000, -0.000000000000000000 ) ) ;
#716 = STYLED_ITEM ( 'NONE', ( #6705 ), #4564 ) ;
#717 = DIRECTION ( 'NONE',  ( 0.000000000000000000, 0.000000000000000000, -1.000000000000000000 ) ) ;
#718 = PRESENTATION_STYLE_ASSIGNMENT (( #5728 ) ) ;
#719 = ORIENTED_EDGE ( 'NONE', *, *, #2794, .F. ) ;
#720 = CARTESIAN_POINT ( 'NONE',  ( -1.500000000000000222, 0.000000000000000000, 1.499999999999999556 ) ) ;
#721 = EDGE_LOOP ( 'NONE', ( #4056, #2525, #2112, #3721 ) ) ;
#722 = LINE ( 'NONE', #3843, #7577 ) ;
#723 = DIRECTION ( 'NONE',  ( 1.000000000000000000, 0.000000000000000000, 0.000000000000000000 ) ) ;
#724 = PRESENTATION_LAYER_ASSIGNMENT (  '', '', ( #69 ) ) ;
#725 = DIRECTION ( 'NONE',  ( 0.000000000000000000, -1.000000000000000000, 0.000000000000000000 ) ) ;
#726 = ORIENTED_EDGE ( 'NONE', *, *, #3152, .T. ) ;
#727 = PRESENTATION_LAYER_ASSIGNMENT (  '', '', ( #5278 ) ) ;
#728 = COLOUR_RGB ( '',1.000000000000000000, 0.8117647058823529438, 0.5019607843137254832 ) ;
#729 = CIRCLE ( 'NONE', #7984, 0.1000000000000000472 ) ;
#730 = MECHANICAL_DESIGN_GEOMETRIC_PRESENTATION_REPRESENTATION (  '', ( #2939 ), #339 ) ;
#731 = EDGE_LOOP ( 'NONE', ( #1689, #7386, #3310, #6061 ) ) ;
#732 = ORIENTED_EDGE ( 'NONE', *, *, #2941, .F. ) ;
#733 = CARTESIAN_POINT ( 'NONE',  ( -1.475000000000000089, 0.000000000000000000, 0.000000000000000000 ) ) ;
#734 = UNCERTAINTY_MEASURE_WITH_UNIT (LENGTH_MEASURE( 1.000000000000000082E-05 ), #5276, 'distance_accuracy_value', 'NONE');
#735 = CARTESIAN_POINT ( 'NONE',  ( -1.399999999999999911, 1.050000000000000044, -1.199999999999998179 ) ) ;
#736 = VERTEX_POINT ( 'NONE', #4389 ) ;
#737 = PRESENTATION_LAYER_ASSIGNMENT (  '', '', ( #2173 ) ) ;
#738 = CARTESIAN_POINT ( 'NONE',  ( -1.400000000000000133, 0.4500000000000000666, -1.399999999999999689 ) ) ;
#739 = EDGE_CURVE ( 'NONE', #4723, #761, #3736, .T. ) ;
#740 =( NAMED_UNIT ( * ) SI_UNIT ( $, .STERADIAN. ) SOLID_ANGLE_UNIT ( ) );
#741 = DIRECTION ( 'NONE',  ( 1.000000000000000000, 0.000000000000000000, -0.000000000000000000 ) ) ;
#742 =( GEOMETRIC_REPRESENTATION_CONTEXT ( 3 ) GLOBAL_UNCERTAINTY_ASSIGNED_CONTEXT ( ( #7634 ) ) GLOBAL_UNIT_ASSIGNED_CONTEXT ( ( #1061, #6681, #7358 ) ) REPRESENTATION_CONTEXT ( 'NONE', 'WORKASPACE' ) );
#743 = CARTESIAN_POINT ( 'NONE',  ( -1.400000000000000133, 0.4500000000000000666, 1.400000000000000133 ) ) ;
#744 = UNCERTAINTY_MEASURE_WITH_UNIT (LENGTH_MEASURE( 1.000000000000000082E-05 ), #1051, 'distance_accuracy_value', 'NONE');
#745 = ORIENTED_EDGE ( 'NONE', *, *, #2941, .T. ) ;
#746 = DIRECTION ( 'NONE',  ( 0.000000000000000000, -1.000000000000000000, 0.000000000000000000 ) ) ;
#747 = PRESENTATION_LAYER_ASSIGNMENT (  '', '', ( #485 ) ) ;
#748 = SURFACE_STYLE_USAGE ( .BOTH. , #1922 ) ;
#749 =( NAMED_UNIT ( * ) SI_UNIT ( $, .STERADIAN. ) SOLID_ANGLE_UNIT ( ) );
#750 = EDGE_CURVE ( 'NONE', #3954, #2645, #8033, .T. ) ;
#751 = AXIS2_PLACEMENT_3D ( 'NONE', #1997, #1549, #7597 ) ;
#752 = EDGE_CURVE ( 'NONE', #1066, #3218, #2470, .T. ) ;
#753 = ORIENTED_EDGE ( 'NONE', *, *, #6166, .T. ) ;
#754 = FILL_AREA_STYLE ('',( #6888 ) ) ;
#755 = SURFACE_SIDE_STYLE ('',( #6890 ) ) ;
#756 = SURFACE_STYLE_USAGE ( .BOTH. , #673 ) ;
#757 = FACE_OUTER_BOUND ( 'NONE', #64, .T. ) ;
#758 = FILL_AREA_STYLE_COLOUR ( '', #1736 ) ;
#759 = PRESENTATION_LAYER_ASSIGNMENT (  '', '', ( #7489 ) ) ;
#760 = EDGE_CURVE ( 'NONE', #2757, #3505, #6870, .T. ) ;
#761 = VERTEX_POINT ( 'NONE', #1293 ) ;
#762 = PRESENTATION_LAYER_ASSIGNMENT (  '', '', ( #5179 ) ) ;
#763 = ORIENTED_EDGE ( 'NONE', *, *, #1840, .F. ) ;
#764 = SURFACE_SIDE_STYLE ('',( #2068 ) ) ;
#765 = SURFACE_STYLE_FILL_AREA ( #1942 ) ;
#766 = UNCERTAINTY_MEASURE_WITH_UNIT (LENGTH_MEASURE( 1.000000000000000082E-05 ), #3019, 'distance_accuracy_value', 'NONE');
#767 = COLOUR_RGB ( '',1.000000000000000000, 0.8117647058823529438, 0.5019607843137254832 ) ;
#768 =( LENGTH_UNIT ( ) NAMED_UNIT ( * ) SI_UNIT ( .MILLI., .METRE. ) );
#769 = STYLED_ITEM ( 'NONE', ( #5847 ), #6494 ) ;
#770 = DIRECTION ( 'NONE',  ( 1.000000000000000000, 0.000000000000000000, -5.421010862427523156E-16 ) ) ;
#771 = DIRECTION ( 'NONE',  ( 0.000000000000000000, -1.000000000000000000, 0.000000000000000000 ) ) ;
#772 = EDGE_CURVE ( 'NONE', #628, #3190, #656, .T. ) ;
#773 = ORIENTED_EDGE ( 'NONE', *, *, #3510, .T. ) ;
#774 = PRODUCT_DEFINITION_SHAPE ( 'NONE', 'NONE',  #1727 ) ;
#775 = PRESENTATION_LAYER_ASSIGNMENT (  '', '', ( #4276 ) ) ;
#776 = ORIENTED_EDGE ( 'NONE', *, *, #6519, .F. ) ;
#777 = CARTESIAN_POINT ( 'NONE',  ( 0.000000000000000000, 0.4500000000000000666, -0.9000000000000005773 ) ) ;
#778 = DIRECTION ( 'NONE',  ( -0.000000000000000000, 1.000000000000000000, 0.000000000000000000 ) ) ;
#779 = CARTESIAN_POINT ( 'NONE',  ( 1.199999999999999734, 1.050000000000000044, -1.399999999999998357 ) ) ;
#780 = VERTEX_POINT ( 'NONE', #3771 ) ;
#781 = VECTOR ( 'NONE', #5583, 1000.000000000000000 ) ;
#782 = MECHANICAL_DESIGN_GEOMETRIC_PRESENTATION_REPRESENTATION (  '', ( #6375 ), #2086 ) ;
#783 = SURFACE_STYLE_FILL_AREA ( #1462 ) ;
#784 = VECTOR ( 'NONE', #6364, 1000.000000000000000 ) ;
#785 = CARTESIAN_POINT ( 'NONE',  ( 0.7499999999999996669, 2.065549442140357073, -1.475000000000000533 ) ) ;
#786 = CARTESIAN_POINT ( 'NONE',  ( 1.499999999999999778, 2.065549442140357073, -1.500000000000000444 ) ) ;
#787 =( NAMED_UNIT ( * ) SI_UNIT ( $, .STERADIAN. ) SOLID_ANGLE_UNIT ( ) );
#788 = EDGE_LOOP ( 'NONE', ( #2237, #2888, #7933, #6772 ) ) ;
#789 = VECTOR ( 'NONE', #976, 1000.000000000000000 ) ;
#790 = LINE ( 'NONE', #2047, #3940 ) ;
#791 = FILL_AREA_STYLE ('',( #6450 ) ) ;
#792 = DIRECTION ( 'NONE',  ( 0.000000000000000000, -1.000000000000000000, 0.000000000000000000 ) ) ;
#793 = ORIENTED_EDGE ( 'NONE', *, *, #3543, .T. ) ;
#794 = CARTESIAN_POINT ( 'NONE',  ( 0.000000000000000000, 0.4500000000000000666, 0.000000000000000000 ) ) ;
#795 = CARTESIAN_POINT ( 'NONE',  ( 1.499999999999999112, 0.9000000000000002442, 1.400000000000000133 ) ) ;
#796 = LINE ( 'NONE', #2056, #5669 ) ;
#797 = PRESENTATION_STYLE_ASSIGNMENT (( #3290 ) ) ;
#798 = EDGE_CURVE ( 'NONE', #253, #3614, #7905, .T. ) ;
#799 = FILL_AREA_STYLE ('',( #4658 ) ) ;
#800 = SURFACE_STYLE_USAGE ( .BOTH. , #6803 ) ;
#801 = CARTESIAN_POINT ( 'NONE',  ( 0.7499999999999996669, 2.065549442140357073, -1.475000000000000533 ) ) ;
#802 = VERTEX_POINT ( 'NONE', #5045 ) ;
#803 = CARTESIAN_POINT ( 'NONE',  ( 3.252606517456599584E-16, 2.065549442140357073, -1.175494350822349034E-31 ) ) ;
#804 = EDGE_LOOP ( 'NONE', ( #7553, #4296, #1091, #557 ) ) ;
#805 = ORIENTED_EDGE ( 'NONE', *, *, #3411, .T. ) ;
#806 = DIRECTION ( 'NONE',  ( 0.000000000000000000, -1.000000000000000000, 0.000000000000000000 ) ) ;
#807 = FACE_OUTER_BOUND ( 'NONE', #7887, .T. ) ;
#808 =( NAMED_UNIT ( * ) SI_UNIT ( $, .STERADIAN. ) SOLID_ANGLE_UNIT ( ) );
#809 = EDGE_LOOP ( 'NONE', ( #76, #6861, #1598, #6899 ) ) ;
#810 = EDGE_CURVE ( 'NONE', #71, #3768, #7025, .T. ) ;
#811 = PLANE ( 'NONE',  #589 ) ;
#812 = PRESENTATION_STYLE_ASSIGNMENT (( #6393 ) ) ;
#813 = EDGE_LOOP ( 'NONE', ( #3497, #5730, #7435, #317 ) ) ;
#814 =( LENGTH_UNIT ( ) NAMED_UNIT ( * ) SI_UNIT ( .MILLI., .METRE. ) );
#815 = ORIENTED_EDGE ( 'NONE', *, *, #1233, .F. ) ;
#816 = CARTESIAN_POINT ( 'NONE',  ( -1.472438384526082162E-16, 0.000000000000000000, -1.350000000000015410 ) ) ;
#817 = CARTESIAN_POINT ( 'NONE',  ( 1.499999999999999778, 0.4499999999999999001, 1.324999999999969980 ) ) ;
#818 = CARTESIAN_POINT ( 'NONE',  ( 0.000000000000000000, 1.050000000000000044, 1.349999999999998090 ) ) ;
#819 = EDGE_CURVE ( 'NONE', #6339, #3427, #2340, .T. ) ;
#820 = CARTESIAN_POINT ( 'NONE',  ( -1.395505947424947093E-16, 0.4500000000000000111, -1.350000000000015410 ) ) ;
#821 = UNCERTAINTY_MEASURE_WITH_UNIT (LENGTH_MEASURE( 1.000000000000000082E-05 ), #5426, 'distance_accuracy_value', 'NONE');
#822 = COLOUR_RGB ( '',0.2509803921568627416, 0.2509803921568627416, 0.2509803921568627416 ) ;
#823 = PRESENTATION_STYLE_ASSIGNMENT (( #7038 ) ) ;
#824 = LINE ( 'NONE', #2738, #784 ) ;
#825 = SURFACE_STYLE_USAGE ( .BOTH. , #7077 ) ;
#826 = SURFACE_STYLE_USAGE ( .BOTH. , #5139 ) ;
#827 = ORIENTED_EDGE ( 'NONE', *, *, #7576, .T. ) ;
#828 =( NAMED_UNIT ( * ) SI_UNIT ( $, .STERADIAN. ) SOLID_ANGLE_UNIT ( ) );
#829 = CARTESIAN_POINT ( 'NONE',  ( 1.199999999999999734, 0.8999999999999990230, -1.441421356237308382 ) ) ;
#830 = DIRECTION ( 'NONE',  ( -0.000000000000000000, 0.000000000000000000, -1.000000000000000000 ) ) ;
#831 = ORIENTED_EDGE ( 'NONE', *, *, #2215, .F. ) ;
#832 =( NAMED_UNIT ( * ) SI_UNIT ( $, .STERADIAN. ) SOLID_ANGLE_UNIT ( ) );
#833 = CARTESIAN_POINT ( 'NONE',  ( 1.350000000000000089, 1.100000000000000089, -1.199999999999997957 ) ) ;
#834 = DIRECTION ( 'NONE',  ( -0.000000000000000000, 1.000000000000000000, 0.000000000000000000 ) ) ;
#835 = LINE ( 'NONE', #3329, #75 ) ;
#836 = SURFACE_STYLE_FILL_AREA ( #5892 ) ;
#837 = SURFACE_STYLE_FILL_AREA ( #4697 ) ;
#838 =( NAMED_UNIT ( * ) SI_UNIT ( $, .STERADIAN. ) SOLID_ANGLE_UNIT ( ) );
#839 = STYLED_ITEM ( 'NONE', ( #2858 ), #4432 ) ;
#840 = ORIENTED_EDGE ( 'NONE', *, *, #4316, .F. ) ;
#841 = DIRECTION ( 'NONE',  ( -9.769962616701380711E-15, 0.000000000000000000, -1.000000000000000000 ) ) ;
#842 = ORIENTED_EDGE ( 'NONE', *, *, #3394, .F. ) ;
#843 = EDGE_CURVE ( 'NONE', #84, #3794, #1544, .T. ) ;
#844 = VERTEX_POINT ( 'NONE', #5283 ) ;
#845 = DIRECTION ( 'NONE',  ( 0.000000000000000000, 0.000000000000000000, -1.000000000000000000 ) ) ;
#846 = ORIENTED_EDGE ( 'NONE', *, *, #3996, .F. ) ;
#847 = PRESENTATION_LAYER_ASSIGNMENT (  '', '', ( #4735 ) ) ;
#848 = LINE ( 'NONE', #7180, #684 ) ;
#849 = DIRECTION ( 'NONE',  ( 0.000000000000000000, 0.000000000000000000, -1.000000000000000000 ) ) ;
#850 = VERTEX_POINT ( 'NONE', #3419 ) ;
#851 = CARTESIAN_POINT ( 'NONE',  ( -1.474999999999999867, 0.4500000000000000666, -0.3000000000000002109 ) ) ;
#852 = PRESENTATION_LAYER_ASSIGNMENT (  '', '', ( #7581 ) ) ;
#853 = EDGE_LOOP ( 'NONE', ( #6384, #5441, #2155, #6322, #4665, #2568, #7826, #403, #4763, #5240 ) ) ;
#854 = EDGE_CURVE ( 'NONE', #2190, #1879, #2917, .T. ) ;
#855 = CARTESIAN_POINT ( 'NONE',  ( -0.7499999999999992228, 0.000000000000000000, 0.9000000000000005773 ) ) ;
#856 = CARTESIAN_POINT ( 'NONE',  ( -1.199999999999999956, 1.050000000000000044, 1.399999999999998135 ) ) ;
#857 = AXIS2_PLACEMENT_3D ( 'NONE', #6152, #7395, #4314 ) ;
#858 = CARTESIAN_POINT ( 'NONE',  ( 1.499999999999999778, 0.000000000000000000, -0.1749999999999998224 ) ) ;
#859 = VECTOR ( 'NONE', #2668, 1000.000000000000000 ) ;
#860 = STYLED_ITEM ( 'NONE', ( #2009 ), #192 ) ;
#861 =( GEOMETRIC_REPRESENTATION_CONTEXT ( 3 ) GLOBAL_UNCERTAINTY_ASSIGNED_CONTEXT ( ( #1385 ) ) GLOBAL_UNIT_ASSIGNED_CONTEXT ( ( #6231, #7470, #2492 ) ) REPRESENTATION_CONTEXT ( 'NONE', 'WORKASPACE' ) );
#862 = EDGE_CURVE ( 'NONE', #7541, #4302, #7058, .T. ) ;
#863 = COLOUR_RGB ( '',0.2509803921568627416, 0.2509803921568627416, 0.2509803921568627416 ) ;
#864 =( LENGTH_UNIT ( ) NAMED_UNIT ( * ) SI_UNIT ( .MILLI., .METRE. ) );
#865 = SURFACE_STYLE_USAGE ( .BOTH. , #5751 ) ;
#866 = SURFACE_STYLE_USAGE ( .BOTH. , #3069 ) ;
#867 =( NAMED_UNIT ( * ) PLANE_ANGLE_UNIT ( ) SI_UNIT ( $, .RADIAN. ) );
#868 = VERTEX_POINT ( 'NONE', #6546 ) ;
#869 = DIRECTION ( 'NONE',  ( -0.000000000000000000, -1.000000000000000000, -0.000000000000000000 ) ) ;
#870 = CARTESIAN_POINT ( 'NONE',  ( 1.341421356237309848, 0.8999999999999989120, -1.441421356237308382 ) ) ;
#871 = CARTESIAN_POINT ( 'NONE',  ( 1.475000000000000311, 0.4500000000000000666, 0.000000000000000000 ) ) ;
#872 = ORIENTED_EDGE ( 'NONE', *, *, #2469, .T. ) ;
#873 = SURFACE_SIDE_STYLE ('',( #301 ) ) ;
#874 = DIRECTION ( 'NONE',  ( 0.000000000000000000, 0.000000000000000000, 1.000000000000000000 ) ) ;
#875 =( NAMED_UNIT ( * ) SI_UNIT ( $, .STERADIAN. ) SOLID_ANGLE_UNIT ( ) );
#876 = AXIS2_PLACEMENT_3D ( 'NONE', #6090, #2996, #4733 ) ;
#877 = VECTOR ( 'NONE', #7551, 1000.000000000000000 ) ;
#878 =( BOUNDED_SURFACE ( )  B_SPLINE_SURFACE ( 3, 3, ( 
 ( #6638, #5346, #7809, #2254 ),
 ( #4638, #7758, #3431, #7071 ),
 ( #5873, #2210, #240, #5911 ),
 ( #934, #2736, #5215, #4717 ) ),
 .UNSPECIFIED., .F., .F., .T. ) 
 B_SPLINE_SURFACE_WITH_KNOTS ( ( 4, 4 ),
 ( 4, 4 ),
 ( 0.000000000000000000, 1.000000000000000000 ),
 ( 0.000000000000000000, 1.000000000000000000 ),
 .UNSPECIFIED. ) 
 GEOMETRIC_REPRESENTATION_ITEM ( )  RATIONAL_B_SPLINE_SURFACE ( (
 ( 1.000000000000000000, 0.8047378541243649375, 0.8047378541243649375, 1.000000000000000000),
 ( 0.8047378541243644934, 0.6476030138606873043, 0.6476030138606873043, 0.8047378541243644934),
 ( 0.8047378541243644934, 0.6476030138606873043, 0.6476030138606873043, 0.8047378541243644934),
 ( 1.000000000000000000, 0.8047378541243649375, 0.8047378541243649375, 1.000000000000000000) ) ) 
 REPRESENTATION_ITEM ( '' )  SURFACE ( )  );
#879 =( NAMED_UNIT ( * ) PLANE_ANGLE_UNIT ( ) SI_UNIT ( $, .RADIAN. ) );
#880 = EDGE_LOOP ( 'NONE', ( #7268, #5042, #1340, #3914 ) ) ;
#881 = FACE_OUTER_BOUND ( 'NONE', #6137, .T. ) ;
#882 = ORIENTED_EDGE ( 'NONE', *, *, #3737, .F. ) ;
#883 = DIRECTION ( 'NONE',  ( -0.000000000000000000, -1.000000000000000000, -0.000000000000000000 ) ) ;
#884 = CARTESIAN_POINT ( 'NONE',  ( -0.7499999999999995559, 0.000000000000000000, -4.065758146820640641E-16 ) ) ;
#885 = CARTESIAN_POINT ( 'NONE',  ( -1.325000000000000178, 0.4500000000000000666, -1.499999999999999778 ) ) ;
#886 =( LENGTH_UNIT ( ) NAMED_UNIT ( * ) SI_UNIT ( .MILLI., .METRE. ) );
#887 = ORIENTED_EDGE ( 'NONE', *, *, #1994, .F. ) ;
#888 = LINE ( 'NONE', #3386, #2770 ) ;
#889 = EDGE_CURVE ( 'NONE', #299, #6590, #2842, .T. ) ;
#890 = FILL_AREA_STYLE_COLOUR ( '', #4072 ) ;
#891 = COLOUR_RGB ( '',0.2509803921568627416, 0.2509803921568627416, 0.2509803921568627416 ) ;
#892 = ORIENTED_EDGE ( 'NONE', *, *, #7051, .T. ) ;
#893 = LINE ( 'NONE', #2610, #2708 ) ;
#894 = VERTEX_POINT ( 'NONE', #5361 ) ;
#895 = PRESENTATION_STYLE_ASSIGNMENT (( #3978 ) ) ;
#896 = CARTESIAN_POINT ( 'NONE',  ( 1.499999999999999778, 0.8500000000000000888, 1.400000000000000133 ) ) ;
#897 = SURFACE_STYLE_USAGE ( .BOTH. , #6518 ) ;
#898 = PRESENTATION_STYLE_ASSIGNMENT (( #6482 ) ) ;
#899 = EDGE_CURVE ( 'NONE', #2838, #1534, #1568, .T. ) ;
#900 = ADVANCED_FACE ( 'NONE', ( #4129 ), #4705, .F. ) ;
#901 = STYLED_ITEM ( 'NONE', ( #3679 ), #7441 ) ;
#902 = STYLED_ITEM ( 'NONE', ( #5501 ), #6581 ) ;
#903 = CARTESIAN_POINT ( 'NONE',  ( 0.1499999999999998279, 0.4500000000000000666, -1.499999999999999778 ) ) ;
#904 =( LENGTH_UNIT ( ) NAMED_UNIT ( * ) SI_UNIT ( .MILLI., .METRE. ) );
#905 = STYLED_ITEM ( 'NONE', ( #5493 ), #6845 ) ;
#906 = DIRECTION ( 'NONE',  ( -0.000000000000000000, 1.000000000000000000, 0.000000000000000000 ) ) ;
#907 = ORIENTED_EDGE ( 'NONE', *, *, #204, .F. ) ;
#908 = EDGE_CURVE ( 'NONE', #654, #2159, #2150, .T. ) ;
#909 = MECHANICAL_DESIGN_GEOMETRIC_PRESENTATION_REPRESENTATION (  '', ( #2871 ), #4158 ) ;
#910 = DIRECTION ( 'NONE',  ( 1.000000000000000000, 0.000000000000000000, -0.000000000000000000 ) ) ;
#911 = EDGE_LOOP ( 'NONE', ( #3295, #2096, #5452, #6226 ) ) ;
#912 = CARTESIAN_POINT ( 'NONE',  ( -1.200000000000001732, 0.9414213562373092703, 1.399999999999998135 ) ) ;
#913 = LINE ( 'NONE', #1591, #6949 ) ;
#914 = CARTESIAN_POINT ( 'NONE',  ( -1.500000000000000222, 0.000000000000000000, 0.1500000000000001887 ) ) ;
#915 = FILL_AREA_STYLE ('',( #1783 ) ) ;
#916 = COLOUR_RGB ( '',0.2509803921568627416, 0.2509803921568627416, 0.2509803921568627416 ) ;
#917 = EDGE_CURVE ( 'NONE', #2504, #71, #7788, .T. ) ;
#918 =( NAMED_UNIT ( * ) SI_UNIT ( $, .STERADIAN. ) SOLID_ANGLE_UNIT ( ) );
#919 = UNCERTAINTY_MEASURE_WITH_UNIT (LENGTH_MEASURE( 1.000000000000000082E-05 ), #1845, 'distance_accuracy_value', 'NONE');
#920 = LINE ( 'NONE', #6416, #4904 ) ;
#921 = CARTESIAN_POINT ( 'NONE',  ( 1.349999999999969669, 0.000000000000000000, 1.500000000000000222 ) ) ;
#922 = EDGE_LOOP ( 'NONE', ( #1646, #3559, #6221, #4900, #3205, #7097 ) ) ;
#923 = CARTESIAN_POINT ( 'NONE',  ( -1.399999999999999911, 1.000000000000000000, -1.199999999999998179 ) ) ;
#924 =( LENGTH_UNIT ( ) NAMED_UNIT ( * ) SI_UNIT ( .MILLI., .METRE. ) );
#925 = EDGE_LOOP ( 'NONE', ( #7522, #7876, #7044, #5896, #383, #5363, #7669, #2922 ) ) ;
#926 = CARTESIAN_POINT ( 'NONE',  ( -1.475000000000000089, 2.065549442140357073, 0.3000000000000007105 ) ) ;
#927 = CARTESIAN_POINT ( 'NONE',  ( 0.000000000000000000, 0.4500000000000000666, 0.000000000000000000 ) ) ;
#928 = EDGE_LOOP ( 'NONE', ( #2518, #8000, #4308, #3182 ) ) ;
#929 = UNCERTAINTY_MEASURE_WITH_UNIT (LENGTH_MEASURE( 1.000000000000000082E-05 ), #4941, 'distance_accuracy_value', 'NONE');
#930 = FILL_AREA_STYLE_COLOUR ( '', #3104 ) ;
#931 = ORIENTED_EDGE ( 'NONE', *, *, #3873, .F. ) ;
#932 =( NAMED_UNIT ( * ) SI_UNIT ( $, .STERADIAN. ) SOLID_ANGLE_UNIT ( ) );
#933 = AXIS2_PLACEMENT_3D ( 'NONE', #3750, #7483, #1304 ) ;
#934 = CARTESIAN_POINT ( 'NONE',  ( -1.199999999999999956, 1.000000000000000000, -1.399999999999997913 ) ) ;
#935 = PRESENTATION_STYLE_ASSIGNMENT (( #4756 ) ) ;
#936 = CARTESIAN_POINT ( 'NONE',  ( -1.500000000000000222, 0.4499999999999999001, -0.1750000000000000722 ) ) ;
#937 = VECTOR ( 'NONE', #2242, 1000.000000000000000 ) ;
#938 = CARTESIAN_POINT ( 'NONE',  ( -1.399999999999999911, 6.159797974644664720, -1.199999999999998179 ) ) ;
#939 =( LENGTH_UNIT ( ) NAMED_UNIT ( * ) SI_UNIT ( .MILLI., .METRE. ) );
#940 = EDGE_CURVE ( 'NONE', #5681, #5772, #6468, .T. ) ;
#941 = CARTESIAN_POINT ( 'NONE',  ( 1.475000000000000311, 0.000000000000000000, -0.9000000000000005773 ) ) ;
#942 = VERTEX_POINT ( 'NONE', #7820 ) ;
#943 = LINE ( 'NONE', #871, #6460 ) ;
#944 = ORIENTED_EDGE ( 'NONE', *, *, #3253, .F. ) ;
#945 = MECHANICAL_DESIGN_GEOMETRIC_PRESENTATION_REPRESENTATION (  '', ( #5243 ), #6785 ) ;
#946 = FACE_OUTER_BOUND ( 'NONE', #2804, .T. ) ;
#947 = DIRECTION ( 'NONE',  ( 0.000000000000000000, 0.000000000000000000, 1.000000000000000000 ) ) ;
#948 = ADVANCED_FACE ( 'NONE', ( #1638 ), #4620, .F. ) ;
#949 = DIRECTION ( 'NONE',  ( 1.000000000000000000, -0.000000000000000000, 0.000000000000000000 ) ) ;
#950 = UNCERTAINTY_MEASURE_WITH_UNIT (LENGTH_MEASURE( 1.000000000000000082E-05 ), #705, 'distance_accuracy_value', 'NONE');
#951 = SURFACE_STYLE_USAGE ( .BOTH. , #7139 ) ;
#952 = DIRECTION ( 'NONE',  ( 0.000000000000000000, 0.000000000000000000, -1.000000000000000000 ) ) ;
#953 = EDGE_LOOP ( 'NONE', ( #5567, #2317, #7196, #2520 ) ) ;
#954 = DIRECTION ( 'NONE',  ( -0.000000000000000000, 0.000000000000000000, -1.000000000000000000 ) ) ;
#955 = CARTESIAN_POINT ( 'NONE',  ( -1.399999999999999911, 1.000000000000000000, -1.199999999999998179 ) ) ;
#956 = EDGE_CURVE ( 'NONE', #736, #1166, #5974, .T. ) ;
#957 = DIRECTION ( 'NONE',  ( 1.000000000000000000, -0.000000000000000000, 0.000000000000000000 ) ) ;
#958 = STYLED_ITEM ( 'NONE', ( #5821 ), #5379 ) ;
#959 = CARTESIAN_POINT ( 'NONE',  ( -2.168404344971008868E-16, 0.000000000000000000, -1.499999999999984901 ) ) ;
#960 = ORIENTED_EDGE ( 'NONE', *, *, #5082, .F. ) ;
#961 = CARTESIAN_POINT ( 'NONE',  ( -1.500000000000000222, 2.065549442140357073, 0.000000000000000000 ) ) ;
#962 = CIRCLE ( 'NONE', #710, 0.1000000000000000472 ) ;
#963 = SURFACE_STYLE_USAGE ( .BOTH. , #5288 ) ;
#964 = COLOUR_RGB ( '',0.7529411764705882248, 0.7529411764705882248, 0.7529411764705882248 ) ;
#965 = MECHANICAL_DESIGN_GEOMETRIC_PRESENTATION_REPRESENTATION (  '', ( #2275 ), #7195 ) ;
#966 = ORIENTED_EDGE ( 'NONE', *, *, #3580, .T. ) ;
#967 = CARTESIAN_POINT ( 'NONE',  ( -1.500000000000000222, 0.4500000000000000111, 1.350000000000000311 ) ) ;
#968 = ORIENTED_EDGE ( 'NONE', *, *, #3313, .T. ) ;
#969 = FILL_AREA_STYLE_COLOUR ( '', #127 ) ;
#970 =( GEOMETRIC_REPRESENTATION_CONTEXT ( 3 ) GLOBAL_UNCERTAINTY_ASSIGNED_CONTEXT ( ( #711 ) ) GLOBAL_UNIT_ASSIGNED_CONTEXT ( ( #7340, #4264, #6112 ) ) REPRESENTATION_CONTEXT ( 'NONE', 'WORKASPACE' ) );
#971 = CARTESIAN_POINT ( 'NONE',  ( 0.7499999999999992228, 0.4499999999999999001, 0.9000000000000005773 ) ) ;
#972 = MECHANICAL_DESIGN_GEOMETRIC_PRESENTATION_REPRESENTATION (  '', ( #6945 ), #5133 ) ;
#973 =( LENGTH_UNIT ( ) NAMED_UNIT ( * ) SI_UNIT ( .MILLI., .METRE. ) );
#974 = DIRECTION ( 'NONE',  ( 0.000000000000000000, -1.000000000000000000, 0.000000000000000000 ) ) ;
#975 = LINE ( 'NONE', #4028, #1426 ) ;
#976 = DIRECTION ( 'NONE',  ( 0.000000000000000000, -0.000000000000000000, 1.000000000000000000 ) ) ;
#977 = PRESENTATION_LAYER_ASSIGNMENT (  '', '', ( #7586 ) ) ;
#978 = DIRECTION ( 'NONE',  ( -1.156482317317872317E-15, 0.000000000000000000, 1.000000000000000000 ) ) ;
#979 =( NAMED_UNIT ( * ) PLANE_ANGLE_UNIT ( ) SI_UNIT ( $, .RADIAN. ) );
#980 = SURFACE_STYLE_FILL_AREA ( #6672 ) ;
#981 =( GEOMETRIC_REPRESENTATION_CONTEXT ( 3 ) GLOBAL_UNCERTAINTY_ASSIGNED_CONTEXT ( ( #185 ) ) GLOBAL_UNIT_ASSIGNED_CONTEXT ( ( #6800, #1231, #3002 ) ) REPRESENTATION_CONTEXT ( 'NONE', 'WORKASPACE' ) );
#982 = FILL_AREA_STYLE ('',( #7764 ) ) ;
#983 = ORIENTED_EDGE ( 'NONE', *, *, #2648, .T. ) ;
#984 = COLOUR_RGB ( '',1.000000000000000000, 0.8117647058823529438, 0.5019607843137254832 ) ;
#985 = MECHANICAL_DESIGN_GEOMETRIC_PRESENTATION_REPRESENTATION (  '', ( #6814 ), #3809 ) ;
#986 = FILL_AREA_STYLE ('',( #1027 ) ) ;
#987 =( NAMED_UNIT ( * ) PLANE_ANGLE_UNIT ( ) SI_UNIT ( $, .RADIAN. ) );
#988 = VECTOR ( 'NONE', #5462, 1000.000000000000000 ) ;
#989 = COLOUR_RGB ( '',0.2509803921568627416, 0.2509803921568627416, 0.2509803921568627416 ) ;
#990 = CARTESIAN_POINT ( 'NONE',  ( 1.399999999999999689, 1.000000000000000000, -1.199999999999997957 ) ) ;
#991 = CARTESIAN_POINT ( 'NONE',  ( 1.399999999999999689, 0.9000000000000002442, -1.499999999999999778 ) ) ;
#992 = CIRCLE ( 'NONE', #5683, 0.1750000000000301592 ) ;
#993 = DIRECTION ( 'NONE',  ( 0.000000000000000000, -1.000000000000000000, -0.000000000000000000 ) ) ;
#994 = STYLED_ITEM ( 'NONE', ( #6757 ), #3168 ) ;
#995 = ADVANCED_FACE ( 'NONE', ( #2311 ), #7408, .F. ) ;
#996 = CARTESIAN_POINT ( 'NONE',  ( -2.168404344971008868E-16, 2.065549442140357073, -1.499999999999984901 ) ) ;
#997 = ADVANCED_FACE ( 'NONE', ( #7320 ), #5433, .F. ) ;
#998 = PRESENTATION_STYLE_ASSIGNMENT (( #1633 ) ) ;
#999 = VERTEX_POINT ( 'NONE', #2549 ) ;
#1000 = SURFACE_SIDE_STYLE ('',( #2234 ) ) ;
#1001 = CARTESIAN_POINT ( 'NONE',  ( -1.325000000000000178, 0.000000000000000000, -1.499999999999999778 ) ) ;
#1002 = FILL_AREA_STYLE ('',( #3417 ) ) ;
#1003 = SURFACE_STYLE_USAGE ( .BOTH. , #4086 ) ;
#1004 = ORIENTED_EDGE ( 'NONE', *, *, #5745, .F. ) ;
#1005 = DIRECTION ( 'NONE',  ( -0.000000000000000000, 1.000000000000000000, -0.000000000000000000 ) ) ;
#1006 = CARTESIAN_POINT ( 'NONE',  ( 1.499999999999999112, 0.9000000000000001332, 1.199999999999997735 ) ) ;
#1007 = ADVANCED_FACE ( 'NONE', ( #6891 ), #1884, .T. ) ;
#1008 = CIRCLE ( 'NONE', #2048, 0.04999999999999991257 ) ;
#1009 = VERTEX_POINT ( 'NONE', #5064 ) ;
#1010 = CARTESIAN_POINT ( 'NONE',  ( 0.000000000000000000, 0.000000000000000000, 0.000000000000000000 ) ) ;
#1011 = COLOUR_RGB ( '',1.000000000000000000, 0.8117647058823529438, 0.5019607843137254832 ) ;
#1012 = EDGE_LOOP ( 'NONE', ( #3490, #6796, #1174, #6955, #1846, #5715, #5167, #1179, #5859, #6158, #3337, #3701 ) ) ;
#1013 = CARTESIAN_POINT ( 'NONE',  ( -1.109023780247329127E-15, 2.065549442140357073, -1.475000000000000755 ) ) ;
#1014 = CARTESIAN_POINT ( 'NONE',  ( 1.399999999999999689, 0.8500000000000000888, 1.400000000000000133 ) ) ;
#1015 = CIRCLE ( 'NONE', #101, 0.1750000000000299372 ) ;
#1016 =( NAMED_UNIT ( * ) PLANE_ANGLE_UNIT ( ) SI_UNIT ( $, .RADIAN. ) );
#1017 = PRESENTATION_LAYER_ASSIGNMENT (  '', '', ( #6087 ) ) ;
#1018 = EDGE_CURVE ( 'NONE', #1706, #4469, #3952, .T. ) ;
#1019 = CARTESIAN_POINT ( 'NONE',  ( 1.199999999999999734, 0.9000000000000001332, 1.499999999999998890 ) ) ;
#1020 = CARTESIAN_POINT ( 'NONE',  ( -1.200000000000000178, 0.9000000000000001332, -1.499999999999999112 ) ) ;
#1021 = VECTOR ( 'NONE', #153, 1000.000000000000000 ) ;
#1022 = SURFACE_STYLE_USAGE ( .BOTH. , #491 ) ;
#1023 = CARTESIAN_POINT ( 'NONE',  ( 1.475000000000000311, 2.065549442140357073, -0.9000000000000005773 ) ) ;
#1024 = AXIS2_PLACEMENT_3D ( 'NONE', #4448, #2016, #841 ) ;
#1025 = ORIENTED_EDGE ( 'NONE', *, *, #1672, .F. ) ;
#1026 = PRESENTATION_LAYER_ASSIGNMENT (  '', '', ( #7766 ) ) ;
#1027 = FILL_AREA_STYLE_COLOUR ( '', #5753 ) ;
#1028 = AXIS2_PLACEMENT_3D ( 'NONE', #1177, #5624, #230 ) ;
#1029 = LINE ( 'NONE', #7135, #6952 ) ;
#1030 = DIRECTION ( 'NONE',  ( 0.000000000000000000, -1.000000000000000000, 0.000000000000000000 ) ) ;
#1031 =( GEOMETRIC_REPRESENTATION_CONTEXT ( 3 ) GLOBAL_UNCERTAINTY_ASSIGNED_CONTEXT ( ( #2348 ) ) GLOBAL_UNIT_ASSIGNED_CONTEXT ( ( #5445, #2815, #5294 ) ) REPRESENTATION_CONTEXT ( 'NONE', 'WORKASPACE' ) );
#1032 = DIRECTION ( 'NONE',  ( 0.000000000000000000, -1.000000000000000000, 0.000000000000000000 ) ) ;
#1033 = ORIENTED_EDGE ( 'NONE', *, *, #6593, .T. ) ;
#1034 = DIRECTION ( 'NONE',  ( 0.000000000000000000, -1.000000000000000000, 0.000000000000000000 ) ) ;
#1035 = AXIS2_PLACEMENT_3D ( 'NONE', #5374, #2774, #7191 ) ;
#1036 = CARTESIAN_POINT ( 'NONE',  ( -1.350000000000000311, 0.4500000000000000111, 1.500000000000000222 ) ) ;
#1037 = DIRECTION ( 'NONE',  ( 1.000000000000000000, 0.000000000000000000, 0.000000000000000000 ) ) ;
#1038 = PRODUCT_RELATED_PRODUCT_CATEGORY ( 'part', '', ( #6933 ) ) ;
#1039 = ADVANCED_FACE ( 'NONE', ( #2513 ), #5725, .T. ) ;
#1040 = ORIENTED_EDGE ( 'NONE', *, *, #3510, .F. ) ;
#1041 = LINE ( 'NONE', #7941, #5490 ) ;
#1042 = ORIENTED_EDGE ( 'NONE', *, *, #5180, .T. ) ;
#1043 = VERTEX_POINT ( 'NONE', #7966 ) ;
#1044 =( LENGTH_UNIT ( ) NAMED_UNIT ( * ) SI_UNIT ( .MILLI., .METRE. ) );
#1045 = ADVANCED_FACE ( 'NONE', ( #4967 ), #2375, .F. ) ;
#1046 = DIRECTION ( 'NONE',  ( -0.000000000000000000, 1.000000000000000000, 0.000000000000000000 ) ) ;
#1047 = LINE ( 'NONE', #2745, #6039 ) ;
#1048 = CARTESIAN_POINT ( 'NONE',  ( 1.399999999999999689, 0.9414213562373100475, 1.317157287525378528 ) ) ;
#1049 = PLANE ( 'NONE',  #5597 ) ;
#1050 = FILL_AREA_STYLE ('',( #6562 ) ) ;
#1051 =( LENGTH_UNIT ( ) NAMED_UNIT ( * ) SI_UNIT ( .MILLI., .METRE. ) );
#1052 = AXIS2_PLACEMENT_3D ( 'NONE', #6617, #1032, #3524 ) ;
#1053 = EDGE_CURVE ( 'NONE', #2479, #6710, #6787, .T. ) ;
#1054 = DIRECTION ( 'NONE',  ( -1.000000000000000000, 0.000000000000000000, 0.000000000000000000 ) ) ;
#1055 = PLANE ( 'NONE',  #6155 ) ;
#1056 = ORIENTED_EDGE ( 'NONE', *, *, #1486, .F. ) ;
#1057 =( GEOMETRIC_REPRESENTATION_CONTEXT ( 3 ) GLOBAL_UNCERTAINTY_ASSIGNED_CONTEXT ( ( #1491 ) ) GLOBAL_UNIT_ASSIGNED_CONTEXT ( ( #7604, #6003, #418 ) ) REPRESENTATION_CONTEXT ( 'NONE', 'WORKASPACE' ) );
#1058 =( LENGTH_UNIT ( ) NAMED_UNIT ( * ) SI_UNIT ( .MILLI., .METRE. ) );
#1059 = CARTESIAN_POINT ( 'NONE',  ( 0.7500000000000004441, 2.065549442140357073, -4.065758146820645572E-16 ) ) ;
#1060 =( NAMED_UNIT ( * ) SI_UNIT ( $, .STERADIAN. ) SOLID_ANGLE_UNIT ( ) );
#1061 =( LENGTH_UNIT ( ) NAMED_UNIT ( * ) SI_UNIT ( .MILLI., .METRE. ) );
#1062 = PRESENTATION_LAYER_ASSIGNMENT (  '', '', ( #1980 ) ) ;
#1063 =( LENGTH_UNIT ( ) NAMED_UNIT ( * ) SI_UNIT ( .MILLI., .METRE. ) );
#1064 = COLOUR_RGB ( '',1.000000000000000000, 0.8117647058823529438, 0.5019607843137254832 ) ;
#1065 = LINE ( 'NONE', #6049, #5966 ) ;
#1066 = VERTEX_POINT ( 'NONE', #537 ) ;
#1067 = CARTESIAN_POINT ( 'NONE',  ( 1.499999999999999778, 0.000000000000000000, -0.1500000000000311917 ) ) ;
#1068 = CYLINDRICAL_SURFACE ( 'NONE', #5788, 0.1750000000000295208 ) ;
#1069 = PRESENTATION_STYLE_ASSIGNMENT (( #1003 ) ) ;
#1070 =( LENGTH_UNIT ( ) NAMED_UNIT ( * ) SI_UNIT ( .MILLI., .METRE. ) );
#1071 = MECHANICAL_DESIGN_GEOMETRIC_PRESENTATION_REPRESENTATION (  '', ( #3680 ), #1720 ) ;
#1072 = ORIENTED_EDGE ( 'NONE', *, *, #956, .F. ) ;
#1073 = FACE_OUTER_BOUND ( 'NONE', #3239, .T. ) ;
#1074 = DIRECTION ( 'NONE',  ( -0.000000000000000000, 1.000000000000000000, -0.000000000000000000 ) ) ;
#1075 = ADVANCED_FACE ( 'NONE', ( #499 ), #3670, .F. ) ;
#1076 = EDGE_LOOP ( 'NONE', ( #5631, #4577, #524, #7232 ) ) ;
#1077 = AXIS2_PLACEMENT_3D ( 'NONE', #2487, #4182, #6141 ) ;
#1078 = DIRECTION ( 'NONE',  ( 1.000000000000000000, 0.000000000000000000, -0.000000000000000000 ) ) ;
#1079 = VERTEX_POINT ( 'NONE', #1217 ) ;
#1080 = ORIENTED_EDGE ( 'NONE', *, *, #917, .T. ) ;
#1081 = SURFACE_STYLE_USAGE ( .BOTH. , #6599 ) ;
#1082 = FACE_OUTER_BOUND ( 'NONE', #4679, .T. ) ;
#1083 = UNCERTAINTY_MEASURE_WITH_UNIT (LENGTH_MEASURE( 1.000000000000000082E-05 ), #3795, 'distance_accuracy_value', 'NONE');
#1084 = CIRCLE ( 'NONE', #2137, 0.1999999999999998723 ) ;
#1085 = DIRECTION ( 'NONE',  ( 0.000000000000000000, -1.000000000000000000, 0.000000000000000000 ) ) ;
#1086 = EDGE_CURVE ( 'NONE', #3326, #5822, #3703, .T. ) ;
#1087 =( LENGTH_UNIT ( ) NAMED_UNIT ( * ) SI_UNIT ( .MILLI., .METRE. ) );
#1088 = EDGE_CURVE ( 'NONE', #4585, #6370, #6, .T. ) ;
#1089 = CARTESIAN_POINT ( 'NONE',  ( -9.889301327428588950E-17, 0.4500000000000000111, -1.350000000000015410 ) ) ;
#1090 = CARTESIAN_POINT ( 'NONE',  ( -1.499999999999999556, 0.9000000000000002442, 1.400000000000000133 ) ) ;
#1091 = ORIENTED_EDGE ( 'NONE', *, *, #4979, .F. ) ;
#1092 = CARTESIAN_POINT ( 'NONE',  ( -1.400000000000000133, 0.9000000000000002442, 1.400000000000000133 ) ) ;
#1093 =( NAMED_UNIT ( * ) SI_UNIT ( $, .STERADIAN. ) SOLID_ANGLE_UNIT ( ) );
#1094 = VERTEX_POINT ( 'NONE', #1868 ) ;
#1095 = PRESENTATION_STYLE_ASSIGNMENT (( #3517 ) ) ;
#1096 = ADVANCED_FACE ( 'NONE', ( #4354 ), #6239, .T. ) ;
#1097 = DIRECTION ( 'NONE',  ( 0.000000000000000000, -0.000000000000000000, 1.000000000000000000 ) ) ;
#1098 = PRESENTATION_STYLE_ASSIGNMENT (( #7198 ) ) ;
#1099 = DIRECTION ( 'NONE',  ( -1.000000000000000000, 0.000000000000000000, 0.000000000000000000 ) ) ;
#1100 = VECTOR ( 'NONE', #7015, 1000.000000000000000 ) ;
#1101 = FILL_AREA_STYLE_COLOUR ( '', #6956 ) ;
#1102 = DIRECTION ( 'NONE',  ( 0.000000000000000000, 0.000000000000000000, 1.000000000000000000 ) ) ;
#1103 = PRESENTATION_LAYER_ASSIGNMENT (  '', '', ( #706 ) ) ;
#1104 = STYLED_ITEM ( 'NONE', ( #7960 ), #7611 ) ;
#1105 = SURFACE_STYLE_USAGE ( .BOTH. , #2877 ) ;
#1106 = CARTESIAN_POINT ( 'NONE',  ( -1.400000000000000133, 0.8500000000000000888, 1.499999999999999112 ) ) ;
#1107 = ADVANCED_FACE ( 'NONE', ( #3233 ), #3776, .T. ) ;
#1108 = UNCERTAINTY_MEASURE_WITH_UNIT (LENGTH_MEASURE( 1.000000000000000082E-05 ), #29, 'distance_accuracy_value', 'NONE');
#1109 =( GEOMETRIC_REPRESENTATION_CONTEXT ( 3 ) GLOBAL_UNCERTAINTY_ASSIGNED_CONTEXT ( ( #6367 ) ) GLOBAL_UNIT_ASSIGNED_CONTEXT ( ( #283, #4633, #2889 ) ) REPRESENTATION_CONTEXT ( 'NONE', 'WORKASPACE' ) );
#1110 = VERTEX_POINT ( 'NONE', #4429 ) ;
#1111 = FILL_AREA_STYLE_COLOUR ( '', #2292 ) ;
#1112 = EDGE_LOOP ( 'NONE', ( #4110, #2305, #2065, #5568 ) ) ;
#1113 = AXIS2_PLACEMENT_3D ( 'NONE', #5687, #4374, #1352 ) ;
#1114 = SURFACE_SIDE_STYLE ('',( #4820 ) ) ;
#1115 = CARTESIAN_POINT ( 'NONE',  ( -1.475000000000000089, 2.065549442140357073, -1.326794919243113435 ) ) ;
#1116 = AXIS2_PLACEMENT_3D ( 'NONE', #1710, #6677, #500 ) ;
#1117 = PLANE ( 'NONE',  #3162 ) ;
#1118 = SURFACE_STYLE_FILL_AREA ( #4213 ) ;
#1119 = MECHANICAL_DESIGN_GEOMETRIC_PRESENTATION_REPRESENTATION (  '', ( #1632 ), #4243 ) ;
#1120 = ORIENTED_EDGE ( 'NONE', *, *, #4932, .T. ) ;
#1121 = CARTESIAN_POINT ( 'NONE',  ( 0.7499999999999993339, 2.065549442140357073, 1.355252715606879803E-16 ) ) ;
#1122 = STYLED_ITEM ( 'NONE', ( #7343 ), #3291 ) ;
#1123 = SURFACE_STYLE_USAGE ( .BOTH. , #4439 ) ;
#1124 = EDGE_LOOP ( 'NONE', ( #3780, #7600, #6619, #3886 ) ) ;
#1125 = EDGE_LOOP ( 'NONE', ( #4936, #2963, #4999, #7047 ) ) ;
#1126 = FILL_AREA_STYLE_COLOUR ( '', #7719 ) ;
#1127 = SURFACE_STYLE_FILL_AREA ( #4336 ) ;
#1128 = UNCERTAINTY_MEASURE_WITH_UNIT (LENGTH_MEASURE( 1.000000000000000082E-05 ), #4290, 'distance_accuracy_value', 'NONE');
#1129 = FACE_OUTER_BOUND ( 'NONE', #911, .T. ) ;
#1130 = COLOUR_RGB ( '',0.2509803921568627416, 0.2509803921568627416, 0.2509803921568627416 ) ;
#1131 = SURFACE_SIDE_STYLE ('',( #6069 ) ) ;
#1132 = LINE ( 'NONE', #4997, #4808 ) ;
#1133 = ORIENTED_EDGE ( 'NONE', *, *, #6882, .F. ) ;
#1134 = DIRECTION ( 'NONE',  ( -1.000000000000000000, 0.000000000000000000, 0.000000000000000000 ) ) ;
#1135 = COLOUR_RGB ( '',0.2509803921568627416, 0.2509803921568627416, 0.2509803921568627416 ) ;
#1136 = DIRECTION ( 'NONE',  ( 0.000000000000000000, -0.000000000000000000, 1.000000000000000000 ) ) ;
#1137 = SURFACE_STYLE_USAGE ( .BOTH. , #6712 ) ;
#1138 = EDGE_CURVE ( 'NONE', #4436, #4825, #5798, .T. ) ;
#1139 = DIRECTION ( 'NONE',  ( -0.000000000000000000, 1.000000000000000000, 0.000000000000000000 ) ) ;
#1140 = ORIENTED_EDGE ( 'NONE', *, *, #543, .T. ) ;
#1141 = MECHANICAL_DESIGN_GEOMETRIC_PRESENTATION_REPRESENTATION (  '', ( #4916 ), #5704 ) ;
#1142 = DIRECTION ( 'NONE',  ( 1.000000000000000000, -0.000000000000000000, 0.000000000000000000 ) ) ;
#1143 = DIRECTION ( 'NONE',  ( 0.000000000000000000, 1.000000000000000000, 0.000000000000000000 ) ) ;
#1144 = COLOUR_RGB ( '',0.2509803921568627416, 0.2509803921568627416, 0.2509803921568627416 ) ;
#1145 = CARTESIAN_POINT ( 'NONE',  ( -1.500000000000000000, 0.9000000000000002442, -1.399999999999999689 ) ) ;
#1146 =( NAMED_UNIT ( * ) SI_UNIT ( $, .STERADIAN. ) SOLID_ANGLE_UNIT ( ) );
#1147 =( NAMED_UNIT ( * ) SI_UNIT ( $, .STERADIAN. ) SOLID_ANGLE_UNIT ( ) );
#1148 = VECTOR ( 'NONE', #1358, 1000.000000000000000 ) ;
#1149 = COLOUR_RGB ( '',0.2509803921568627416, 0.2509803921568627416, 0.2509803921568627416 ) ;
#1150 = EDGE_CURVE ( 'NONE', #6041, #5479, #3191, .T. ) ;
#1151 = SURFACE_STYLE_USAGE ( .BOTH. , #6126 ) ;
#1152 = DIRECTION ( 'NONE',  ( 0.000000000000000000, -1.000000000000000000, -0.000000000000000000 ) ) ;
#1153 = CARTESIAN_POINT ( 'NONE',  ( 1.475000000000000311, 2.065549442140357073, -0.1732050807569194273 ) ) ;
#1154 = STYLED_ITEM ( 'NONE', ( #4668 ), #900 ) ;
#1155 = VERTEX_POINT ( 'NONE', #6958 ) ;
#1156 = SURFACE_SIDE_STYLE ('',( #6727 ) ) ;
#1157 = DIRECTION ( 'NONE',  ( -1.000000000000000000, -0.000000000000000000, -0.000000000000000000 ) ) ;
#1158 = CARTESIAN_POINT ( 'NONE',  ( -1.500000000000000222, 0.9000000000000005773, -1.282286866986344753 ) ) ;
#1159 = ADVANCED_FACE ( 'NONE', ( #3906 ), #7477, .F. ) ;
#1160 = FILL_AREA_STYLE_COLOUR ( '', #1787 ) ;
#1161 = AXIS2_PLACEMENT_3D ( 'NONE', #3697, #572, #4346 ) ;
#1162 = AXIS2_PLACEMENT_3D ( 'NONE', #786, #5965, #6118 ) ;
#1163 = CARTESIAN_POINT ( 'NONE',  ( 1.475000000000000311, 2.065549442140357073, 0.000000000000000000 ) ) ;
#1164 = SURFACE_STYLE_FILL_AREA ( #4254 ) ;
#1165 = PRESENTATION_LAYER_ASSIGNMENT (  '', '', ( #4548 ) ) ;
#1166 = VERTEX_POINT ( 'NONE', #1020 ) ;
#1167 = PRESENTATION_STYLE_ASSIGNMENT (( #3206 ) ) ;
#1168 = VERTEX_POINT ( 'NONE', #5338 ) ;
#1169 = ORIENTED_EDGE ( 'NONE', *, *, #5789, .F. ) ;
#1170 = FILL_AREA_STYLE_COLOUR ( '', #989 ) ;
#1171 =( GEOMETRIC_REPRESENTATION_CONTEXT ( 3 ) GLOBAL_UNCERTAINTY_ASSIGNED_CONTEXT ( ( #5539 ) ) GLOBAL_UNIT_ASSIGNED_CONTEXT ( ( #5375, #2863, #4065 ) ) REPRESENTATION_CONTEXT ( 'NONE', 'WORKASPACE' ) );
#1172 = DIRECTION ( 'NONE',  ( 0.000000000000000000, -1.000000000000000000, 0.000000000000000000 ) ) ;
#1173 = CARTESIAN_POINT ( 'NONE',  ( 1.475000000000002753, 0.000000000000000000, -0.1732050807568882578 ) ) ;
#1174 = ORIENTED_EDGE ( 'NONE', *, *, #760, .F. ) ;
#1175 = DIRECTION ( 'NONE',  ( 1.000000000000000000, 0.000000000000000000, -0.000000000000000000 ) ) ;
#1176 = CARTESIAN_POINT ( 'NONE',  ( 0.000000000000000000, 0.4499999999999999556, 1.500000000000000222 ) ) ;
#1177 = CARTESIAN_POINT ( 'NONE',  ( -1.400000000000000133, 0.8500000000000000888, 1.400000000000000133 ) ) ;
#1178 = DIRECTION ( 'NONE',  ( 0.000000000000000000, 0.000000000000000000, -1.000000000000000000 ) ) ;
#1179 = ORIENTED_EDGE ( 'NONE', *, *, #2044, .F. ) ;
#1180 = ADVANCED_FACE ( 'NONE', ( #4592 ), #4757, .T. ) ;
#1181 = CYLINDRICAL_SURFACE ( 'NONE', #3608, 0.1750000000000303813 ) ;
#1182 = SURFACE_SIDE_STYLE ('',( #539 ) ) ;
#1183 = DIRECTION ( 'NONE',  ( 0.000000000000000000, -1.000000000000000000, 0.000000000000000000 ) ) ;
#1184 = DIRECTION ( 'NONE',  ( 0.000000000000000000, 0.000000000000000000, 1.000000000000000000 ) ) ;
#1185 = EDGE_CURVE ( 'NONE', #1635, #942, #7159, .T. ) ;
#1186 = ORIENTED_EDGE ( 'NONE', *, *, #2750, .F. ) ;
#1187 = AXIS2_PLACEMENT_3D ( 'NONE', #6610, #2337, #2946 ) ;
#1188 =( NAMED_UNIT ( * ) PLANE_ANGLE_UNIT ( ) SI_UNIT ( $, .RADIAN. ) );
#1189 = FILL_AREA_STYLE ('',( #6764 ) ) ;
#1190 =( NAMED_UNIT ( * ) PLANE_ANGLE_UNIT ( ) SI_UNIT ( $, .RADIAN. ) );
#1191 =( GEOMETRIC_REPRESENTATION_CONTEXT ( 3 ) GLOBAL_UNCERTAINTY_ASSIGNED_CONTEXT ( ( #5936 ) ) GLOBAL_UNIT_ASSIGNED_CONTEXT ( ( #3213, #103, #3129 ) ) REPRESENTATION_CONTEXT ( 'NONE', 'WORKASPACE' ) );
#1192 = PRESENTATION_STYLE_ASSIGNMENT (( #2920 ) ) ;
#1193 = EDGE_CURVE ( 'NONE', #1559, #7111, #6561, .T. ) ;
#1194 = ORIENTED_EDGE ( 'NONE', *, *, #3775, .F. ) ;
#1195 = SURFACE_STYLE_FILL_AREA ( #4864 ) ;
#1196 = ORIENTED_EDGE ( 'NONE', *, *, #1840, .T. ) ;
#1197 = ORIENTED_EDGE ( 'NONE', *, *, #7748, .F. ) ;
#1198 =( NAMED_UNIT ( * ) SI_UNIT ( $, .STERADIAN. ) SOLID_ANGLE_UNIT ( ) );
#1200 = VECTOR ( 'NONE', #993, 1000.000000000000000 ) ;
#1199 = DIRECTION ( 'NONE',  ( 0.000000000000000000, -1.000000000000000000, 0.000000000000000000 ) ) ;
#1201 = UNCERTAINTY_MEASURE_WITH_UNIT (LENGTH_MEASURE( 1.000000000000000082E-05 ), #2619, 'distance_accuracy_value', 'NONE');
#1202 = SURFACE_STYLE_FILL_AREA ( #4504 ) ;
#1203 = DIRECTION ( 'NONE',  ( 0.000000000000000000, 0.000000000000000000, -1.000000000000000000 ) ) ;
#1204 =( NAMED_UNIT ( * ) SI_UNIT ( $, .STERADIAN. ) SOLID_ANGLE_UNIT ( ) );
#1205 = MECHANICAL_DESIGN_GEOMETRIC_PRESENTATION_REPRESENTATION (  '', ( #3799 ), #7555 ) ;
#1206 =( LENGTH_UNIT ( ) NAMED_UNIT ( * ) SI_UNIT ( .MILLI., .METRE. ) );
#1207 = FILL_AREA_STYLE ('',( #6185 ) ) ;
#1208 = EDGE_LOOP ( 'NONE', ( #5689, #5813, #3439, #4511 ) ) ;
#1209 = DIRECTION ( 'NONE',  ( -0.000000000000000000, 1.000000000000000000, -0.000000000000000000 ) ) ;
#1210 =( LENGTH_UNIT ( ) NAMED_UNIT ( * ) SI_UNIT ( .MILLI., .METRE. ) );
#1211 = AXIS2_PLACEMENT_3D ( 'NONE', #6369, #166, #211 ) ;
#1212 = SURFACE_STYLE_USAGE ( .BOTH. , #3148 ) ;
#1213 =( GEOMETRIC_REPRESENTATION_CONTEXT ( 3 ) GLOBAL_UNCERTAINTY_ASSIGNED_CONTEXT ( ( #4659 ) ) GLOBAL_UNIT_ASSIGNED_CONTEXT ( ( #2524, #5037, #4547 ) ) REPRESENTATION_CONTEXT ( 'NONE', 'WORKASPACE' ) );
#1214 = UNCERTAINTY_MEASURE_WITH_UNIT (LENGTH_MEASURE( 1.000000000000000082E-05 ), #86, 'distance_accuracy_value', 'NONE');
#1215 =( NAMED_UNIT ( * ) SI_UNIT ( $, .STERADIAN. ) SOLID_ANGLE_UNIT ( ) );
#1216 = ORIENTED_EDGE ( 'NONE', *, *, #854, .F. ) ;
#1217 = CARTESIAN_POINT ( 'NONE',  ( 1.399999999999999689, 0.4500000000000000111, -1.499999999999999778 ) ) ;
#1218 = FILL_AREA_STYLE_COLOUR ( '', #7187 ) ;
#1219 = MECHANICAL_DESIGN_GEOMETRIC_PRESENTATION_REPRESENTATION (  '', ( #3449 ), #5127 ) ;
#1220 = PRESENTATION_STYLE_ASSIGNMENT (( #6153 ) ) ;
#1221 = DIRECTION ( 'NONE',  ( -0.000000000000000000, 1.000000000000000000, -0.000000000000000000 ) ) ;
#1222 = STYLED_ITEM ( 'NONE', ( #2930 ), #4584 ) ;
#1223 = EDGE_LOOP ( 'NONE', ( #4844, #7945, #3098, #6973 ) ) ;
#1224 = CARTESIAN_POINT ( 'NONE',  ( -1.054999999999999938, 1.100000000000000089, -1.143275709543334351 ) ) ;
#1225 = AXIS2_PLACEMENT_3D ( 'NONE', #3999, #1474, #5312 ) ;
#1226 = DIRECTION ( 'NONE',  ( -1.000000000000000000, 0.000000000000000000, 0.000000000000000000 ) ) ;
#1227 = EDGE_LOOP ( 'NONE', ( #2564, #170, #1785, #3532 ) ) ;
#1228 = MECHANICAL_DESIGN_GEOMETRIC_PRESENTATION_REPRESENTATION (  '', ( #4744 ), #6813 ) ;
#1229 = DIRECTION ( 'NONE',  ( 1.000000000000000000, 0.000000000000000000, -0.000000000000000000 ) ) ;
#1230 = AXIS2_PLACEMENT_3D ( 'NONE', #6914, #1378, #3356 ) ;
#1231 =( NAMED_UNIT ( * ) PLANE_ANGLE_UNIT ( ) SI_UNIT ( $, .RADIAN. ) );
#1232 = AXIS2_PLACEMENT_3D ( 'NONE', #3545, #5495, #3772 ) ;
#1233 = EDGE_CURVE ( 'NONE', #5957, #3161, #200, .T. ) ;
#1234 = EDGE_CURVE ( 'NONE', #1536, #1635, #975, .T. ) ;
#1235 = STYLED_ITEM ( 'NONE', ( #4461 ), #2417 ) ;
#1236 = CARTESIAN_POINT ( 'NONE',  ( -1.500000000000000222, 0.4500000000000001221, -0.1750000000000000722 ) ) ;
#1237 = CARTESIAN_POINT ( 'NONE',  ( -1.400000000000000133, 0.9000000000000002442, -1.399999999999999689 ) ) ;
#1238 = VERTEX_POINT ( 'NONE', #1657 ) ;
#1239 = MECHANICAL_DESIGN_GEOMETRIC_PRESENTATION_REPRESENTATION (  '', ( #2295 ), #6066 ) ;
#1240 =( NAMED_UNIT ( * ) SI_UNIT ( $, .STERADIAN. ) SOLID_ANGLE_UNIT ( ) );
#1241 = EDGE_LOOP ( 'NONE', ( #6553, #6091, #7353, #4400 ) ) ;
#1242 = VERTEX_POINT ( 'NONE', #936 ) ;
#1243 = FACE_OUTER_BOUND ( 'NONE', #5367, .T. ) ;
#1244 = FILL_AREA_STYLE_COLOUR ( '', #767 ) ;
#1245 = PRESENTATION_STYLE_ASSIGNMENT (( #3262 ) ) ;
#1246 = EDGE_CURVE ( 'NONE', #7946, #2159, #2821, .T. ) ;
#1247 = VECTOR ( 'NONE', #1759, 1000.000000000000000 ) ;
#1248 = PRESENTATION_STYLE_ASSIGNMENT (( #189 ) ) ;
#1249 = FACE_OUTER_BOUND ( 'NONE', #3753, .T. ) ;
#1250 = PRESENTATION_LAYER_ASSIGNMENT (  '', '', ( #2439 ) ) ;
#1251 = CARTESIAN_POINT ( 'NONE',  ( -1.500000000000000222, 2.065549442140357073, 1.499999999999999556 ) ) ;
#1252 = ORIENTED_EDGE ( 'NONE', *, *, #4730, .T. ) ;
#1253 = CARTESIAN_POINT ( 'NONE',  ( -1.325000000000000178, 0.4500000000000000666, 1.500000000000000222 ) ) ;
#1254 = DIRECTION ( 'NONE',  ( 0.000000000000000000, 0.000000000000000000, -1.000000000000000000 ) ) ;
#1255 = DIRECTION ( 'NONE',  ( 1.000000000000000000, 0.000000000000000000, -0.000000000000000000 ) ) ;
#1256 = ADVANCED_FACE ( 'NONE', ( #4685 ), #1049, .T. ) ;
#1257 = ORIENTED_EDGE ( 'NONE', *, *, #1831, .F. ) ;
#1258 = PRESENTATION_LAYER_ASSIGNMENT (  '', '', ( #5304 ) ) ;
#1259 = LINE ( 'NONE', #664, #5434 ) ;
#1260 = SURFACE_STYLE_FILL_AREA ( #5671 ) ;
#1261 = DIRECTION ( 'NONE',  ( 1.000000000000000000, -0.000000000000000000, -0.000000000000000000 ) ) ;
#1262 = VERTEX_POINT ( 'NONE', #6114 ) ;
#1263 = COLOUR_RGB ( '',1.000000000000000000, 0.8117647058823529438, 0.5019607843137254832 ) ;
#1264 = CARTESIAN_POINT ( 'NONE',  ( 0.000000000000000000, 0.4500000000000000666, 0.9000000000000005773 ) ) ;
#1265 = AXIS2_PLACEMENT_3D ( 'NONE', #4257, #3008, #4216 ) ;
#1266 = FILL_AREA_STYLE_COLOUR ( '', #2756 ) ;
#1267 = CYLINDRICAL_SURFACE ( 'NONE', #6589, 0.1999999999999998723 ) ;
#1268 = ORIENTED_EDGE ( 'NONE', *, *, #810, .F. ) ;
#1269 = AXIS2_PLACEMENT_3D ( 'NONE', #4914, #6106, #4992 ) ;
#1270 = MECHANICAL_DESIGN_GEOMETRIC_PRESENTATION_REPRESENTATION (  '', ( #7494 ), #4531 ) ;
#1271 =( NAMED_UNIT ( * ) PLANE_ANGLE_UNIT ( ) SI_UNIT ( $, .RADIAN. ) );
#1272 = CARTESIAN_POINT ( 'NONE',  ( 1.326794919243081905, 2.065549442140357073, 1.474999999999999645 ) ) ;
#1273 = MECHANICAL_DESIGN_GEOMETRIC_PRESENTATION_REPRESENTATION (  '', ( #7238 ), #2043 ) ;
#1274 = DIRECTION ( 'NONE',  ( 1.807003620809174632E-16, 0.000000000000000000, -1.000000000000000000 ) ) ;
#1275 = COLOUR_RGB ( '',1.000000000000000000, 0.8117647058823529438, 0.5019607843137254832 ) ;
#1276 = VECTOR ( 'NONE', #3634, 1000.000000000000000 ) ;
#1277 = SURFACE_STYLE_FILL_AREA ( #5105 ) ;
#1278 = ORIENTED_EDGE ( 'NONE', *, *, #7013, .T. ) ;
#1279 = VERTEX_POINT ( 'NONE', #1089 ) ;
#1280 = EDGE_CURVE ( 'NONE', #1290, #6041, #5209, .T. ) ;
#1281 = ORIENTED_EDGE ( 'NONE', *, *, #1831, .T. ) ;
#1282 = PRESENTATION_LAYER_ASSIGNMENT (  '', '', ( #7004 ) ) ;
#1283 = PRESENTATION_LAYER_ASSIGNMENT (  '', '', ( #7253 ) ) ;
#1284 =( NAMED_UNIT ( * ) SI_UNIT ( $, .STERADIAN. ) SOLID_ANGLE_UNIT ( ) );
#1285 = MECHANICAL_DESIGN_GEOMETRIC_PRESENTATION_REPRESENTATION (  '', ( #7909 ), #1558 ) ;
#1286 = CIRCLE ( 'NONE', #5594, 0.1750000000000000167 ) ;
#1287 = DIRECTION ( 'NONE',  ( -1.000000000000000000, 0.000000000000000000, -0.000000000000000000 ) ) ;
#1288 = ORIENTED_EDGE ( 'NONE', *, *, #1233, .T. ) ;
#1289 = CARTESIAN_POINT ( 'NONE',  ( 1.499999999999999778, 0.000000000000000000, 0.1499999999999687417 ) ) ;
#1290 = VERTEX_POINT ( 'NONE', #1173 ) ;
#1291 = ADVANCED_FACE ( 'NONE', ( #2975 ), #4799, .F. ) ;
#1292 = FILL_AREA_STYLE ('',( #2527 ) ) ;
#1293 = CARTESIAN_POINT ( 'NONE',  ( 1.475000000000000311, 0.000000000000000000, 1.326794919243081905 ) ) ;
#1294 = VECTOR ( 'NONE', #3624, 1000.000000000000000 ) ;
#1295 = CARTESIAN_POINT ( 'NONE',  ( 1.499999999999999778, 0.4500000000000000666, 0.000000000000000000 ) ) ;
#1296 = VERTEX_POINT ( 'NONE', #6745 ) ;
#1297 = SURFACE_STYLE_USAGE ( .BOTH. , #2499 ) ;
#1298 = EDGE_CURVE ( 'NONE', #1919, #3326, #4921, .T. ) ;
#1299 = CARTESIAN_POINT ( 'NONE',  ( -1.326794919243112547, 0.000000000000000000, 1.474999999999999645 ) ) ;
#1300 =( NAMED_UNIT ( * ) SI_UNIT ( $, .STERADIAN. ) SOLID_ANGLE_UNIT ( ) );
#1301 = FILL_AREA_STYLE ('',( #4399 ) ) ;
#1302 = EDGE_LOOP ( 'NONE', ( #1443, #2755, #4096, #4007 ) ) ;
#1303 =( LENGTH_UNIT ( ) NAMED_UNIT ( * ) SI_UNIT ( .MILLI., .METRE. ) );
#1304 = DIRECTION ( 'NONE',  ( 0.000000000000000000, 0.000000000000000000, -1.000000000000000000 ) ) ;
#1305 = CARTESIAN_POINT ( 'NONE',  ( -1.199999999999999956, 1.000000000000000000, 1.199999999999997957 ) ) ;
#1306 = EDGE_LOOP ( 'NONE', ( #2545, #7414, #6429, #2414 ) ) ;
#1307 = DIRECTION ( 'NONE',  ( 0.000000000000000000, 0.000000000000000000, 1.000000000000000000 ) ) ;
#1308 = DIRECTION ( 'NONE',  ( 0.000000000000000000, 0.000000000000000000, -1.000000000000000000 ) ) ;
#1309 =( GEOMETRIC_REPRESENTATION_CONTEXT ( 3 ) GLOBAL_UNCERTAINTY_ASSIGNED_CONTEXT ( ( #919 ) ) GLOBAL_UNIT_ASSIGNED_CONTEXT ( ( #1845, #2554, #6892 ) ) REPRESENTATION_CONTEXT ( 'NONE', 'WORKASPACE' ) );
#1310 = UNCERTAINTY_MEASURE_WITH_UNIT (LENGTH_MEASURE( 1.000000000000000082E-05 ), #7131, 'distance_accuracy_value', 'NONE');
#1311 = FILL_AREA_STYLE_COLOUR ( '', #3673 ) ;
#1312 = MECHANICAL_DESIGN_GEOMETRIC_PRESENTATION_REPRESENTATION (  '', ( #7546 ), #1057 ) ;
#1313 = ORIENTED_EDGE ( 'NONE', *, *, #2713, .T. ) ;
#1314 = ORIENTED_EDGE ( 'NONE', *, *, #5225, .T. ) ;
#1315 = VERTEX_POINT ( 'NONE', #4306 ) ;
#1316 = EDGE_CURVE ( 'NONE', #3503, #1406, #7785, .T. ) ;
#1317 = EDGE_CURVE ( 'NONE', #5520, #7756, #6667, .T. ) ;
#1318 = CARTESIAN_POINT ( 'NONE',  ( 3.252606517456599584E-16, 2.065549442140357073, -1.175494350822349034E-31 ) ) ;
#1319 = ORIENTED_EDGE ( 'NONE', *, *, #5679, .T. ) ;
#1320 =( LENGTH_UNIT ( ) NAMED_UNIT ( * ) SI_UNIT ( .MILLI., .METRE. ) );
#1321 = ORIENTED_EDGE ( 'NONE', *, *, #6265, .F. ) ;
#1322 = SURFACE_STYLE_FILL_AREA ( #5656 ) ;
#1323 = FILL_AREA_STYLE ('',( #37 ) ) ;
#1324 = CARTESIAN_POINT ( 'NONE',  ( 1.324999999999969758, 0.4499999999999999001, 1.500000000000000222 ) ) ;
#1325 = VECTOR ( 'NONE', #6793, 1000.000000000000000 ) ;
#1326 = ORIENTED_EDGE ( 'NONE', *, *, #2191, .F. ) ;
#1327 = ADVANCED_FACE ( 'NONE', ( #6070 ), #4517, .T. ) ;
#1328 = EDGE_CURVE ( 'NONE', #6906, #7172, #1379, .T. ) ;
#1329 = PRESENTATION_STYLE_ASSIGNMENT (( #4640 ) ) ;
#1330 = PRESENTATION_LAYER_ASSIGNMENT (  '', '', ( #1334 ) ) ;
#1331 =( NAMED_UNIT ( * ) PLANE_ANGLE_UNIT ( ) SI_UNIT ( $, .RADIAN. ) );
#1332 = FACE_OUTER_BOUND ( 'NONE', #5107, .T. ) ;
#1333 = ORIENTED_EDGE ( 'NONE', *, *, #5414, .T. ) ;
#1334 = STYLED_ITEM ( 'NONE', ( #5752 ), #4075 ) ;
#1335 = EDGE_CURVE ( 'NONE', #2886, #7583, #824, .T. ) ;
#1336 = SURFACE_STYLE_USAGE ( .BOTH. , #3118 ) ;
#1337 = MECHANICAL_DESIGN_GEOMETRIC_PRESENTATION_REPRESENTATION (  '', ( #6296 ), #1309 ) ;
#1338 = PRESENTATION_LAYER_ASSIGNMENT (  '', '', ( #2275 ) ) ;
#1339 = CARTESIAN_POINT ( 'NONE',  ( 1.500000000000000000, 0.9000000000000001332, -1.199999999999997957 ) ) ;
#1340 = ORIENTED_EDGE ( 'NONE', *, *, #5935, .T. ) ;
#1341 = COLOUR_RGB ( '',0.2509803921568627416, 0.2509803921568627416, 0.2509803921568627416 ) ;
#1342 = DIRECTION ( 'NONE',  ( 1.000000000000000000, 0.000000000000000000, 0.000000000000000000 ) ) ;
#1343 = LINE ( 'NONE', #5760, #6313 ) ;
#1344 = UNCERTAINTY_MEASURE_WITH_UNIT (LENGTH_MEASURE( 1.000000000000000082E-05 ), #7116, 'distance_accuracy_value', 'NONE');
#1345 = PRESENTATION_STYLE_ASSIGNMENT (( #1971 ) ) ;
#1346 =( LENGTH_UNIT ( ) NAMED_UNIT ( * ) SI_UNIT ( .MILLI., .METRE. ) );
#1347 = VECTOR ( 'NONE', #3299, 1000.000000000000000 ) ;
#1348 = EDGE_CURVE ( 'NONE', #2073, #2556, #2222, .T. ) ;
#1349 = DIRECTION ( 'NONE',  ( 0.000000000000000000, -1.000000000000000000, 0.000000000000000000 ) ) ;
#1350 = MECHANICAL_DESIGN_GEOMETRIC_PRESENTATION_REPRESENTATION (  '', ( #716 ), #970 ) ;
#1351 = LINE ( 'NONE', #3837, #7708 ) ;
#1352 = DIRECTION ( 'NONE',  ( -1.000000000000000000, 0.000000000000000000, -0.000000000000000000 ) ) ;
#1353 = VECTOR ( 'NONE', #1717, 1000.000000000000000 ) ;
#1354 = ORIENTED_EDGE ( 'NONE', *, *, #116, .F. ) ;
#1355 = ORIENTED_EDGE ( 'NONE', *, *, #7400, .T. ) ;
#1356 = ORIENTED_EDGE ( 'NONE', *, *, #1983, .T. ) ;
#1357 = LINE ( 'NONE', #1408, #4221 ) ;
#1358 = DIRECTION ( 'NONE',  ( -0.000000000000000000, 0.000000000000000000, -1.000000000000000000 ) ) ;
#1359 =( GEOMETRIC_REPRESENTATION_CONTEXT ( 3 ) GLOBAL_UNCERTAINTY_ASSIGNED_CONTEXT ( ( #2927 ) ) GLOBAL_UNIT_ASSIGNED_CONTEXT ( ( #6006, #7357, #1146 ) ) REPRESENTATION_CONTEXT ( 'NONE', 'WORKASPACE' ) );
#1360 =( NAMED_UNIT ( * ) PLANE_ANGLE_UNIT ( ) SI_UNIT ( $, .RADIAN. ) );
#1361 = STYLED_ITEM ( 'NONE', ( #4680 ), #2555 ) ;
#1362 = COLOUR_RGB ( '',0.2509803921568627416, 0.2509803921568627416, 0.2509803921568627416 ) ;
#1363 =( NAMED_UNIT ( * ) SI_UNIT ( $, .STERADIAN. ) SOLID_ANGLE_UNIT ( ) );
#1364 = AXIS2_PLACEMENT_3D ( 'NONE', #7365, #3560, #6649 ) ;
#1365 = CARTESIAN_POINT ( 'NONE',  ( -1.475000000000000089, 0.4500000000000001221, 0.1732050807568880080 ) ) ;
#1366 = EDGE_LOOP ( 'NONE', ( #3626, #6770, #1891, #5635 ) ) ;
#1367 = SURFACE_STYLE_FILL_AREA ( #4422 ) ;
#1368 = VECTOR ( 'NONE', #7315, 1000.000000000000000 ) ;
#1369 =( GEOMETRIC_REPRESENTATION_CONTEXT ( 3 ) GLOBAL_UNCERTAINTY_ASSIGNED_CONTEXT ( ( #2042 ) ) GLOBAL_UNIT_ASSIGNED_CONTEXT ( ( #1044, #2925, #4023 ) ) REPRESENTATION_CONTEXT ( 'NONE', 'WORKASPACE' ) );
#1370 = ORIENTED_EDGE ( 'NONE', *, *, #7242, .T. ) ;
#1371 = FILL_AREA_STYLE_COLOUR ( '', #984 ) ;
#1372 = CARTESIAN_POINT ( 'NONE',  ( -1.500000000000000222, 0.000000000000000000, 0.000000000000000000 ) ) ;
#1373 = CARTESIAN_POINT ( 'NONE',  ( -1.350000000000000311, 0.000000000000000000, 1.500000000000000222 ) ) ;
#1374 = UNCERTAINTY_MEASURE_WITH_UNIT (LENGTH_MEASURE( 1.000000000000000082E-05 ), #2419, 'distance_accuracy_value', 'NONE');
#1375 = DIRECTION ( 'NONE',  ( 0.000000000000000000, 0.000000000000000000, -1.000000000000000000 ) ) ;
#1376 = EDGE_LOOP ( 'NONE', ( #3572, #5356, #4174, #2372 ) ) ;
#1377 = UNCERTAINTY_MEASURE_WITH_UNIT (LENGTH_MEASURE( 1.000000000000000082E-05 ), #2801, 'distance_accuracy_value', 'NONE');
#1378 = DIRECTION ( 'NONE',  ( 0.000000000000000000, 1.000000000000000000, 0.000000000000000000 ) ) ;
#1379 = LINE ( 'NONE', #3861, #3896 ) ;
#1380 = DIRECTION ( 'NONE',  ( -0.000000000000000000, 1.000000000000000000, 0.000000000000000000 ) ) ;
#1381 = PLANE ( 'NONE',  #2079 ) ;
#1382 = AXIS2_PLACEMENT_3D ( 'NONE', #458, #1102, #4284 ) ;
#1383 = SURFACE_STYLE_FILL_AREA ( #6963 ) ;
#1384 = EDGE_CURVE ( 'NONE', #1155, #4375, #3316, .T. ) ;
#1385 = UNCERTAINTY_MEASURE_WITH_UNIT (LENGTH_MEASURE( 1.000000000000000082E-05 ), #6231, 'distance_accuracy_value', 'NONE');
#1386 = CARTESIAN_POINT ( 'NONE',  ( 1.199999999999999734, 1.000000000000000000, -1.399999999999998357 ) ) ;
#1387 = VERTEX_POINT ( 'NONE', #5088 ) ;
#1388 = DIRECTION ( 'NONE',  ( -0.000000000000000000, 1.000000000000000000, 0.000000000000000000 ) ) ;
#1389 = STYLED_ITEM ( 'NONE', ( #3451 ), #3321 ) ;
#1390 = CARTESIAN_POINT ( 'NONE',  ( 1.324999999999969758, 0.4499999999999999001, 1.500000000000000222 ) ) ;
#1391 = CARTESIAN_POINT ( 'NONE',  ( -1.199999999999999956, 1.100000000000000089, 1.199999999999997957 ) ) ;
#1392 = COLOUR_RGB ( '',0.7529411764705882248, 0.7529411764705882248, 0.7529411764705882248 ) ;
#1393 = VERTEX_POINT ( 'NONE', #5833 ) ;
#1394 = DIRECTION ( 'NONE',  ( 0.000000000000000000, -1.000000000000000000, 0.000000000000000000 ) ) ;
#1395 = ADVANCED_FACE ( 'NONE', ( #6315 ), #3357, .F. ) ;
#1396 = SURFACE_STYLE_FILL_AREA ( #754 ) ;
#1397 = SURFACE_STYLE_USAGE ( .BOTH. , #755 ) ;
#1398 = CARTESIAN_POINT ( 'NONE',  ( 0.000000000000000000, 0.4500000000000000666, 0.000000000000000000 ) ) ;
#1399 = MECHANICAL_DESIGN_GEOMETRIC_PRESENTATION_REPRESENTATION (  '', ( #372 ), #4779 ) ;
#1400 = AXIS2_PLACEMENT_3D ( 'NONE', #3309, #5041, #7580 ) ;
#1401 = DIRECTION ( 'NONE',  ( 2.230358754827323046E-14, 0.000000000000000000, -1.000000000000000000 ) ) ;
#1402 = LINE ( 'NONE', #2600, #7308 ) ;
#1403 = CARTESIAN_POINT ( 'NONE',  ( 3.469446951953602849E-16, 0.000000000000000000, -0.2999999999999990452 ) ) ;
#1404 = ORIENTED_EDGE ( 'NONE', *, *, #4168, .F. ) ;
#1405 = CARTESIAN_POINT ( 'NONE',  ( -1.399999999999999689, 1.050000000000000488, 1.199999999999997735 ) ) ;
#1406 = VERTEX_POINT ( 'NONE', #7595 ) ;
#1407 = ADVANCED_FACE ( 'NONE', ( #4593 ), #4557, .F. ) ;
#1408 = CARTESIAN_POINT ( 'NONE',  ( 0.000000000000000000, 0.000000000000000000, -0.9000000000000005773 ) ) ;
#1409 =( NAMED_UNIT ( * ) SI_UNIT ( $, .STERADIAN. ) SOLID_ANGLE_UNIT ( ) );
#1410 = UNCERTAINTY_MEASURE_WITH_UNIT (LENGTH_MEASURE( 1.000000000000000082E-05 ), #3410, 'distance_accuracy_value', 'NONE');
#1411 = ORIENTED_EDGE ( 'NONE', *, *, #1018, .F. ) ;
#1412 = AXIS2_PLACEMENT_3D ( 'NONE', #794, #3285, #5227 ) ;
#1413 = ORIENTED_EDGE ( 'NONE', *, *, #1749, .T. ) ;
#1414 = CYLINDRICAL_SURFACE ( 'NONE', #1400, 0.1499999999999999667 ) ;
#1415 = AXIS2_PLACEMENT_3D ( 'NONE', #5135, #5090, #4066 ) ;
#1416 = VECTOR ( 'NONE', #38, 1000.000000000000000 ) ;
#1417 = ORIENTED_EDGE ( 'NONE', *, *, #6670, .T. ) ;
#1418 = LINE ( 'NONE', #3901, #6186 ) ;
#1419 = DIRECTION ( 'NONE',  ( 0.000000000000000000, 0.000000000000000000, -1.000000000000000000 ) ) ;
#1420 = FILL_AREA_STYLE ('',( #2162 ) ) ;
#1421 = DIRECTION ( 'NONE',  ( 0.000000000000000000, 0.000000000000000000, -1.000000000000000000 ) ) ;
#1422 = COLOUR_RGB ( '',1.000000000000000000, 0.8117647058823529438, 0.5019607843137254832 ) ;
#1423 = COLOUR_RGB ( '',1.000000000000000000, 0.8117647058823529438, 0.5019607843137254832 ) ;
#1424 = DIRECTION ( 'NONE',  ( 0.000000000000000000, 1.000000000000000000, -0.000000000000000000 ) ) ;
#1425 = SURFACE_STYLE_USAGE ( .BOTH. , #3814 ) ;
#1426 = VECTOR ( 'NONE', #6522, 1000.000000000000000 ) ;
#1427 = CARTESIAN_POINT ( 'NONE',  ( 0.7499999999999997780, 0.4500000000000001221, 0.2999999999999999334 ) ) ;
#1428 = CARTESIAN_POINT ( 'NONE',  ( 0.000000000000000000, 2.065549442140357073, -0.9000000000000005773 ) ) ;
#1429 = CYLINDRICAL_SURFACE ( 'NONE', #1162, 0.1750000000000303813 ) ;
#1430 = SURFACE_SIDE_STYLE ('',( #3948 ) ) ;
#1431 = ORIENTED_EDGE ( 'NONE', *, *, #4572, .T. ) ;
#1432 = DIRECTION ( 'NONE',  ( 0.000000000000000000, -1.000000000000000000, 0.000000000000000000 ) ) ;
#1433 = SURFACE_STYLE_FILL_AREA ( #791 ) ;
#1434 = ADVANCED_FACE ( 'NONE', ( #5964 ), #4758, .T. ) ;
#1435 = VERTEX_POINT ( 'NONE', #2247 ) ;
#1436 = CARTESIAN_POINT ( 'NONE',  ( -1.475000000000000089, 0.000000000000000000, -0.1732050807568877582 ) ) ;
#1437 = SURFACE_STYLE_FILL_AREA ( #4441 ) ;
#1438 = CARTESIAN_POINT ( 'NONE',  ( 0.000000000000000000, 1.100000000000000089, 0.000000000000000000 ) ) ;
#1439 =( NAMED_UNIT ( * ) PLANE_ANGLE_UNIT ( ) SI_UNIT ( $, .RADIAN. ) );
#1440 = CARTESIAN_POINT ( 'NONE',  ( -1.499999999999999778, 0.9000000000000001332, 1.199999999999997957 ) ) ;
#1441 = ADVANCED_FACE ( 'NONE', ( #3434 ), #2328, .T. ) ;
#1442 = DIRECTION ( 'NONE',  ( -1.000000000000000000, -0.000000000000000000, -0.000000000000000000 ) ) ;
#1443 = ORIENTED_EDGE ( 'NONE', *, *, #4330, .F. ) ;
#1444 = PRESENTATION_LAYER_ASSIGNMENT (  '', '', ( #4953 ) ) ;
#1445 = LINE ( 'NONE', #5814, #7496 ) ;
#1446 = ORIENTED_EDGE ( 'NONE', *, *, #5899, .F. ) ;
#1447 = DIRECTION ( 'NONE',  ( 0.000000000000000000, -1.000000000000000000, 0.000000000000000000 ) ) ;
#1448 = CARTESIAN_POINT ( 'NONE',  ( -4.814824860968089633E-32, 0.4500000000000001221, -0.9000000000000005773 ) ) ;
#1449 = ORIENTED_EDGE ( 'NONE', *, *, #819, .T. ) ;
#1450 = CARTESIAN_POINT ( 'NONE',  ( 1.499999999999999778, 0.4499999999999999001, 3.122502256758252770E-14 ) ) ;
#1451 = VECTOR ( 'NONE', #509, 1000.000000000000000 ) ;
#1452 = LINE ( 'NONE', #5696, #315 ) ;
#1453 = EDGE_CURVE ( 'NONE', #3688, #5029, #4186, .T. ) ;
#1454 = VERTEX_POINT ( 'NONE', #1090 ) ;
#1455 = ORIENTED_EDGE ( 'NONE', *, *, #4041, .T. ) ;
#1456 = CARTESIAN_POINT ( 'NONE',  ( -1.475000000000000089, 0.4500000000000000666, 0.000000000000000000 ) ) ;
#1458 = STYLED_ITEM ( 'NONE', ( #4437 ), #5852 ) ;
#1457 = CARTESIAN_POINT ( 'NONE',  ( -1.199999999999999734, 1.000000000000000000, 1.499999999999997558 ) ) ;
#1459 = PLANE ( 'NONE',  #1113 ) ;
#1460 = DIRECTION ( 'NONE',  ( -0.000000000000000000, 1.000000000000000000, 0.000000000000000000 ) ) ;
#1461 = CARTESIAN_POINT ( 'NONE',  ( -1.500000000000000222, 0.000000000000000000, 0.1750000000000000722 ) ) ;
#1462 = FILL_AREA_STYLE ('',( #4809 ) ) ;
#1463 = CARTESIAN_POINT ( 'NONE',  ( -1.500000000000000222, 0.000000000000000000, 1.499999999999999556 ) ) ;
#1464 =( NAMED_UNIT ( * ) PLANE_ANGLE_UNIT ( ) SI_UNIT ( $, .RADIAN. ) );
#1465 = PRESENTATION_LAYER_ASSIGNMENT (  '', '', ( #3308 ) ) ;
#1466 = DIRECTION ( 'NONE',  ( 1.000000000000000000, 0.000000000000000000, -0.000000000000000000 ) ) ;
#1467 = VERTEX_POINT ( 'NONE', #7160 ) ;
#1468 = CARTESIAN_POINT ( 'NONE',  ( 1.399999999999999689, 1.050000000000000044, 1.199999999999997735 ) ) ;
#1469 = CARTESIAN_POINT ( 'NONE',  ( 1.375735931288072367, 0.9000000000000000222, -1.499999999999999556 ) ) ;
#1470 = AXIS2_PLACEMENT_3D ( 'NONE', #91, #1966, #4940 ) ;
#1471 = CARTESIAN_POINT ( 'NONE',  ( 1.324999999999969758, 2.065549442140357073, 1.500000000000000222 ) ) ;
#1472 = ORIENTED_EDGE ( 'NONE', *, *, #1775, .F. ) ;
#1473 = PLANE ( 'NONE',  #3509 ) ;
#1474 = DIRECTION ( 'NONE',  ( -0.000000000000000000, 1.000000000000000000, -0.000000000000000000 ) ) ;
#1475 = AXIS2_PLACEMENT_3D ( 'NONE', #4295, #1074, #3682 ) ;
#1476 =( NAMED_UNIT ( * ) SI_UNIT ( $, .STERADIAN. ) SOLID_ANGLE_UNIT ( ) );
#1477 = SURFACE_STYLE_FILL_AREA ( #5155 ) ;
#1478 = PRESENTATION_LAYER_ASSIGNMENT (  '', '', ( #6301 ) ) ;
#1479 = VERTEX_POINT ( 'NONE', #2977 ) ;
#1480 = CARTESIAN_POINT ( 'NONE',  ( 0.7499999999999996669, 2.065549442140357073, -0.2999999999999999334 ) ) ;
#1481 = ORIENTED_EDGE ( 'NONE', *, *, #1775, .T. ) ;
#1482 = DIRECTION ( 'NONE',  ( -1.000000000000000000, -0.000000000000000000, -0.000000000000000000 ) ) ;
#1483 = CARTESIAN_POINT ( 'NONE',  ( -0.7499999999999991118, 2.065549442140357073, 0.9000000000000005773 ) ) ;
#1484 = SURFACE_SIDE_STYLE ('',( #4580 ) ) ;
#1485 = EDGE_CURVE ( 'NONE', #3056, #1079, #7118, .T. ) ;
#1486 = EDGE_CURVE ( 'NONE', #5029, #1765, #7999, .T. ) ;
#1487 = ORIENTED_EDGE ( 'NONE', *, *, #2989, .F. ) ;
#1488 = AXIS2_PLACEMENT_3D ( 'NONE', #5407, #5448, #4145 ) ;
#1489 =( NAMED_UNIT ( * ) PLANE_ANGLE_UNIT ( ) SI_UNIT ( $, .RADIAN. ) );
#1490 = ORIENTED_EDGE ( 'NONE', *, *, #5, .F. ) ;
#1491 = UNCERTAINTY_MEASURE_WITH_UNIT (LENGTH_MEASURE( 1.000000000000000082E-05 ), #7604, 'distance_accuracy_value', 'NONE');
#1492 = ORIENTED_EDGE ( 'NONE', *, *, #1150, .T. ) ;
#1493 = SURFACE_SIDE_STYLE ('',( #6477 ) ) ;
#1494 = PRESENTATION_LAYER_ASSIGNMENT (  '', '', ( #6447 ) ) ;
#1495 = EDGE_CURVE ( 'NONE', #6012, #6938, #6143, .T. ) ;
#1496 = SURFACE_SIDE_STYLE ('',( #3903 ) ) ;
#1497 =( GEOMETRIC_REPRESENTATION_CONTEXT ( 3 ) GLOBAL_UNCERTAINTY_ASSIGNED_CONTEXT ( ( #6751 ) ) GLOBAL_UNIT_ASSIGNED_CONTEXT ( ( #1912, #6314, #2038 ) ) REPRESENTATION_CONTEXT ( 'NONE', 'WORKASPACE' ) );
#1498 = VECTOR ( 'NONE', #312, 1000.000000000000000 ) ;
#1499 = DIRECTION ( 'NONE',  ( -0.000000000000000000, 1.000000000000000000, 0.000000000000000000 ) ) ;
#1500 =( GEOMETRIC_REPRESENTATION_CONTEXT ( 3 ) GLOBAL_UNCERTAINTY_ASSIGNED_CONTEXT ( ( #7377 ) ) GLOBAL_UNIT_ASSIGNED_CONTEXT ( ( #6842, #1271, #6287 ) ) REPRESENTATION_CONTEXT ( 'NONE', 'WORKASPACE' ) );
#1501 = AXIS2_PLACEMENT_3D ( 'NONE', #3057, #7510, #5621 ) ;
#1502 = CARTESIAN_POINT ( 'NONE',  ( 0.000000000000000000, 2.065549442140357073, 0.9000000000000005773 ) ) ;
#1503 = CIRCLE ( 'NONE', #7214, 0.04999999999999991257 ) ;
#1504 = DIRECTION ( 'NONE',  ( 0.000000000000000000, 0.000000000000000000, -1.000000000000000000 ) ) ;
#1505 = DIRECTION ( 'NONE',  ( 1.000000000000000000, 0.000000000000000000, -0.000000000000000000 ) ) ;
#1506 = FILL_AREA_STYLE ('',( #4598 ) ) ;
#1507 = EDGE_CURVE ( 'NONE', #4911, #615, #1738, .T. ) ;
#1508 = AXIS2_PLACEMENT_3D ( 'NONE', #1305, #5017, #3784 ) ;
#1509 = FILL_AREA_STYLE_COLOUR ( '', #3317 ) ;
#1510 = EDGE_LOOP ( 'NONE', ( #6986, #6219, #815, #5905 ) ) ;
#1511 =( NAMED_UNIT ( * ) SI_UNIT ( $, .STERADIAN. ) SOLID_ANGLE_UNIT ( ) );
#1512 = CARTESIAN_POINT ( 'NONE',  ( 0.000000000000000000, 0.000000000000000000, 1.474999999999999645 ) ) ;
#1513 = VERTEX_POINT ( 'NONE', #7385 ) ;
#1514 = SURFACE_STYLE_FILL_AREA ( #5758 ) ;
#1515 = DIRECTION ( 'NONE',  ( 0.000000000000000000, 0.000000000000000000, -1.000000000000000000 ) ) ;
#1516 = PRESENTATION_STYLE_ASSIGNMENT (( #422 ) ) ;
#1517 =( NAMED_UNIT ( * ) PLANE_ANGLE_UNIT ( ) SI_UNIT ( $, .RADIAN. ) );
#1518 = STYLED_ITEM ( 'NONE', ( #7780 ), #3355 ) ;
#1519 = CARTESIAN_POINT ( 'NONE',  ( 1.499999999999999778, 2.065549442140357073, 0.000000000000000000 ) ) ;
#1520 = PRESENTATION_STYLE_ASSIGNMENT (( #7778 ) ) ;
#1521 =( NAMED_UNIT ( * ) SI_UNIT ( $, .STERADIAN. ) SOLID_ANGLE_UNIT ( ) );
#1522 = VERTEX_POINT ( 'NONE', #77 ) ;
#1523 = CARTESIAN_POINT ( 'NONE',  ( -1.500000000000000222, 0.000000000000000000, 1.500000000000000222 ) ) ;
#1524 = ORIENTED_EDGE ( 'NONE', *, *, #7465, .T. ) ;
#1525 = LINE ( 'NONE', #6544, #6441 ) ;
#1526 = CARTESIAN_POINT ( 'NONE',  ( 3.469446951953602849E-16, 2.065549442140357073, -0.2999999999999990452 ) ) ;
#1527 = PRESENTATION_STYLE_ASSIGNMENT (( #2760 ) ) ;
#1528 = CIRCLE ( 'NONE', #6483, 0.1749999999999996003 ) ;
#1529 =( LENGTH_UNIT ( ) NAMED_UNIT ( * ) SI_UNIT ( .MILLI., .METRE. ) );
#1530 = ORIENTED_EDGE ( 'NONE', *, *, #3597, .F. ) ;
#1531 = DIRECTION ( 'NONE',  ( -1.000000000000000000, 0.000000000000000000, 0.000000000000000000 ) ) ;
#1532 = STYLED_ITEM ( 'NONE', ( #5358 ), #2058 ) ;
#1533 = EDGE_CURVE ( 'NONE', #1393, #2886, #4385, .T. ) ;
#1534 = VERTEX_POINT ( 'NONE', #568 ) ;
#1535 = CARTESIAN_POINT ( 'NONE',  ( -1.318573510323811778E-16, 2.065549442140357073, -1.350000000000015410 ) ) ;
#1536 = VERTEX_POINT ( 'NONE', #1777 ) ;
#1537 = FACE_OUTER_BOUND ( 'NONE', #643, .T. ) ;
#1538 = DIRECTION ( 'NONE',  ( -1.000000000000000000, 0.000000000000000000, 0.000000000000000000 ) ) ;
#1539 = PRESENTATION_LAYER_ASSIGNMENT (  '', '', ( #5839 ) ) ;
#1540 = DIRECTION ( 'NONE',  ( 0.000000000000000000, 0.000000000000000000, -1.000000000000000000 ) ) ;
#1541 = CARTESIAN_POINT ( 'NONE',  ( 0.000000000000000000, 1.000000000000000000, 0.000000000000000000 ) ) ;
#1542 = VECTOR ( 'NONE', #4167, 1000.000000000000000 ) ;
#1543 =( GEOMETRIC_REPRESENTATION_CONTEXT ( 3 ) GLOBAL_UNCERTAINTY_ASSIGNED_CONTEXT ( ( #7279 ) ) GLOBAL_UNIT_ASSIGNED_CONTEXT ( ( #2898, #4760, #7838 ) ) REPRESENTATION_CONTEXT ( 'NONE', 'WORKASPACE' ) );
#1544 = CIRCLE ( 'NONE', #5196, 0.1749999999999996003 ) ;
#1545 = DIRECTION ( 'NONE',  ( 0.000000000000000000, -1.000000000000000000, 0.000000000000000000 ) ) ;
#1546 = EDGE_CURVE ( 'NONE', #2335, #1522, #2451, .T. ) ;
#1547 = SURFACE_SIDE_STYLE ('',( #7803 ) ) ;
#1548 = DIRECTION ( 'NONE',  ( 1.000000000000000000, 0.000000000000000000, -0.000000000000000000 ) ) ;
#1549 = DIRECTION ( 'NONE',  ( -0.000000000000000000, 1.000000000000000000, -0.000000000000000000 ) ) ;
#1550 = FILL_AREA_STYLE ('',( #3436 ) ) ;
#1551 = SURFACE_STYLE_FILL_AREA ( #2700 ) ;
#1552 = VECTOR ( 'NONE', #4513, 1000.000000000000000 ) ;
#1553 = AXIS2_PLACEMENT_3D ( 'NONE', #7721, #5792, #7122 ) ;
#1554 = LINE ( 'NONE', #2743, #4329 ) ;
#1555 = VERTEX_POINT ( 'NONE', #1289 ) ;
#1556 = CARTESIAN_POINT ( 'NONE',  ( -1.200000000000000178, 1.000000000000000000, -1.199999999999998179 ) ) ;
#1557 = EDGE_CURVE ( 'NONE', #7765, #1730, #4879, .T. ) ;
#1558 =( GEOMETRIC_REPRESENTATION_CONTEXT ( 3 ) GLOBAL_UNCERTAINTY_ASSIGNED_CONTEXT ( ( #2456 ) ) GLOBAL_UNIT_ASSIGNED_CONTEXT ( ( #6635, #613, #8039 ) ) REPRESENTATION_CONTEXT ( 'NONE', 'WORKASPACE' ) );
#1559 = VERTEX_POINT ( 'NONE', #5531 ) ;
#1560 = FACE_OUTER_BOUND ( 'NONE', #26, .T. ) ;
#1561 = CARTESIAN_POINT ( 'NONE',  ( 0.000000000000000000, 0.000000000000000000, 0.000000000000000000 ) ) ;
#1562 = AXIS2_PLACEMENT_3D ( 'NONE', #2287, #7920, #5998 ) ;
#1563 = UNCERTAINTY_MEASURE_WITH_UNIT (LENGTH_MEASURE( 1.000000000000000082E-05 ), #5775, 'distance_accuracy_value', 'NONE');
#1564 = DIRECTION ( 'NONE',  ( 0.000000000000000000, -1.000000000000000000, 0.000000000000000000 ) ) ;
#1565 = ORIENTED_EDGE ( 'NONE', *, *, #5286, .T. ) ;
#1566 = DIRECTION ( 'NONE',  ( -0.000000000000000000, -1.000000000000000000, -0.000000000000000000 ) ) ;
#1567 = DIRECTION ( 'NONE',  ( 1.000000000000000000, -0.000000000000000000, 5.421010862427523156E-16 ) ) ;
#1568 = LINE ( 'NONE', #2803, #5588 ) ;
#1569 = VERTEX_POINT ( 'NONE', #4839 ) ;
#1570 = DIRECTION ( 'NONE',  ( 0.000000000000000000, 0.000000000000000000, 1.000000000000000000 ) ) ;
#1571 = ORIENTED_EDGE ( 'NONE', *, *, #2495, .T. ) ;
#1572 = CARTESIAN_POINT ( 'NONE',  ( -0.7499999999999994449, 0.000000000000000000, -0.3000000000000002109 ) ) ;
#1573 = ORIENTED_EDGE ( 'NONE', *, *, #6123, .T. ) ;
#1574 = CARTESIAN_POINT ( 'NONE',  ( 0.000000000000000000, 0.4500000000000000666, 1.474999999999999645 ) ) ;
#1575 = LINE ( 'NONE', #6555, #4660 ) ;
#1576 = COLOUR_RGB ( '',1.000000000000000000, 0.8117647058823529438, 0.5019607843137254832 ) ;
#1577 = SURFACE_SIDE_STYLE ('',( #3230 ) ) ;
#1578 = DIRECTION ( 'NONE',  ( -0.000000000000000000, 0.000000000000000000, -1.000000000000000000 ) ) ;
#1579 = FILL_AREA_STYLE_COLOUR ( '', #6679 ) ;
#1580 = CARTESIAN_POINT ( 'NONE',  ( 0.000000000000000000, 0.4499999999999999556, -1.499999999999999778 ) ) ;
#1581 = FACE_OUTER_BOUND ( 'NONE', #5675, .T. ) ;
#1582 = CARTESIAN_POINT ( 'NONE',  ( -1.500000000000000222, 2.065549442140357073, 0.000000000000000000 ) ) ;
#1583 = ADVANCED_FACE ( 'NONE', ( #5580 ), #6821, .F. ) ;
#1584 = EDGE_CURVE ( 'NONE', #4977, #2073, #1132, .T. ) ;
#1585 = SURFACE_STYLE_FILL_AREA ( #7123 ) ;
#1586 = ORIENTED_EDGE ( 'NONE', *, *, #798, .T. ) ;
#1587 = PRESENTATION_STYLE_ASSIGNMENT (( #4692 ) ) ;
#1588 = FACE_OUTER_BOUND ( 'NONE', #3405, .T. ) ;
#1589 = MECHANICAL_DESIGN_GEOMETRIC_PRESENTATION_REPRESENTATION (  '', ( #4586 ), #4193 ) ;
#1590 = DIRECTION ( 'NONE',  ( 0.000000000000000000, 0.000000000000000000, 1.000000000000000000 ) ) ;
#1591 = CARTESIAN_POINT ( 'NONE',  ( 1.326794919243081683, 2.065549442140357073, -1.475000000000000533 ) ) ;
#1592 = CARTESIAN_POINT ( 'NONE',  ( -1.475000000000000089, 2.065549442140357073, 1.326794919243112325 ) ) ;
#1593 = EDGE_CURVE ( 'NONE', #2438, #4977, #3769, .T. ) ;
#1594 = VECTOR ( 'NONE', #5716, 1000.000000000000000 ) ;
#1595 = SURFACE_STYLE_FILL_AREA ( #7695 ) ;
#1596 = UNCERTAINTY_MEASURE_WITH_UNIT (LENGTH_MEASURE( 1.000000000000000082E-05 ), #4906, 'distance_accuracy_value', 'NONE');
#1597 = CARTESIAN_POINT ( 'NONE',  ( 0.000000000000000000, 0.8500000000000000888, 1.499999999999999112 ) ) ;
#1598 = ORIENTED_EDGE ( 'NONE', *, *, #66, .F. ) ;
#1599 = FILL_AREA_STYLE_COLOUR ( '', #2462 ) ;
#1600 = ORIENTED_EDGE ( 'NONE', *, *, #7162, .F. ) ;
#1601 = DIRECTION ( 'NONE',  ( -0.000000000000000000, 1.000000000000000000, 0.000000000000000000 ) ) ;
#1603 = PRESENTATION_LAYER_ASSIGNMENT (  '', '', ( #6428 ) ) ;
#1602 = FACE_OUTER_BOUND ( 'NONE', #1241, .T. ) ;
#1604 = ADVANCED_FACE ( 'NONE', ( #653 ), #3016, .T. ) ;
#1605 = ORIENTED_EDGE ( 'NONE', *, *, #1533, .T. ) ;
#1606 = LINE ( 'NONE', #4708, #7582 ) ;
#1607 = COLOUR_RGB ( '',0.2509803921568627416, 0.2509803921568627416, 0.2509803921568627416 ) ;
#1608 = CARTESIAN_POINT ( 'NONE',  ( 1.469132017898049147, 0.9000000000000003553, 1.354591185036714496 ) ) ;
#1609 = VERTEX_POINT ( 'NONE', #6905 ) ;
#1610 = ORIENTED_EDGE ( 'NONE', *, *, #3883, .T. ) ;
#1611 = SURFACE_STYLE_FILL_AREA ( #4714 ) ;
#1612 = LINE ( 'NONE', #7261, #2345 ) ;
#1613 = COLOUR_RGB ( '',0.2509803921568627416, 0.2509803921568627416, 0.2509803921568627416 ) ;
#1614 = FACE_OUTER_BOUND ( 'NONE', #880, .T. ) ;
#1615 = STYLED_ITEM ( 'NONE', ( #313 ), #2807 ) ;
#1616 = FILL_AREA_STYLE ('',( #4754 ) ) ;
#1617 = AXIS2_PLACEMENT_3D ( 'NONE', #4812, #2905, #5502 ) ;
#1618 = FACE_OUTER_BOUND ( 'NONE', #3011, .T. ) ;
#1619 = SURFACE_SIDE_STYLE ('',( #4718 ) ) ;
#1620 = COLOUR_RGB ( '',0.2509803921568627416, 0.2509803921568627416, 0.2509803921568627416 ) ;
#1621 = CARTESIAN_POINT ( 'NONE',  ( 1.349999999999969891, 0.000000000000000000, -1.499999999999999778 ) ) ;
#1622 = CARTESIAN_POINT ( 'NONE',  ( -1.500000000000000222, 2.065549442140357073, 0.000000000000000000 ) ) ;
#1623 = FILL_AREA_STYLE_COLOUR ( '', #1423 ) ;
#1624 = CLOSED_SHELL ( 'NONE', ( #1039, #7989, #4644, #7254, #5513, #7354, #7344, #1159, #2536, #4471, #6794, #4035 ) ) ;
#1625 = MECHANICAL_DESIGN_GEOMETRIC_PRESENTATION_REPRESENTATION (  '', ( #1104 ), #5008 ) ;
#1626 = VERTEX_POINT ( 'NONE', #3899 ) ;
#1627 = VECTOR ( 'NONE', #4552, 1000.000000000000000 ) ;
#1628 = VECTOR ( 'NONE', #4311, 1000.000000000000000 ) ;
#1629 = ADVANCED_FACE ( 'NONE', ( #195 ), #1414, .F. ) ;
#1630 =( LENGTH_UNIT ( ) NAMED_UNIT ( * ) SI_UNIT ( .MILLI., .METRE. ) );
#1631 =( NAMED_UNIT ( * ) SI_UNIT ( $, .STERADIAN. ) SOLID_ANGLE_UNIT ( ) );
#1632 = STYLED_ITEM ( 'NONE', ( #4045 ), #7989 ) ;
#1633 = SURFACE_STYLE_USAGE ( .BOTH. , #2878 ) ;
#1634 = EDGE_CURVE ( 'NONE', #6203, #5772, #5971, .T. ) ;
#1635 = VERTEX_POINT ( 'NONE', #851 ) ;
#1636 = UNCERTAINTY_MEASURE_WITH_UNIT (LENGTH_MEASURE( 1.000000000000000082E-05 ), #1070, 'distance_accuracy_value', 'NONE');
#1637 = ORIENTED_EDGE ( 'NONE', *, *, #2902, .F. ) ;
#1638 = FACE_OUTER_BOUND ( 'NONE', #3298, .T. ) ;
#1639 = COLOUR_RGB ( '',0.2509803921568627416, 0.2509803921568627416, 0.2509803921568627416 ) ;
#1640 = EDGE_LOOP ( 'NONE', ( #1449, #3785, #6060, #4269 ) ) ;
#1641 = MECHANICAL_DESIGN_GEOMETRIC_PRESENTATION_REPRESENTATION (  '', ( #4645 ), #5967 ) ;
#1642 = FILL_AREA_STYLE ('',( #1722 ) ) ;
#1643 =( NAMED_UNIT ( * ) SI_UNIT ( $, .STERADIAN. ) SOLID_ANGLE_UNIT ( ) );
#1644 = AXIS2_PLACEMENT_3D ( 'NONE', #5857, #7697, #5318 ) ;
#1645 = EDGE_CURVE ( 'NONE', #2335, #5164, #5870, .T. ) ;
#1646 = ORIENTED_EDGE ( 'NONE', *, *, #7167, .F. ) ;
#1647 = PLANE ( 'NONE',  #3495 ) ;
#1648 =( GEOMETRIC_REPRESENTATION_CONTEXT ( 3 ) GLOBAL_UNCERTAINTY_ASSIGNED_CONTEXT ( ( #4180 ) ) GLOBAL_UNIT_ASSIGNED_CONTEXT ( ( #1320, #5701, #2078 ) ) REPRESENTATION_CONTEXT ( 'NONE', 'WORKASPACE' ) );
#1649 = ORIENTED_EDGE ( 'NONE', *, *, #513, .T. ) ;
#1650 = DIRECTION ( 'NONE',  ( 0.000000000000000000, 0.000000000000000000, -1.000000000000000000 ) ) ;
#1651 =( LENGTH_UNIT ( ) NAMED_UNIT ( * ) SI_UNIT ( .MILLI., .METRE. ) );
#1652 =( NAMED_UNIT ( * ) SI_UNIT ( $, .STERADIAN. ) SOLID_ANGLE_UNIT ( ) );
#1653 = AXIS2_PLACEMENT_3D ( 'NONE', #5649, #4417, #7458 ) ;
#1654 = SURFACE_STYLE_FILL_AREA ( #5573 ) ;
#1655 = CARTESIAN_POINT ( 'NONE',  ( -1.474999999999999867, 0.4499999999999999556, -0.9000000000000005773 ) ) ;
#1656 =( NAMED_UNIT ( * ) SI_UNIT ( $, .STERADIAN. ) SOLID_ANGLE_UNIT ( ) );
#1657 = CARTESIAN_POINT ( 'NONE',  ( 0.7499999999999996669, 0.4500000000000000666, -0.3000000000000004885 ) ) ;
#1658 = PRESENTATION_STYLE_ASSIGNMENT (( #4029 ) ) ;
#1659 = CARTESIAN_POINT ( 'NONE',  ( 0.7499999999999996669, 0.4500000000000000666, -1.475000000000000533 ) ) ;
#1660 = FILL_AREA_STYLE ('',( #6711 ) ) ;
#1661 = VECTOR ( 'NONE', #6277, 1000.000000000000000 ) ;
#1662 = PLANE ( 'NONE',  #2868 ) ;
#1663 = PLANE ( 'NONE',  #1232 ) ;
#1664 =( NAMED_UNIT ( * ) PLANE_ANGLE_UNIT ( ) SI_UNIT ( $, .RADIAN. ) );
#1665 = ORIENTED_EDGE ( 'NONE', *, *, #6678, .F. ) ;
#1666 = COLOUR_RGB ( '',1.000000000000000000, 0.8117647058823529438, 0.5019607843137254832 ) ;
#1667 = CARTESIAN_POINT ( 'NONE',  ( -1.475425905371849922, 0.9000000000000001332, 1.319179874822067111 ) ) ;
#1668 = DIRECTION ( 'NONE',  ( 1.000000000000000000, 0.000000000000000000, -0.000000000000000000 ) ) ;
#1669 = CYLINDRICAL_SURFACE ( 'NONE', #7502, 0.1000000000000000472 ) ;
#1670 = PLANE ( 'NONE',  #5523 ) ;
#1671 = CARTESIAN_POINT ( 'NONE',  ( -1.500000000000000222, 0.4500000000000001221, 0.000000000000000000 ) ) ;
#1672 = EDGE_CURVE ( 'NONE', #4375, #4736, #7508, .T. ) ;
#1673 = AXIS2_PLACEMENT_3D ( 'NONE', #5622, #7349, #7471 ) ;
#1674 = SURFACE_STYLE_USAGE ( .BOTH. , #2346 ) ;
#1675 = UNCERTAINTY_MEASURE_WITH_UNIT (LENGTH_MEASURE( 1.000000000000000082E-05 ), #3936, 'distance_accuracy_value', 'NONE');
#1676 = LINE ( 'NONE', #4164, #1368 ) ;
#1677 = ORIENTED_EDGE ( 'NONE', *, *, #4684, .F. ) ;
#1678 = DIRECTION ( 'NONE',  ( -0.000000000000000000, 1.000000000000000000, 0.000000000000000000 ) ) ;
#1679 = AXIS2_PLACEMENT_3D ( 'NONE', #5530, #5578, #2933 ) ;
#1680 = CARTESIAN_POINT ( 'NONE',  ( 3.252606517456599584E-16, 0.4499999999999999001, -1.175494350822349034E-31 ) ) ;
#1681 = CARTESIAN_POINT ( 'NONE',  ( 0.000000000000000000, 0.4500000000000000666, 0.9000000000000005773 ) ) ;
#1682 = EDGE_CURVE ( 'NONE', #1879, #2018, #893, .T. ) ;
#1683 = EDGE_LOOP ( 'NONE', ( #4783, #1984, #2621, #6250 ) ) ;
#1684 = ADVANCED_FACE ( 'NONE', ( #234 ), #7671, .F. ) ;
#1685 =( NAMED_UNIT ( * ) SI_UNIT ( $, .STERADIAN. ) SOLID_ANGLE_UNIT ( ) );
#1686 = CARTESIAN_POINT ( 'NONE',  ( 0.000000000000000000, 0.000000000000000000, 0.000000000000000000 ) ) ;
#1687 = EDGE_LOOP ( 'NONE', ( #434, #5031, #1413, #7030 ) ) ;
#1688 = ORIENTED_EDGE ( 'NONE', *, *, #6978, .T. ) ;
#1689 = ORIENTED_EDGE ( 'NONE', *, *, #2437, .T. ) ;
#1690 = PRESENTATION_STYLE_ASSIGNMENT (( #5368 ) ) ;
#1691 = LINE ( 'NONE', #3429, #6880 ) ;
#1692 = UNCERTAINTY_MEASURE_WITH_UNIT (LENGTH_MEASURE( 1.000000000000000082E-05 ), #1210, 'distance_accuracy_value', 'NONE');
#1693 = PLANE ( 'NONE',  #1781 ) ;
#1694 = EDGE_CURVE ( 'NONE', #7946, #4321, #1528, .T. ) ;
#1695 =( LENGTH_UNIT ( ) NAMED_UNIT ( * ) SI_UNIT ( .MILLI., .METRE. ) );
#1696 = PRESENTATION_STYLE_ASSIGNMENT (( #486 ) ) ;
#1697 = CARTESIAN_POINT ( 'NONE',  ( 1.499999999999998890, 0.9000000000000000222, 1.375735931288068592 ) ) ;
#1698 = ORIENTED_EDGE ( 'NONE', *, *, #7763, .F. ) ;
#1699 = DIRECTION ( 'NONE',  ( -0.000000000000000000, 1.000000000000000000, 0.000000000000000000 ) ) ;
#1701 = VECTOR ( 'NONE', #6723, 1000.000000000000000 ) ;
#1700 = SURFACE_STYLE_FILL_AREA ( #7761 ) ;
#1702 = SURFACE_STYLE_FILL_AREA ( #1782 ) ;
#1703 = LINE ( 'NONE', #7350, #2165 ) ;
#1704 = EDGE_CURVE ( 'NONE', #6469, #850, #3095, .T. ) ;
#1705 =( LENGTH_UNIT ( ) NAMED_UNIT ( * ) SI_UNIT ( .MILLI., .METRE. ) );
#1706 = VERTEX_POINT ( 'NONE', #4139 ) ;
#1707 = MECHANICAL_DESIGN_GEOMETRIC_PRESENTATION_REPRESENTATION (  '', ( #2246 ), #5364 ) ;
#1708 = SURFACE_STYLE_FILL_AREA ( #986 ) ;
#1709 = FILL_AREA_STYLE_COLOUR ( '', #728 ) ;
#1710 = CARTESIAN_POINT ( 'NONE',  ( 1.199999999999999734, 1.000000000000000000, -1.199999999999997957 ) ) ;
#1711 = CARTESIAN_POINT ( 'NONE',  ( -1.500000000000000222, 0.4500000000000000666, 0.000000000000000000 ) ) ;
#1712 = SURFACE_SIDE_STYLE ('',( #4813 ) ) ;
#1713 = DIRECTION ( 'NONE',  ( 0.000000000000000000, 0.000000000000000000, -1.000000000000000000 ) ) ;
#1714 =( NAMED_UNIT ( * ) SI_UNIT ( $, .STERADIAN. ) SOLID_ANGLE_UNIT ( ) );
#1715 = STYLED_ITEM ( 'NONE', ( #2381 ), #4937 ) ;
#1716 = ORIENTED_EDGE ( 'NONE', *, *, #7329, .F. ) ;
#1717 = DIRECTION ( 'NONE',  ( 0.000000000000000000, 0.000000000000000000, 1.000000000000000000 ) ) ;
#1718 = FACE_OUTER_BOUND ( 'NONE', #7796, .T. ) ;
#1719 = SURFACE_STYLE_FILL_AREA ( #5558 ) ;
#1720 =( GEOMETRIC_REPRESENTATION_CONTEXT ( 3 ) GLOBAL_UNCERTAINTY_ASSIGNED_CONTEXT ( ( #7093 ) ) GLOBAL_UNIT_ASSIGNED_CONTEXT ( ( #7880, #611, #1204 ) ) REPRESENTATION_CONTEXT ( 'NONE', 'WORKASPACE' ) );
#1721 =( LENGTH_UNIT ( ) NAMED_UNIT ( * ) SI_UNIT ( .MILLI., .METRE. ) );
#1722 = FILL_AREA_STYLE_COLOUR ( '', #822 ) ;
#1723 = CARTESIAN_POINT ( 'NONE',  ( 1.499999999999999778, 2.065549442140357073, 0.1499999999999687417 ) ) ;
#1724 = ORIENTED_EDGE ( 'NONE', *, *, #2942, .T. ) ;
#1725 = COLOUR_RGB ( '',0.2509803921568627416, 0.2509803921568627416, 0.2509803921568627416 ) ;
#1726 = PRESENTATION_STYLE_ASSIGNMENT (( #520 ) ) ;
#1727 = PRODUCT_DEFINITION ( 'UNKNOWN', '', #6073, #3365 ) ;
#1728 = ORIENTED_EDGE ( 'NONE', *, *, #1593, .T. ) ;
#1729 = EDGE_CURVE ( 'NONE', #7583, #1242, #4677, .T. ) ;
#1730 = VERTEX_POINT ( 'NONE', #1572 ) ;
#1731 = CARTESIAN_POINT ( 'NONE',  ( 0.7499999999999997780, 2.065549442140357073, -4.065758146820642121E-16 ) ) ;
#1732 = CARTESIAN_POINT ( 'NONE',  ( 1.324999999999969758, 0.000000000000000000, 1.500000000000000222 ) ) ;
#1733 = UNCERTAINTY_MEASURE_WITH_UNIT (LENGTH_MEASURE( 1.000000000000000082E-05 ), #6102, 'distance_accuracy_value', 'NONE');
#1734 = STYLED_ITEM ( 'NONE', ( #5591 ), #3985 ) ;
#1735 = CARTESIAN_POINT ( 'NONE',  ( -1.500000000000000222, 0.4500000000000001221, 0.1750000000000000167 ) ) ;
#1736 = COLOUR_RGB ( '',0.2509803921568627416, 0.2509803921568627416, 0.2509803921568627416 ) ;
#1737 = SURFACE_SIDE_STYLE ('',( #1817 ) ) ;
#1738 = LINE ( 'NONE', #2490, #3644 ) ;
#1739 =( GEOMETRIC_REPRESENTATION_CONTEXT ( 3 ) GLOBAL_UNCERTAINTY_ASSIGNED_CONTEXT ( ( #6889 ) ) GLOBAL_UNIT_ASSIGNED_CONTEXT ( ( #4964, #4350, #6040 ) ) REPRESENTATION_CONTEXT ( 'NONE', 'WORKASPACE' ) );
#1740 = ORIENTED_EDGE ( 'NONE', *, *, #7391, .F. ) ;
#1741 = EDGE_CURVE ( 'NONE', #3227, #3803, #6552, .T. ) ;
#1742 = SURFACE_SIDE_STYLE ('',( #5376 ) ) ;
#1743 = DIRECTION ( 'NONE',  ( -0.000000000000000000, 1.000000000000000000, 0.000000000000000000 ) ) ;
#1744 =( NAMED_UNIT ( * ) PLANE_ANGLE_UNIT ( ) SI_UNIT ( $, .RADIAN. ) );
#1745 = FILL_AREA_STYLE ('',( #7352 ) ) ;
#1746 = ORIENTED_EDGE ( 'NONE', *, *, #4675, .T. ) ;
#1747 = CARTESIAN_POINT ( 'NONE',  ( -1.470647158618957118, 0.9000000000000000222, 1.329742048183534475 ) ) ;
#1748 = CARTESIAN_POINT ( 'NONE',  ( -1.475000000000000089, 2.065549442140357073, 0.000000000000000000 ) ) ;
#1749 = EDGE_CURVE ( 'NONE', #2471, #1279, #2157, .T. ) ;
#1750 = COLOUR_RGB ( '',0.2509803921568627416, 0.2509803921568627416, 0.2509803921568627416 ) ;
#1751 =( NAMED_UNIT ( * ) PLANE_ANGLE_UNIT ( ) SI_UNIT ( $, .RADIAN. ) );
#1752 = CIRCLE ( 'NONE', #1225, 0.1499999999999999667 ) ;
#1753 = CYLINDRICAL_SURFACE ( 'NONE', #1617, 0.1749999999999687916 ) ;
#1754 = AXIS2_PLACEMENT_3D ( 'NONE', #3287, #834, #6928 ) ;
#1755 =( GEOMETRIC_REPRESENTATION_CONTEXT ( 3 ) GLOBAL_UNCERTAINTY_ASSIGNED_CONTEXT ( ( #4312 ) ) GLOBAL_UNIT_ASSIGNED_CONTEXT ( ( #5007, #6363, #1961 ) ) REPRESENTATION_CONTEXT ( 'NONE', 'WORKASPACE' ) );
#1756 = MECHANICAL_DESIGN_GEOMETRIC_PRESENTATION_REPRESENTATION (  '', ( #3834 ), #6317 ) ;
#1757 = PRESENTATION_STYLE_ASSIGNMENT (( #7314 ) ) ;
#1758 = LINE ( 'NONE', #2382, #7412 ) ;
#1759 = DIRECTION ( 'NONE',  ( 0.000000000000000000, -0.000000000000000000, 1.000000000000000000 ) ) ;
#1760 = COLOUR_RGB ( '',1.000000000000000000, 0.8117647058823529438, 0.5019607843137254832 ) ;
#1761 = ORIENTED_EDGE ( 'NONE', *, *, #8036, .T. ) ;
#1762 = SURFACE_SIDE_STYLE ('',( #5470 ) ) ;
#1763 = SURFACE_STYLE_USAGE ( .BOTH. , #6095 ) ;
#1764 = FILL_AREA_STYLE ('',( #7324 ) ) ;
#1765 = VERTEX_POINT ( 'NONE', #404 ) ;
#1766 = MECHANICAL_DESIGN_GEOMETRIC_PRESENTATION_REPRESENTATION (  '', ( #994 ), #6596 ) ;
#1767 = FILL_AREA_STYLE_COLOUR ( '', #6862 ) ;
#1768 = ORIENTED_EDGE ( 'NONE', *, *, #2866, .T. ) ;
#1769 = VERTEX_POINT ( 'NONE', #967 ) ;
#1770 = LINE ( 'NONE', #7948, #2327 ) ;
#1771 = UNCERTAINTY_MEASURE_WITH_UNIT (LENGTH_MEASURE( 1.000000000000000082E-05 ), #5878, 'distance_accuracy_value', 'NONE');
#1772 = DIRECTION ( 'NONE',  ( 0.000000000000000000, 0.000000000000000000, -1.000000000000000000 ) ) ;
#1773 = FILL_AREA_STYLE ('',( #6633 ) ) ;
#1774 = AXIS2_PLACEMENT_3D ( 'NONE', #2384, #4776, #7208 ) ;
#1775 = EDGE_CURVE ( 'NONE', #227, #3794, #3571, .T. ) ;
#1776 = CARTESIAN_POINT ( 'NONE',  ( 1.499999999999999112, 0.9000000000000002442, 1.400000000000000133 ) ) ;
#1777 = CARTESIAN_POINT ( 'NONE',  ( -0.7499999999999996669, 0.4500000000000000666, -0.2999999999999999334 ) ) ;
#1778 = VERTEX_POINT ( 'NONE', #6628 ) ;
#1779 = DIRECTION ( 'NONE',  ( 0.000000000000000000, -1.000000000000000000, 0.000000000000000000 ) ) ;
#1780 = FILL_AREA_STYLE_COLOUR ( '', #650 ) ;
#1781 = AXIS2_PLACEMENT_3D ( 'NONE', #440, #6064, #4872 ) ;
#1782 = FILL_AREA_STYLE ('',( #1623 ) ) ;
#1783 = FILL_AREA_STYLE_COLOUR ( '', #2809 ) ;
#1784 = MECHANICAL_DESIGN_GEOMETRIC_PRESENTATION_REPRESENTATION (  '', ( #5868 ), #6350 ) ;
#1785 = ORIENTED_EDGE ( 'NONE', *, *, #7749, .T. ) ;
#1786 = ADVANCED_FACE ( 'NONE', ( #6025 ), #1647, .F. ) ;
#1787 = COLOUR_RGB ( '',0.2509803921568627416, 0.2509803921568627416, 0.2509803921568627416 ) ;
#1788 =( LENGTH_UNIT ( ) NAMED_UNIT ( * ) SI_UNIT ( .MILLI., .METRE. ) );
#1789 = DIRECTION ( 'NONE',  ( 0.000000000000000000, 0.000000000000000000, -1.000000000000000000 ) ) ;
#1790 = AXIS2_PLACEMENT_3D ( 'NONE', #720, #4498, #7566 ) ;
#1791 = CARTESIAN_POINT ( 'NONE',  ( 1.499999999999999778, 2.065549442140357073, -1.500000000000000444 ) ) ;
#1792 = AXIS2_PLACEMENT_3D ( 'NONE', #6857, #1199, #6262 ) ;
#1793 =( GEOMETRIC_REPRESENTATION_CONTEXT ( 3 ) GLOBAL_UNCERTAINTY_ASSIGNED_CONTEXT ( ( #674 ) ) GLOBAL_UNIT_ASSIGNED_CONTEXT ( ( #7770, #3876, #832 ) ) REPRESENTATION_CONTEXT ( 'NONE', 'WORKASPACE' ) );
#1794 = ADVANCED_FACE ( 'NONE', ( #4630 ), #4020, .T. ) ;
#1795 =( NAMED_UNIT ( * ) SI_UNIT ( $, .STERADIAN. ) SOLID_ANGLE_UNIT ( ) );
#1796 = SURFACE_STYLE_USAGE ( .BOTH. , #669 ) ;
#1797 = VECTOR ( 'NONE', #4597, 1000.000000000000000 ) ;
#1798 = CIRCLE ( 'NONE', #2599, 0.1750000000000000167 ) ;
#1799 = EDGE_LOOP ( 'NONE', ( #4438, #4496, #6397, #1140 ) ) ;
#1800 = SURFACE_STYLE_FILL_AREA ( #5392 ) ;
#1801 = PRESENTATION_STYLE_ASSIGNMENT (( #1882 ) ) ;
#1802 = CYLINDRICAL_SURFACE ( 'NONE', #3212, 0.1000000000000000472 ) ;
#1803 = SURFACE_SIDE_STYLE ('',( #5472 ) ) ;
#1804 = CARTESIAN_POINT ( 'NONE',  ( -1.325000000000000178, 0.4500000000000001221, 1.500000000000000222 ) ) ;
#1805 = DIRECTION ( 'NONE',  ( -0.000000000000000000, 1.000000000000000000, -0.000000000000000000 ) ) ;
#1806 = STYLED_ITEM ( 'NONE', ( #7421 ), #1291 ) ;
#1807 = ORIENTED_EDGE ( 'NONE', *, *, #5082, .T. ) ;
#1808 =( NAMED_UNIT ( * ) SI_UNIT ( $, .STERADIAN. ) SOLID_ANGLE_UNIT ( ) );
#1809 = VERTEX_POINT ( 'NONE', #4909 ) ;
#1810 = ORIENTED_EDGE ( 'NONE', *, *, #5934, .T. ) ;
#1811 = CARTESIAN_POINT ( 'NONE',  ( 1.499999999999999778, 0.000000000000000000, -1.500000000000000444 ) ) ;
#1812 = CARTESIAN_POINT ( 'NONE',  ( -1.500000000000000222, 0.4500000000000001221, -1.500000000000000444 ) ) ;
#1813 = PRESENTATION_STYLE_ASSIGNMENT (( #7378 ) ) ;
#1814 = ORIENTED_EDGE ( 'NONE', *, *, #5961, .T. ) ;
#1815 = CARTESIAN_POINT ( 'NONE',  ( -1.500000000000000222, 2.065549442140357073, 0.000000000000000000 ) ) ;
#1816 =( NAMED_UNIT ( * ) PLANE_ANGLE_UNIT ( ) SI_UNIT ( $, .RADIAN. ) );
#1817 = SURFACE_STYLE_FILL_AREA ( #3053 ) ;
#1818 = CARTESIAN_POINT ( 'NONE',  ( -1.500000000000000222, 0.4500000000000000666, -1.325000000000000178 ) ) ;
#1819 = ORIENTED_EDGE ( 'NONE', *, *, #6953, .F. ) ;
#1820 = PRESENTATION_STYLE_ASSIGNMENT (( #4959 ) ) ;
#1821 = FILL_AREA_STYLE ('',( #1780 ) ) ;
#1822 = ADVANCED_FACE ( 'NONE', ( #4297 ), #25, .T. ) ;
#1823 = CARTESIAN_POINT ( 'NONE',  ( 1.399999999999999689, 0.4500000000000000666, 1.400000000000000133 ) ) ;
#1824 = FILL_AREA_STYLE_COLOUR ( '', #4362 ) ;
#1825 = CARTESIAN_POINT ( 'NONE',  ( -1.475000000000000089, 0.000000000000000000, -0.1732050807568877582 ) ) ;
#1826 = ORIENTED_EDGE ( 'NONE', *, *, #4382, .F. ) ;
#1827 = PRESENTATION_STYLE_ASSIGNMENT (( #580 ) ) ;
#1828 = LINE ( 'NONE', #5791, #1797 ) ;
#1829 = EDGE_CURVE ( 'NONE', #10, #3641, #7453, .T. ) ;
#1830 = FILL_AREA_STYLE_COLOUR ( '', #3702 ) ;
#1831 = EDGE_CURVE ( 'NONE', #1609, #7172, #6735, .T. ) ;
#1832 = FACE_OUTER_BOUND ( 'NONE', #6608, .T. ) ;
#1833 =( GEOMETRIC_REPRESENTATION_CONTEXT ( 3 ) GLOBAL_UNCERTAINTY_ASSIGNED_CONTEXT ( ( #281 ) ) GLOBAL_UNIT_ASSIGNED_CONTEXT ( ( #4287, #6010, #1714 ) ) REPRESENTATION_CONTEXT ( 'NONE', 'WORKASPACE' ) );
#1834 = ORIENTED_EDGE ( 'NONE', *, *, #5074, .F. ) ;
#1835 = CARTESIAN_POINT ( 'NONE',  ( -1.500000000000000000, 0.9000000000000002442, -1.399999999999999689 ) ) ;
#1836 = FILL_AREA_STYLE ('',( #4699 ) ) ;
#1837 = EDGE_LOOP ( 'NONE', ( #4500, #4367, #7107, #7023 ) ) ;
#1838 = VECTOR ( 'NONE', #201, 1000.000000000000000 ) ;
#1839 = LINE ( 'NONE', #4324, #7463 ) ;
#1840 = EDGE_CURVE ( 'NONE', #5310, #2508, #5477, .T. ) ;
#1841 = CARTESIAN_POINT ( 'NONE',  ( -1.084202172485568282E-16, 0.000000000000000000, -0.9000000000000005773 ) ) ;
#1842 = CARTESIAN_POINT ( 'NONE',  ( 1.499999999999999778, 2.065549442140357073, 0.1750000000000000722 ) ) ;
#1843 =( NAMED_UNIT ( * ) PLANE_ANGLE_UNIT ( ) SI_UNIT ( $, .RADIAN. ) );
#1844 = SURFACE_STYLE_USAGE ( .BOTH. , #6932 ) ;
#1845 =( LENGTH_UNIT ( ) NAMED_UNIT ( * ) SI_UNIT ( .MILLI., .METRE. ) );
#1846 = ORIENTED_EDGE ( 'NONE', *, *, #1150, .F. ) ;
#1847 = DIRECTION ( 'NONE',  ( 0.000000000000000000, -0.000000000000000000, 1.000000000000000000 ) ) ;
#1848 = ORIENTED_EDGE ( 'NONE', *, *, #7112, .T. ) ;
#1849 = EDGE_CURVE ( 'NONE', #1238, #2187, #3649, .T. ) ;
#1850 = EDGE_LOOP ( 'NONE', ( #3759, #5057, #4333, #5245 ) ) ;
#1851 = DIRECTION ( 'NONE',  ( 1.000000000000000000, 0.000000000000000000, -5.421010862427523156E-16 ) ) ;
#1853 = PRESENTATION_LAYER_ASSIGNMENT (  '', '', ( #1715 ) ) ;
#1852 =( NAMED_UNIT ( * ) PLANE_ANGLE_UNIT ( ) SI_UNIT ( $, .RADIAN. ) );
#1854 = ORIENTED_EDGE ( 'NONE', *, *, #2781, .F. ) ;
#1855 =( LENGTH_UNIT ( ) NAMED_UNIT ( * ) SI_UNIT ( .MILLI., .METRE. ) );
#1856 = VECTOR ( 'NONE', #4146, 1000.000000000000000 ) ;
#1857 = FILL_AREA_STYLE_COLOUR ( '', #2036 ) ;
#1858 = DIRECTION ( 'NONE',  ( -0.000000000000000000, 1.000000000000000000, 0.000000000000000000 ) ) ;
#1859 =( NAMED_UNIT ( * ) PLANE_ANGLE_UNIT ( ) SI_UNIT ( $, .RADIAN. ) );
#1860 = VERTEX_POINT ( 'NONE', #555 ) ;
#1861 = DIRECTION ( 'NONE',  ( 0.000000000000000000, 0.000000000000000000, -1.000000000000000000 ) ) ;
#1862 = CARTESIAN_POINT ( 'NONE',  ( 1.499999999999999778, 2.065549442140357073, 1.499999999999999556 ) ) ;
#1863 = STYLED_ITEM ( 'NONE', ( #6967 ), #4035 ) ;
#1864 = LINE ( 'NONE', #4349, #2817 ) ;
#1865 = PRESENTATION_LAYER_ASSIGNMENT (  '', '', ( #2270 ) ) ;
#1866 = UNCERTAINTY_MEASURE_WITH_UNIT (LENGTH_MEASURE( 1.000000000000000082E-05 ), #5175, 'distance_accuracy_value', 'NONE');
#1867 = ORIENTED_EDGE ( 'NONE', *, *, #4147, .T. ) ;
#1868 = CARTESIAN_POINT ( 'NONE',  ( 1.475000000000002753, 0.000000000000000000, 0.1732050807568878414 ) ) ;
#1869 = DIRECTION ( 'NONE',  ( 0.000000000000000000, -1.000000000000000000, -0.000000000000000000 ) ) ;
#1870 = DIRECTION ( 'NONE',  ( 0.000000000000000000, 0.000000000000000000, -1.000000000000000000 ) ) ;
#1871 =( GEOMETRIC_REPRESENTATION_CONTEXT ( 3 ) GLOBAL_UNCERTAINTY_ASSIGNED_CONTEXT ( ( #6333 ) ) GLOBAL_UNIT_ASSIGNED_CONTEXT ( ( #7538, #5115, #6815 ) ) REPRESENTATION_CONTEXT ( 'NONE', 'WORKASPACE' ) );
#1872 = VERTEX_POINT ( 'NONE', #6853 ) ;
#1873 = STYLED_ITEM ( 'NONE', ( #4780 ), #2843 ) ;
#1874 = CARTESIAN_POINT ( 'NONE',  ( 1.499999999999999778, 0.4499999999999999001, 1.500000000000000222 ) ) ;
#1875 = SURFACE_STYLE_USAGE ( .BOTH. , #1967 ) ;
#1876 = ADVANCED_FACE ( 'NONE', ( #7943 ), #2356, .T. ) ;
#1877 = MECHANICAL_DESIGN_GEOMETRIC_PRESENTATION_REPRESENTATION (  '', ( #2415 ), #6444 ) ;
#1878 = PRESENTATION_STYLE_ASSIGNMENT (( #1796 ) ) ;
#1879 = VERTEX_POINT ( 'NONE', #3840 ) ;
#1880 = COLOUR_RGB ( '',0.2509803921568627416, 0.2509803921568627416, 0.2509803921568627416 ) ;
#1881 = SURFACE_STYLE_FILL_AREA ( #1928 ) ;
#1882 = SURFACE_STYLE_USAGE ( .BOTH. , #1762 ) ;
#1883 = AXIS2_PLACEMENT_3D ( 'NONE', #738, #7516, #696 ) ;
#1884 = PLANE ( 'NONE',  #7568 ) ;
#1885 = UNCERTAINTY_MEASURE_WITH_UNIT (LENGTH_MEASURE( 1.000000000000000082E-05 ), #5478, 'distance_accuracy_value', 'NONE');
#1886 = PRESENTATION_LAYER_ASSIGNMENT (  '', '', ( #6818 ) ) ;
#1887 = VECTOR ( 'NONE', #2733, 1000.000000000000000 ) ;
#1888 =( LENGTH_UNIT ( ) NAMED_UNIT ( * ) SI_UNIT ( .MILLI., .METRE. ) );
#1889 = EDGE_CURVE ( 'NONE', #3322, #1968, #501, .T. ) ;
#1890 = DIRECTION ( 'NONE',  ( 0.000000000000000000, 0.000000000000000000, -1.000000000000000000 ) ) ;
#1891 = ORIENTED_EDGE ( 'NONE', *, *, #3152, .F. ) ;
#1892 = VECTOR ( 'NONE', #7427, 1000.000000000000000 ) ;
#1893 = DIRECTION ( 'NONE',  ( -0.000000000000000000, 0.000000000000000000, -1.000000000000000000 ) ) ;
#1894 = VERTEX_POINT ( 'NONE', #2635 ) ;
#1895 = CYLINDRICAL_SURFACE ( 'NONE', #1792, 0.1750000000000000167 ) ;
#1896 = STYLED_ITEM ( 'NONE', ( #7128 ), #3767 ) ;
#1897 = SURFACE_STYLE_FILL_AREA ( #148 ) ;
#1898 = SURFACE_STYLE_USAGE ( .BOTH. , #6944 ) ;
#1899 = FACE_OUTER_BOUND ( 'NONE', #1687, .T. ) ;
#1900 = EDGE_CURVE ( 'NONE', #1778, #1513, #630, .T. ) ;
#1901 = MECHANICAL_DESIGN_GEOMETRIC_PRESENTATION_REPRESENTATION (  '', ( #6834 ), #742 ) ;
#1902 = PLANE ( 'NONE',  #6602 ) ;
#1903 = ORIENTED_EDGE ( 'NONE', *, *, #2844, .T. ) ;
#1904 = DIRECTION ( 'NONE',  ( -0.000000000000000000, 1.000000000000000000, -0.000000000000000000 ) ) ;
#1905 = EDGE_LOOP ( 'NONE', ( #1281, #7066, #4450, #2030 ) ) ;
#1906 =( LENGTH_UNIT ( ) NAMED_UNIT ( * ) SI_UNIT ( .MILLI., .METRE. ) );
#1907 = FILL_AREA_STYLE_COLOUR ( '', #3121 ) ;
#1908 = SURFACE_SIDE_STYLE ('',( #7390 ) ) ;
#1909 = CARTESIAN_POINT ( 'NONE',  ( 0.7499999999999998890, 0.000000000000000000, -0.9000000000000005773 ) ) ;
#1910 = ORIENTED_EDGE ( 'NONE', *, *, #6763, .F. ) ;
#1911 = CIRCLE ( 'NONE', #7881, 0.1500000000000001887 ) ;
#1912 =( LENGTH_UNIT ( ) NAMED_UNIT ( * ) SI_UNIT ( .MILLI., .METRE. ) );
#1913 = PRESENTATION_STYLE_ASSIGNMENT (( #4893 ) ) ;
#1914 = AXIS2_PLACEMENT_3D ( 'NONE', #5865, #3383, #6391 ) ;
#1915 = FILL_AREA_STYLE_COLOUR ( '', #4015 ) ;
#1916 = PRESENTATION_LAYER_ASSIGNMENT (  '', '', ( #5427 ) ) ;
#1917 = DIRECTION ( 'NONE',  ( -0.000000000000000000, 1.000000000000000000, -0.000000000000000000 ) ) ;
#1918 = SURFACE_STYLE_USAGE ( .BOTH. , #6405 ) ;
#1919 = VERTEX_POINT ( 'NONE', #143 ) ;
#1920 = COLOUR_RGB ( '',1.000000000000000000, 0.8117647058823529438, 0.5019607843137254832 ) ;
#1921 = CARTESIAN_POINT ( 'NONE',  ( -2.168404344971008868E-16, 0.000000000000000000, -1.500000000000015321 ) ) ;
#1922 = SURFACE_SIDE_STYLE ('',( #4364 ) ) ;
#1923 = SURFACE_STYLE_USAGE ( .BOTH. , #707 ) ;
#1924 = VERTEX_POINT ( 'NONE', #1405 ) ;
#1925 = PRESENTATION_STYLE_ASSIGNMENT (( #4865 ) ) ;
#1926 = VECTOR ( 'NONE', #723, 1000.000000000000000 ) ;
#1927 = STYLED_ITEM ( 'NONE', ( #1925 ), #6425 ) ;
#1928 = FILL_AREA_STYLE ('',( #137 ) ) ;
#1929 =( LENGTH_UNIT ( ) NAMED_UNIT ( * ) SI_UNIT ( .MILLI., .METRE. ) );
#1930 = UNCERTAINTY_MEASURE_WITH_UNIT (LENGTH_MEASURE( 1.000000000000000082E-05 ), #4109, 'distance_accuracy_value', 'NONE');
#1931 = SURFACE_SIDE_STYLE ('',( #62 ) ) ;
#1932 = DIRECTION ( 'NONE',  ( 0.000000000000000000, 0.000000000000000000, -1.000000000000000000 ) ) ;
#1933 = EDGE_CURVE ( 'NONE', #3190, #7481, #1445, .T. ) ;
#1934 = FILL_AREA_STYLE_COLOUR ( '', #552 ) ;
#1935 = COLOUR_RGB ( '',1.000000000000000000, 0.8117647058823529438, 0.5019607843137254832 ) ;
#1936 = VECTOR ( 'NONE', #6790, 1000.000000000000000 ) ;
#1937 = PLANE ( 'NONE',  #6264 ) ;
#1938 = ORIENTED_EDGE ( 'NONE', *, *, #7890, .F. ) ;
#1939 =( NAMED_UNIT ( * ) PLANE_ANGLE_UNIT ( ) SI_UNIT ( $, .RADIAN. ) );
#1940 = ORIENTED_EDGE ( 'NONE', *, *, #4991, .F. ) ;
#1941 = SURFACE_STYLE_USAGE ( .BOTH. , #764 ) ;
#1942 = FILL_AREA_STYLE ('',( #275 ) ) ;
#1943 = ADVANCED_FACE ( 'NONE', ( #6258 ), #2066, .T. ) ;
#1944 = AXIS2_PLACEMENT_3D ( 'NONE', #2982, #5343, #415 ) ;
#1945 = EDGE_CURVE ( 'NONE', #1242, #5252, #680, .T. ) ;
#1946 = DIRECTION ( 'NONE',  ( -0.000000000000000000, -1.000000000000000000, -0.000000000000000000 ) ) ;
#1947 = ORIENTED_EDGE ( 'NONE', *, *, #407, .T. ) ;
#1948 = DIRECTION ( 'NONE',  ( 0.000000000000000000, 0.000000000000000000, -1.000000000000000000 ) ) ;
#1949 = SURFACE_SIDE_STYLE ('',( #191 ) ) ;
#1950 = MECHANICAL_DESIGN_GEOMETRIC_PRESENTATION_REPRESENTATION (  '', ( #1806 ), #4286 ) ;
#1951 = ORIENTED_EDGE ( 'NONE', *, *, #7908, .T. ) ;
#1952 = DIRECTION ( 'NONE',  ( -0.000000000000000000, 0.000000000000000000, -1.000000000000000000 ) ) ;
#1953 = EDGE_LOOP ( 'NONE', ( #5146, #2601, #6295, #5519 ) ) ;
#1954 = DIRECTION ( 'NONE',  ( 1.000000000000000000, -0.000000000000000000, 0.000000000000000000 ) ) ;
#1955 = SURFACE_SIDE_STYLE ('',( #4270 ) ) ;
#1956 = ADVANCED_FACE ( 'NONE', ( #5201 ), #5765, .T. ) ;
#1957 = MECHANICAL_DESIGN_GEOMETRIC_PRESENTATION_REPRESENTATION (  '', ( #3000 ), #4410 ) ;
#1958 = UNCERTAINTY_MEASURE_WITH_UNIT (LENGTH_MEASURE( 1.000000000000000082E-05 ), #3913, 'distance_accuracy_value', 'NONE');
#1959 = CARTESIAN_POINT ( 'NONE',  ( -1.350000000000000311, 2.065549442140357073, -1.499999999999999778 ) ) ;
#1960 = ORIENTED_EDGE ( 'NONE', *, *, #6179, .T. ) ;
#1961 =( NAMED_UNIT ( * ) SI_UNIT ( $, .STERADIAN. ) SOLID_ANGLE_UNIT ( ) );
#1962 = FILL_AREA_STYLE ('',( #583 ) ) ;
#1963 = CARTESIAN_POINT ( 'NONE',  ( 1.475000000000004974, 2.065549442140357073, 0.1732050807568881745 ) ) ;
#1964 = ADVANCED_FACE ( 'NONE', ( #881 ), #4048, .T. ) ;
#1965 = ORIENTED_EDGE ( 'NONE', *, *, #4391, .F. ) ;
#1966 = DIRECTION ( 'NONE',  ( -1.000000000000000000, 0.000000000000000000, 0.000000000000000000 ) ) ;
#1967 = SURFACE_SIDE_STYLE ('',( #5058 ) ) ;
#1968 = VERTEX_POINT ( 'NONE', #5390 ) ;
#1969 = FILL_AREA_STYLE ('',( #7527 ) ) ;
#1970 = CARTESIAN_POINT ( 'NONE',  ( 1.499999999999999778, 2.065549442140357073, -3.122502256758252770E-14 ) ) ;
#1971 = SURFACE_STYLE_USAGE ( .BOTH. , #7655 ) ;
#1972 = STYLED_ITEM ( 'NONE', ( #2101 ), #5630 ) ;
#1973 = CARTESIAN_POINT ( 'NONE',  ( -1.500000000000000222, 0.000000000000000000, 0.000000000000000000 ) ) ;
#1974 = CIRCLE ( 'NONE', #6214, 0.1750000000000000167 ) ;
#1975 = CARTESIAN_POINT ( 'NONE',  ( -1.054999999999999938, 1.100000000000000089, -1.169999999999997931 ) ) ;
#1976 = ORIENTED_EDGE ( 'NONE', *, *, #7951, .F. ) ;
#1977 = ORIENTED_EDGE ( 'NONE', *, *, #1829, .F. ) ;
#1978 = DIRECTION ( 'NONE',  ( 0.000000000000000000, 0.000000000000000000, -1.000000000000000000 ) ) ;
#1979 = DIRECTION ( 'NONE',  ( -0.000000000000000000, -1.000000000000000000, -0.000000000000000000 ) ) ;
#1980 = STYLED_ITEM ( 'NONE', ( #6056 ), #4788 ) ;
#1981 = CARTESIAN_POINT ( 'NONE',  ( 1.349999999999969669, 2.065549442140357073, 1.500000000000000222 ) ) ;
#1982 = PLANE ( 'NONE',  #6156 ) ;
#1983 = EDGE_CURVE ( 'NONE', #1296, #1894, #4737, .T. ) ;
#1984 = ORIENTED_EDGE ( 'NONE', *, *, #7644, .T. ) ;
#1985 = VECTOR ( 'NONE', #7239, 1000.000000000000000 ) ;
#1986 = DIRECTION ( 'NONE',  ( -0.000000000000000000, -1.000000000000000000, -0.000000000000000000 ) ) ;
#1987 = ORIENTED_EDGE ( 'NONE', *, *, #1983, .F. ) ;
#1988 = LINE ( 'NONE', #5080, #1627 ) ;
#1989 = DIRECTION ( 'NONE',  ( -1.000000000000000000, -0.000000000000000000, 0.000000000000000000 ) ) ;
#1990 = DIRECTION ( 'NONE',  ( 0.000000000000000000, -0.000000000000000000, 1.000000000000000000 ) ) ;
#1991 = CARTESIAN_POINT ( 'NONE',  ( -2.168404344971008868E-16, 0.4500000000000000666, -1.500000000000015321 ) ) ;
#1992 = COLOUR_RGB ( '',1.000000000000000000, 0.8117647058823529438, 0.5019607843137254832 ) ;
#1993 = VERTEX_POINT ( 'NONE', #7743 ) ;
#1994 = EDGE_CURVE ( 'NONE', #4949, #5613, #4895, .T. ) ;
#1995 = SURFACE_STYLE_FILL_AREA ( #2087 ) ;
#1996 = PRESENTATION_LAYER_ASSIGNMENT (  '', '', ( #319 ) ) ;
#1997 = CARTESIAN_POINT ( 'NONE',  ( -1.500000000000000222, 0.000000000000000000, 0.000000000000000000 ) ) ;
#1998 = VECTOR ( 'NONE', #2316, 1000.000000000000000 ) ;
#1999 = LINE ( 'NONE', #2740, #249 ) ;
#2000 = CARTESIAN_POINT ( 'NONE',  ( -1.350000000000000311, 0.4500000000000000111, -1.499999999999999778 ) ) ;
#2001 =( NAMED_UNIT ( * ) SI_UNIT ( $, .STERADIAN. ) SOLID_ANGLE_UNIT ( ) );
#2002 = ORIENTED_EDGE ( 'NONE', *, *, #5829, .T. ) ;
#2003 = VECTOR ( 'NONE', #4427, 1000.000000000000000 ) ;
#2004 =( NAMED_UNIT ( * ) SI_UNIT ( $, .STERADIAN. ) SOLID_ANGLE_UNIT ( ) );
#2005 = EDGE_CURVE ( 'NONE', #7751, #6714, #3739, .T. ) ;
#2006 = DIRECTION ( 'NONE',  ( -0.000000000000000000, 1.000000000000000000, 0.000000000000000000 ) ) ;
#2007 = EDGE_LOOP ( 'NONE', ( #1033, #1333, #3280, #1216 ) ) ;
#2008 = VECTOR ( 'NONE', #7918, 1000.000000000000000 ) ;
#2009 = PRESENTATION_STYLE_ASSIGNMENT (( #5682 ) ) ;
#2010 =( NAMED_UNIT ( * ) PLANE_ANGLE_UNIT ( ) SI_UNIT ( $, .RADIAN. ) );
#2011 = AXIS2_PLACEMENT_3D ( 'NONE', #145, #806, #1978 ) ;
#2012 = FILL_AREA_STYLE ('',( #1934 ) ) ;
#2013 =( GEOMETRIC_REPRESENTATION_CONTEXT ( 3 ) GLOBAL_UNCERTAINTY_ASSIGNED_CONTEXT ( ( #7138 ) ) GLOBAL_UNIT_ASSIGNED_CONTEXT ( ( #4546, #279, #6470 ) ) REPRESENTATION_CONTEXT ( 'NONE', 'WORKASPACE' ) );
#2014 = SURFACE_SIDE_STYLE ('',( #1277 ) ) ;
#2015 = ORIENTED_EDGE ( 'NONE', *, *, #4979, .T. ) ;
#2016 = DIRECTION ( 'NONE',  ( -0.000000000000000000, 1.000000000000000000, -0.000000000000000000 ) ) ;
#2017 = ORIENTED_EDGE ( 'NONE', *, *, #2856, .F. ) ;
#2018 = VERTEX_POINT ( 'NONE', #5239 ) ;
#2019 = LINE ( 'NONE', #4501, #1347 ) ;
#2020 = PRESENTATION_LAYER_ASSIGNMENT (  '', '', ( #2939 ) ) ;
#2021 = SURFACE_SIDE_STYLE ('',( #765 ) ) ;
#2022 = AXIS2_PLACEMENT_3D ( 'NONE', #1970, #5723, #4368 ) ;
#2023 = FACE_OUTER_BOUND ( 'NONE', #7942, .T. ) ;
#2024 = EDGE_LOOP ( 'NONE', ( #3797, #474 ) ) ;
#2025 = DIRECTION ( 'NONE',  ( 0.000000000000000000, 0.000000000000000000, -1.000000000000000000 ) ) ;
#2026 = DIRECTION ( 'NONE',  ( 0.000000000000000000, -0.000000000000000000, 1.000000000000000000 ) ) ;
#2027 = ORIENTED_EDGE ( 'NONE', *, *, #7841, .T. ) ;
#2028 = VECTOR ( 'NONE', #3325, 1000.000000000000000 ) ;
#2029 = PRESENTATION_LAYER_ASSIGNMENT (  '', '', ( #1361 ) ) ;
#2030 = ORIENTED_EDGE ( 'NONE', *, *, #46, .T. ) ;
#2031 = DIRECTION ( 'NONE',  ( 0.000000000000000000, 0.000000000000000000, -1.000000000000000000 ) ) ;
#2032 = CARTESIAN_POINT ( 'NONE',  ( -1.326794919243112547, 0.4500000000000000111, 1.474999999999999645 ) ) ;
#2033 = CARTESIAN_POINT ( 'NONE',  ( 1.499999999999999778, 0.000000000000000000, 0.000000000000000000 ) ) ;
#2034 = EDGE_CURVE ( 'NONE', #1879, #7363, #2266, .T. ) ;
#2035 = DIRECTION ( 'NONE',  ( -0.000000000000000000, 1.000000000000000000, -0.000000000000000000 ) ) ;
#2036 = COLOUR_RGB ( '',1.000000000000000000, 0.8117647058823529438, 0.5019607843137254832 ) ;
#2037 = UNCERTAINTY_MEASURE_WITH_UNIT (LENGTH_MEASURE( 1.000000000000000082E-05 ), #6331, 'distance_accuracy_value', 'NONE');
#2038 =( NAMED_UNIT ( * ) SI_UNIT ( $, .STERADIAN. ) SOLID_ANGLE_UNIT ( ) );
#2039 = FILL_AREA_STYLE ('',( #3907 ) ) ;
#2040 = CARTESIAN_POINT ( 'NONE',  ( -1.500000000000000222, 0.4500000000000000666, 0.1750000000000001277 ) ) ;
#2041 = CARTESIAN_POINT ( 'NONE',  ( 1.475000000000000311, 0.000000000000000000, 0.000000000000000000 ) ) ;
#2042 = UNCERTAINTY_MEASURE_WITH_UNIT (LENGTH_MEASURE( 1.000000000000000082E-05 ), #1044, 'distance_accuracy_value', 'NONE');
#2043 =( GEOMETRIC_REPRESENTATION_CONTEXT ( 3 ) GLOBAL_UNCERTAINTY_ASSIGNED_CONTEXT ( ( #2620 ) ) GLOBAL_UNIT_ASSIGNED_CONTEXT ( ( #3745, #3705, #3816 ) ) REPRESENTATION_CONTEXT ( 'NONE', 'WORKASPACE' ) );
#2044 = EDGE_CURVE ( 'NONE', #3380, #802, #3415, .T. ) ;
#2045 = PLANE ( 'NONE',  #4070 ) ;
#2046 = ORIENTED_EDGE ( 'NONE', *, *, #7867, .T. ) ;
#2047 = CARTESIAN_POINT ( 'NONE',  ( 0.000000000000000000, 0.4500000000000000666, 1.500000000000000222 ) ) ;
#2048 = AXIS2_PLACEMENT_3D ( 'NONE', #4365, #1226, #6157 ) ;
#2049 = LINE ( 'NONE', #255, #5231 ) ;
#2050 = DIRECTION ( 'NONE',  ( -0.000000000000000000, 1.000000000000000000, 0.000000000000000000 ) ) ;
#2051 = CIRCLE ( 'NONE', #3360, 0.1749999999999996003 ) ;
#2052 = VERTEX_POINT ( 'NONE', #7142 ) ;
#2053 = DIRECTION ( 'NONE',  ( -0.000000000000000000, -1.000000000000000000, -0.000000000000000000 ) ) ;
#2054 = LINE ( 'NONE', #7690, #2681 ) ;
#2055 = SURFACE_STYLE_USAGE ( .BOTH. , #3830 ) ;
#2056 = CARTESIAN_POINT ( 'NONE',  ( -1.500000000000000222, 2.065549442140357073, 1.350000000000000311 ) ) ;
#2057 =( GEOMETRIC_REPRESENTATION_CONTEXT ( 3 ) GLOBAL_UNCERTAINTY_ASSIGNED_CONTEXT ( ( #4019 ) ) GLOBAL_UNIT_ASSIGNED_CONTEXT ( ( #7831, #2968, #1652 ) ) REPRESENTATION_CONTEXT ( 'NONE', 'WORKASPACE' ) );
#2058 = ADVANCED_FACE ( 'NONE', ( #2839 ), #6541, .F. ) ;
#2059 = AXIS2_PLACEMENT_3D ( 'NONE', #1121, #5611, #3686 ) ;
#2060 =( LENGTH_UNIT ( ) NAMED_UNIT ( * ) SI_UNIT ( .MILLI., .METRE. ) );
#2061 = STYLED_ITEM ( 'NONE', ( #4751 ), #7129 ) ;
#2062 = DIRECTION ( 'NONE',  ( 0.000000000000000000, -0.000000000000000000, 1.000000000000000000 ) ) ;
#2063 = SURFACE_STYLE_USAGE ( .BOTH. , #4662 ) ;
#2064 = STYLED_ITEM ( 'NONE', ( #4252 ), #6373 ) ;
#2065 = ORIENTED_EDGE ( 'NONE', *, *, #48, .F. ) ;
#2066 = PLANE ( 'NONE',  #3621 ) ;
#2067 = VERTEX_POINT ( 'NONE', #5546 ) ;
#2068 = SURFACE_STYLE_FILL_AREA ( #7499 ) ;
#2069 =( LENGTH_UNIT ( ) NAMED_UNIT ( * ) SI_UNIT ( .MILLI., .METRE. ) );
#2070 = UNCERTAINTY_MEASURE_WITH_UNIT (LENGTH_MEASURE( 1.000000000000000082E-05 ), #2573, 'distance_accuracy_value', 'NONE');
#2071 = MECHANICAL_DESIGN_GEOMETRIC_PRESENTATION_REPRESENTATION (  '', ( #4530 ), #2208 ) ;
#2072 = CARTESIAN_POINT ( 'NONE',  ( -1.475000000000000089, 0.4500000000000000666, 0.000000000000000000 ) ) ;
#2073 = VERTEX_POINT ( 'NONE', #1299 ) ;
#2074 = COLOUR_RGB ( '',0.2509803921568627416, 0.2509803921568627416, 0.2509803921568627416 ) ;
#2075 = DIRECTION ( 'NONE',  ( -9.035018104045885485E-17, 0.000000000000000000, 1.000000000000000000 ) ) ;
#2076 = FILL_AREA_STYLE ('',( #7625 ) ) ;
#2077 = ORIENTED_EDGE ( 'NONE', *, *, #3151, .T. ) ;
#2078 =( NAMED_UNIT ( * ) SI_UNIT ( $, .STERADIAN. ) SOLID_ANGLE_UNIT ( ) );
#2079 = AXIS2_PLACEMENT_3D ( 'NONE', #1428, #2126, #1505 ) ;
#2080 = PRESENTATION_LAYER_ASSIGNMENT (  '', '', ( #1154 ) ) ;
#2081 = VERTEX_POINT ( 'NONE', #5629 ) ;
#2082 = DIRECTION ( 'NONE',  ( -1.000000000000000000, 0.000000000000000000, -0.000000000000000000 ) ) ;
#2083 = CARTESIAN_POINT ( 'NONE',  ( 1.199999999999999734, 1.000000000000000000, 1.199999999999997735 ) ) ;
#2084 = FACE_OUTER_BOUND ( 'NONE', #3884, .T. ) ;
#2085 = DIRECTION ( 'NONE',  ( -0.000000000000000000, -1.000000000000000000, -0.000000000000000000 ) ) ;
#2086 =( GEOMETRIC_REPRESENTATION_CONTEXT ( 3 ) GLOBAL_UNCERTAINTY_ASSIGNED_CONTEXT ( ( #4795 ) ) GLOBAL_UNIT_ASSIGNED_CONTEXT ( ( #939, #2741, #2823 ) ) REPRESENTATION_CONTEXT ( 'NONE', 'WORKASPACE' ) );
#2087 = FILL_AREA_STYLE ('',( #7637 ) ) ;
#2088 =( NAMED_UNIT ( * ) PLANE_ANGLE_UNIT ( ) SI_UNIT ( $, .RADIAN. ) );
#2089 = AXIS2_PLACEMENT_3D ( 'NONE', #4878, #1858, #6776 ) ;
#2090 = FILL_AREA_STYLE_COLOUR ( '', #646 ) ;
#2091 = ORIENTED_EDGE ( 'NONE', *, *, #4412, .T. ) ;
#2092 = CARTESIAN_POINT ( 'NONE',  ( -1.475000000000000089, 2.065549442140357073, 0.1732050807568877582 ) ) ;
#2093 = CARTESIAN_POINT ( 'NONE',  ( 1.499999999999998668, 0.8500000000000000888, 1.400000000000000133 ) ) ;
#2094 = EDGE_CURVE ( 'NONE', #6947, #219, #1259, .T. ) ;
#2095 = EDGE_CURVE ( 'NONE', #1730, #1536, #2618, .T. ) ;
#2096 = ORIENTED_EDGE ( 'NONE', *, *, #651, .F. ) ;
#2097 = CARTESIAN_POINT ( 'NONE',  ( -1.200000000000001954, 0.8999999999999996891, 1.441421356237307716 ) ) ;
#2098 = CARTESIAN_POINT ( 'NONE',  ( 1.199999999999999734, 1.000000000000000000, 1.199999999999997735 ) ) ;
#2099 =( LENGTH_UNIT ( ) NAMED_UNIT ( * ) SI_UNIT ( .MILLI., .METRE. ) );
#2100 = FACE_OUTER_BOUND ( 'NONE', #1076, .T. ) ;
#2101 = PRESENTATION_STYLE_ASSIGNMENT (( #4537 ) ) ;
#2102 = LINE ( 'NONE', #801, #2565 ) ;
#2103 = EDGE_CURVE ( 'NONE', #280, #7756, #241, .T. ) ;
#2104 = ORIENTED_EDGE ( 'NONE', *, *, #4520, .T. ) ;
#2105 = STYLED_ITEM ( 'NONE', ( #3160 ), #5831 ) ;
#2106 = DIRECTION ( 'NONE',  ( -1.000000000000000000, 0.000000000000000000, 1.156482317317871922E-15 ) ) ;
#2107 = DIRECTION ( 'NONE',  ( 0.000000000000000000, -1.000000000000000000, 0.000000000000000000 ) ) ;
#2108 = FACE_OUTER_BOUND ( 'NONE', #1953, .T. ) ;
#2109 = CARTESIAN_POINT ( 'NONE',  ( 1.475000000000000311, 2.065549442140357073, 0.000000000000000000 ) ) ;
#2110 = CARTESIAN_POINT ( 'NONE',  ( -1.500000000000000222, 2.065549442140357073, -1.499999999999999778 ) ) ;
#2111 = CARTESIAN_POINT ( 'NONE',  ( 1.475000000000000311, 0.4500000000000000666, -0.9000000000000005773 ) ) ;
#2112 = ORIENTED_EDGE ( 'NONE', *, *, #5984, .T. ) ;
#2113 = SURFACE_SIDE_STYLE ('',( #5988 ) ) ;
#2114 = EDGE_CURVE ( 'NONE', #5957, #3380, #625, .T. ) ;
#2115 = EDGE_LOOP ( 'NONE', ( #4540, #5950, #7782, #6990 ) ) ;
#2116 = ORIENTED_EDGE ( 'NONE', *, *, #1634, .T. ) ;
#2117 = FILL_AREA_STYLE_COLOUR ( '', #1760 ) ;
#2119 = COLOUR_RGB ( '',1.000000000000000000, 0.8117647058823529438, 0.5019607843137254832 ) ;
#2118 = CARTESIAN_POINT ( 'NONE',  ( 1.475000000000000311, 0.4499999999999999001, 0.000000000000000000 ) ) ;
#2120 = FILL_AREA_STYLE_COLOUR ( '', #346 ) ;
#2121 = CARTESIAN_POINT ( 'NONE',  ( -1.500000000000000222, 2.065549442140357073, 0.1750000000000000167 ) ) ;
#2122 = CARTESIAN_POINT ( 'NONE',  ( 1.499999999999999778, 0.4500000000000001221, -0.1749999999999998224 ) ) ;
#2123 = MECHANICAL_DESIGN_GEOMETRIC_PRESENTATION_REPRESENTATION (  '', ( #4975 ), #2646 ) ;
#2124 = CARTESIAN_POINT ( 'NONE',  ( 1.199999999999999734, 1.000000000000000000, 1.499999999999997780 ) ) ;
#2125 = DIRECTION ( 'NONE',  ( -0.000000000000000000, 0.000000000000000000, -1.000000000000000000 ) ) ;
#2126 = DIRECTION ( 'NONE',  ( 0.000000000000000000, 0.000000000000000000, 1.000000000000000000 ) ) ;
#2127 =( NAMED_UNIT ( * ) SI_UNIT ( $, .STERADIAN. ) SOLID_ANGLE_UNIT ( ) );
#2128 = CIRCLE ( 'NONE', #1077, 0.1750000000000000167 ) ;
#2129 = DIRECTION ( 'NONE',  ( 0.000000000000000000, 0.000000000000000000, 1.000000000000000000 ) ) ;
#2130 = ORIENTED_EDGE ( 'NONE', *, *, #2783, .F. ) ;
#2131 = SURFACE_STYLE_FILL_AREA ( #5221 ) ;
#2132 = CARTESIAN_POINT ( 'NONE',  ( 0.7499999999999997780, 0.000000000000000000, -4.065758146820642121E-16 ) ) ;
#2133 = VERTEX_POINT ( 'NONE', #8012 ) ;
#2134 = SURFACE_SIDE_STYLE ('',( #1514 ) ) ;
#2135 = CARTESIAN_POINT ( 'NONE',  ( -1.474999999999999867, 0.4500000000000001221, -0.9000000000000005773 ) ) ;
#2136 = FACE_OUTER_BOUND ( 'NONE', #7794, .T. ) ;
#2137 = AXIS2_PLACEMENT_3D ( 'NONE', #2778, #7723, #2824 ) ;
#2138 =( GEOMETRIC_REPRESENTATION_CONTEXT ( 3 ) GLOBAL_UNCERTAINTY_ASSIGNED_CONTEXT ( ( #1563 ) ) GLOBAL_UNIT_ASSIGNED_CONTEXT ( ( #5775, #3931, #5652 ) ) REPRESENTATION_CONTEXT ( 'NONE', 'WORKASPACE' ) );
#2139 = ADVANCED_FACE ( 'NONE', ( #6916 ), #698, .F. ) ;
#2140 = ADVANCED_FACE ( 'NONE', ( #6832 ), #1181, .F. ) ;
#2141 = SURFACE_STYLE_FILL_AREA ( #222 ) ;
#2142 = UNCERTAINTY_MEASURE_WITH_UNIT (LENGTH_MEASURE( 1.000000000000000082E-05 ), #2353, 'distance_accuracy_value', 'NONE');
#2143 = CARTESIAN_POINT ( 'NONE',  ( -1.500000000000000222, 2.065549442140357073, -1.500000000000000444 ) ) ;
#2144 = AXIS2_PLACEMENT_3D ( 'NONE', #1991, #6954, #1375 ) ;
#2145 = ORIENTED_EDGE ( 'NONE', *, *, #309, .F. ) ;
#2146 = SURFACE_STYLE_USAGE ( .BOTH. , #2306 ) ;
#2147 = ORIENTED_EDGE ( 'NONE', *, *, #3420, .F. ) ;
#2148 =( NAMED_UNIT ( * ) PLANE_ANGLE_UNIT ( ) SI_UNIT ( $, .RADIAN. ) );
#2149 = CARTESIAN_POINT ( 'NONE',  ( -0.7499999999999995559, 2.065549442140357073, -4.065758146820640641E-16 ) ) ;
#2150 = LINE ( 'NONE', #7146, #4798 ) ;
#2151 = CARTESIAN_POINT ( 'NONE',  ( -1.500000000000000222, 0.000000000000000000, -1.349999999999999867 ) ) ;
#2152 = ORIENTED_EDGE ( 'NONE', *, *, #5330, .T. ) ;
#2153 = EDGE_CURVE ( 'NONE', #342, #6339, #3908, .T. ) ;
#2154 = FILL_AREA_STYLE_COLOUR ( '', #1725 ) ;
#2155 = ORIENTED_EDGE ( 'NONE', *, *, #351, .T. ) ;
#2156 = UNCERTAINTY_MEASURE_WITH_UNIT (LENGTH_MEASURE( 1.000000000000000082E-05 ), #5187, 'distance_accuracy_value', 'NONE');
#2157 = LINE ( 'NONE', #1535, #7360 ) ;
#2158 = VECTOR ( 'NONE', #7733, 1000.000000000000000 ) ;
#2159 = VERTEX_POINT ( 'NONE', #6365 ) ;
#2160 = DIRECTION ( 'NONE',  ( -1.000000000000000000, -0.000000000000000000, -0.000000000000000000 ) ) ;
#2161 = MECHANICAL_DESIGN_GEOMETRIC_PRESENTATION_REPRESENTATION (  '', ( #5278 ), #2934 ) ;
#2162 = FILL_AREA_STYLE_COLOUR ( '', #863 ) ;
#2163 = LINE ( 'NONE', #4915, #7115 ) ;
#2164 = EDGE_CURVE ( 'NONE', #4376, #7509, #207, .T. ) ;
#2165 = VECTOR ( 'NONE', #4887, 1000.000000000000000 ) ;
#2166 = PRESENTATION_STYLE_ASSIGNMENT (( #7188 ) ) ;
#2167 = CIRCLE ( 'NONE', #2819, 0.1750000000000000167 ) ;
#2168 =( NAMED_UNIT ( * ) SI_UNIT ( $, .STERADIAN. ) SOLID_ANGLE_UNIT ( ) );
#2169 = DIRECTION ( 'NONE',  ( 0.000000000000000000, -0.000000000000000000, 1.000000000000000000 ) ) ;
#2170 =( NAMED_UNIT ( * ) SI_UNIT ( $, .STERADIAN. ) SOLID_ANGLE_UNIT ( ) );
#2171 = STYLED_ITEM ( 'NONE', ( #718 ), #7832 ) ;
#2172 =( NAMED_UNIT ( * ) PLANE_ANGLE_UNIT ( ) SI_UNIT ( $, .RADIAN. ) );
#2173 = STYLED_ITEM ( 'NONE', ( #1913 ), #3939 ) ;
#2174 =( LENGTH_UNIT ( ) NAMED_UNIT ( * ) SI_UNIT ( .MILLI., .METRE. ) );
#2175 = ORIENTED_EDGE ( 'NONE', *, *, #7854, .F. ) ;
#2176 = DIRECTION ( 'NONE',  ( 0.000000000000000000, 0.000000000000000000, -1.000000000000000000 ) ) ;
#2177 = CARTESIAN_POINT ( 'NONE',  ( 1.500000000000001776, 0.9000000000000000222, -1.375735931288070146 ) ) ;
#2178 = CARTESIAN_POINT ( 'NONE',  ( 1.326794919243081683, 2.065549442140357073, -1.475000000000000311 ) ) ;
#2179 = VECTOR ( 'NONE', #7774, 1000.000000000000000 ) ;
#2180 = ORIENTED_EDGE ( 'NONE', *, *, #373, .T. ) ;
#2181 = LINE ( 'NONE', #5886, #2209 ) ;
#2182 = DIRECTION ( 'NONE',  ( -1.000000000000000000, 0.000000000000000000, -0.000000000000000000 ) ) ;
#2183 = DIRECTION ( 'NONE',  ( 0.000000000000000000, 0.000000000000000000, 1.000000000000000000 ) ) ;
#2184 = STYLED_ITEM ( 'NONE', ( #1878 ), #3534 ) ;
#2185 = STYLED_ITEM ( 'NONE', ( #5411 ), #2290 ) ;
#2186 = DIRECTION ( 'NONE',  ( -1.000000000000000000, 0.000000000000000000, -1.156482317317871331E-15 ) ) ;
#2187 = VERTEX_POINT ( 'NONE', #4031 ) ;
#2188 = DIRECTION ( 'NONE',  ( -0.000000000000000000, 1.000000000000000000, -0.000000000000000000 ) ) ;
#2189 = VECTOR ( 'NONE', #6630, 1000.000000000000000 ) ;
#2190 = VERTEX_POINT ( 'NONE', #1427 ) ;
#2191 = EDGE_CURVE ( 'NONE', #844, #5586, #7002, .T. ) ;
#2192 = FILL_AREA_STYLE ('',( #4010 ) ) ;
#2193 = SURFACE_STYLE_FILL_AREA ( #6508 ) ;
#2194 = DIRECTION ( 'NONE',  ( 0.000000000000000000, 0.000000000000000000, 1.000000000000000000 ) ) ;
#2195 = MECHANICAL_DESIGN_GEOMETRIC_PRESENTATION_REPRESENTATION (  '', ( #6087 ), #6993 ) ;
#2196 = DIRECTION ( 'NONE',  ( 1.000000000000000000, 0.000000000000000000, 0.000000000000000000 ) ) ;
#2197 = VERTEX_POINT ( 'NONE', #7681 ) ;
#2198 = FILL_AREA_STYLE ('',( #7752 ) ) ;
#2199 = TOROIDAL_SURFACE ( 'NONE', #8021, 0.1500000000000001055, 0.05000000000000000278 ) ;
#2200 = DIRECTION ( 'NONE',  ( 0.000000000000000000, 0.000000000000000000, -1.000000000000000000 ) ) ;
#2201 = COLOUR_RGB ( '',0.7529411764705882248, 0.7529411764705882248, 0.7529411764705882248 ) ;
#2202 = ORIENTED_EDGE ( 'NONE', *, *, #1053, .T. ) ;
#2203 = PRESENTATION_STYLE_ASSIGNMENT (( #7755 ) ) ;
#2204 = EDGE_CURVE ( 'NONE', #2265, #4736, #6402, .T. ) ;
#2205 = ORIENTED_EDGE ( 'NONE', *, *, #4522, .T. ) ;
#2206 = EDGE_CURVE ( 'NONE', #5985, #3021, #2655, .T. ) ;
#2207 = SURFACE_STYLE_FILL_AREA ( #328 ) ;
#2208 =( GEOMETRIC_REPRESENTATION_CONTEXT ( 3 ) GLOBAL_UNCERTAINTY_ASSIGNED_CONTEXT ( ( #3845 ) ) GLOBAL_UNIT_ASSIGNED_CONTEXT ( ( #4619, #7249, #3527 ) ) REPRESENTATION_CONTEXT ( 'NONE', 'WORKASPACE' ) );
#2209 = VECTOR ( 'NONE', #2053, 1000.000000000000000 ) ;
#2210 = CARTESIAN_POINT ( 'NONE',  ( -1.317157287525380527, 0.9414213562373093813, -1.399999999999998135 ) ) ;
#2211 = DIRECTION ( 'NONE',  ( -0.000000000000000000, 1.000000000000000000, 0.000000000000000000 ) ) ;
#2212 = MECHANICAL_DESIGN_GEOMETRIC_PRESENTATION_REPRESENTATION (  '', ( #7004 ), #5587 ) ;
#2213 = CARTESIAN_POINT ( 'NONE',  ( 1.399999999999999911, 1.000000000000000222, 1.317157287525378306 ) ) ;
#2214 = DIRECTION ( 'NONE',  ( 0.000000000000000000, 0.000000000000000000, -1.000000000000000000 ) ) ;
#2215 = EDGE_CURVE ( 'NONE', #2197, #1559, #3944, .T. ) ;
#2216 = SURFACE_STYLE_FILL_AREA ( #4841 ) ;
#2217 = LINE ( 'NONE', #4802, #6108 ) ;
#2218 = STYLED_ITEM ( 'NONE', ( #7185 ), #7157 ) ;
#2219 = SURFACE_STYLE_USAGE ( .BOTH. , #292 ) ;
#2220 = EDGE_LOOP ( 'NONE', ( #5418, #3157, #5942, #7281, #6550, #4853, #7218, #1196, #745, #4411, #326, #2539 ) ) ;
#2221 = SURFACE_SIDE_STYLE ('',( #2827 ) ) ;
#2222 = CIRCLE ( 'NONE', #7656, 0.1750000000000000167 ) ;
#2223 = CARTESIAN_POINT ( 'NONE',  ( -1.400000000000000133, 0.9000000000000002442, 1.499999999999999112 ) ) ;
#2224 = B_SPLINE_CURVE_WITH_KNOTS ( 'NONE', 3,
 ( #6248, #1224, #6283, #3202, #3871, #3243, #5632, #5717 ),
 .UNSPECIFIED., .F., .F.,
 ( 4, 1, 1, 1, 1, 4 ),
 ( 0.000000000000000000, 0.1111111111111111188, 0.2222222222222223764, 0.3333333333333332038, 0.4444444444444438647, 0.4999999999999996114 ),
 .UNSPECIFIED. ) ;
#2225 = EDGE_CURVE ( 'NONE', #5756, #6710, #6988, .T. ) ;
#2226 = CARTESIAN_POINT ( 'NONE',  ( -1.317157287525381859, 0.9414213562373097144, 1.399999999999997025 ) ) ;
#2227 = FACE_OUTER_BOUND ( 'NONE', #1837, .T. ) ;
#2228 = VECTOR ( 'NONE', #3660, 1000.000000000000000 ) ;
#2229 = DIRECTION ( 'NONE',  ( 0.000000000000000000, 0.000000000000000000, 1.000000000000000000 ) ) ;
#2230 = CARTESIAN_POINT ( 'NONE',  ( -0.7499999999999991118, 2.065549442140357073, 1.474999999999999645 ) ) ;
#2231 =( LENGTH_UNIT ( ) NAMED_UNIT ( * ) SI_UNIT ( .MILLI., .METRE. ) );
#2232 = DIRECTION ( 'NONE',  ( -0.000000000000000000, -1.000000000000000000, 0.000000000000000000 ) ) ;
#2233 = ORIENTED_EDGE ( 'NONE', *, *, #6570, .T. ) ;
#2234 = SURFACE_STYLE_FILL_AREA ( #3455 ) ;
#2235 = ORIENTED_EDGE ( 'NONE', *, *, #5934, .F. ) ;
#2236 = CARTESIAN_POINT ( 'NONE',  ( 1.499999999999999778, 0.4500000000000001221, 3.122502256758252770E-14 ) ) ;
#2237 = ORIENTED_EDGE ( 'NONE', *, *, #2164, .T. ) ;
#2238 = LINE ( 'NONE', #5867, #576 ) ;
#2239 = ORIENTED_EDGE ( 'NONE', *, *, #7240, .F. ) ;
#2240 = ORIENTED_EDGE ( 'NONE', *, *, #889, .T. ) ;
#2241 = COLOUR_RGB ( '',1.000000000000000000, 0.8117647058823529438, 0.5019607843137254832 ) ;
#2242 = DIRECTION ( 'NONE',  ( -0.000000000000000000, -1.000000000000000000, -0.000000000000000000 ) ) ;
#2243 =( LENGTH_UNIT ( ) NAMED_UNIT ( * ) SI_UNIT ( .MILLI., .METRE. ) );
#2244 = EDGE_CURVE ( 'NONE', #5252, #4469, #7120, .T. ) ;
#2245 = PRESENTATION_STYLE_ASSIGNMENT (( #4199 ) ) ;
#2246 = STYLED_ITEM ( 'NONE', ( #1095 ), #6001 ) ;
#2247 = CARTESIAN_POINT ( 'NONE',  ( -1.400000000000000133, 0.4500000000000000666, 1.500000000000000222 ) ) ;
#2248 =( NAMED_UNIT ( * ) SI_UNIT ( $, .STERADIAN. ) SOLID_ANGLE_UNIT ( ) );
#2249 =( LENGTH_UNIT ( ) NAMED_UNIT ( * ) SI_UNIT ( .MILLI., .METRE. ) );
#2250 = PRESENTATION_STYLE_ASSIGNMENT (( #5344 ) ) ;
#2251 = CIRCLE ( 'NONE', #3304, 0.1750000000000000167 ) ;
#2252 = ORIENTED_EDGE ( 'NONE', *, *, #8036, .F. ) ;
#2253 = ADVANCED_FACE ( 'NONE', ( #4474 ), #5218, .F. ) ;
#2254 = CARTESIAN_POINT ( 'NONE',  ( -1.499999999999999778, 0.9000000000000000222, -1.199999999999998179 ) ) ;
#2255 = LINE ( 'NONE', #2223, #2948 ) ;
#2256 =( NAMED_UNIT ( * ) SI_UNIT ( $, .STERADIAN. ) SOLID_ANGLE_UNIT ( ) );
#2257 = DIRECTION ( 'NONE',  ( 0.000000000000000000, -1.000000000000000000, 0.000000000000000000 ) ) ;
#2258 = EDGE_CURVE ( 'NONE', #1894, #2870, #2051, .T. ) ;
#2259 = FILL_AREA_STYLE ('',( #7815 ) ) ;
#2260 = VECTOR ( 'NONE', #7266, 1000.000000000000000 ) ;
#2261 = CARTESIAN_POINT ( 'NONE',  ( -0.1749999999999998779, 0.4500000000000001221, -1.499999999999999778 ) ) ;
#2262 = UNCERTAINTY_MEASURE_WITH_UNIT (LENGTH_MEASURE( 1.000000000000000082E-05 ), #1063, 'distance_accuracy_value', 'NONE');
#2263 = FILL_AREA_STYLE ('',( #6724 ) ) ;
#2264 = DIRECTION ( 'NONE',  ( 1.000000000000000000, 0.000000000000000000, 0.000000000000000000 ) ) ;
#2265 = VERTEX_POINT ( 'NONE', #1659 ) ;
#2266 = LINE ( 'NONE', #4008, #5046 ) ;
#2267 = ORIENTED_EDGE ( 'NONE', *, *, #7802, .F. ) ;
#2268 = CARTESIAN_POINT ( 'NONE',  ( -1.500000000000000222, 0.000000000000000000, 1.324999999999999734 ) ) ;
#2270 = STYLED_ITEM ( 'NONE', ( #812 ), #5333 ) ;
#2269 = DIRECTION ( 'NONE',  ( -1.000000000000000000, 0.000000000000000000, -1.156482317317871331E-15 ) ) ;
#2271 = DIRECTION ( 'NONE',  ( 0.000000000000000000, 1.000000000000000000, -0.000000000000000000 ) ) ;
#2272 =( LENGTH_UNIT ( ) NAMED_UNIT ( * ) SI_UNIT ( .MILLI., .METRE. ) );
#2273 = VERTEX_POINT ( 'NONE', #1621 ) ;
#2274 = VECTOR ( 'NONE', #4392, 1000.000000000000000 ) ;
#2275 = STYLED_ITEM ( 'NONE', ( #797 ), #1007 ) ;
#2276 = ORIENTED_EDGE ( 'NONE', *, *, #5488, .F. ) ;
#2277 = DIRECTION ( 'NONE',  ( 0.000000000000000000, -1.000000000000000000, 0.000000000000000000 ) ) ;
#2278 = ORIENTED_EDGE ( 'NONE', *, *, #163, .T. ) ;
#2279 = DIRECTION ( 'NONE',  ( 1.000000000000000000, -0.000000000000000000, 0.000000000000000000 ) ) ;
#2280 = SURFACE_STYLE_FILL_AREA ( #2853 ) ;
#2281 = COLOUR_RGB ( '',1.000000000000000000, 0.8117647058823529438, 0.5019607843137254832 ) ;
#2282 = DIRECTION ( 'NONE',  ( 0.000000000000000000, 1.000000000000000000, 0.000000000000000000 ) ) ;
#2283 = AXIS2_PLACEMENT_3D ( 'NONE', #5203, #7057, #6466 ) ;
#2284 = MANIFOLD_SOLID_BREP ( 'Cap', #7204 ) ;
#2285 = STYLED_ITEM ( 'NONE', ( #4283 ), #444 ) ;
#2286 = FILL_AREA_STYLE ('',( #7835 ) ) ;
#2287 = CARTESIAN_POINT ( 'NONE',  ( -1.475000000000000089, 2.065549442140357073, 0.000000000000000000 ) ) ;
#2288 = AXIS2_PLACEMENT_3D ( 'NONE', #3433, #4064, #2737 ) ;
#2289 =( NAMED_UNIT ( * ) PLANE_ANGLE_UNIT ( ) SI_UNIT ( $, .RADIAN. ) );
#2290 = ADVANCED_FACE ( 'NONE', ( #7299 ), #6605, .T. ) ;
#2291 = COLOUR_RGB ( '',0.7529411764705882248, 0.7529411764705882248, 0.7529411764705882248 ) ;
#2292 = COLOUR_RGB ( '',1.000000000000000000, 0.8117647058823529438, 0.5019607843137254832 ) ;
#2293 =( NAMED_UNIT ( * ) SI_UNIT ( $, .STERADIAN. ) SOLID_ANGLE_UNIT ( ) );
#2294 = ORIENTED_EDGE ( 'NONE', *, *, #1704, .F. ) ;
#2295 = STYLED_ITEM ( 'NONE', ( #6436 ), #7716 ) ;
#2296 = CARTESIAN_POINT ( 'NONE',  ( -0.7499999999999997780, 0.4500000000000001221, 0.3000000000000004885 ) ) ;
#2297 = SURFACE_STYLE_USAGE ( .BOTH. , #4160 ) ;
#2298 = PRESENTATION_LAYER_ASSIGNMENT (  '', '', ( #6068 ) ) ;
#2299 = SURFACE_STYLE_USAGE ( .BOTH. , #7851 ) ;
#2300 = EDGE_CURVE ( 'NONE', #401, #8028, #1911, .T. ) ;
#2301 = CARTESIAN_POINT ( 'NONE',  ( -4.814824860968089633E-32, 0.000000000000000000, -0.9000000000000005773 ) ) ;
#2302 = SURFACE_STYLE_FILL_AREA ( #2424 ) ;
#2303 = AXIS2_PLACEMENT_3D ( 'NONE', #4319, #7892, #5503 ) ;
#2304 =( LENGTH_UNIT ( ) NAMED_UNIT ( * ) SI_UNIT ( .MILLI., .METRE. ) );
#2305 = ORIENTED_EDGE ( 'NONE', *, *, #4067, .F. ) ;
#2306 = SURFACE_SIDE_STYLE ('',( #311 ) ) ;
#2307 = SURFACE_STYLE_USAGE ( .BOTH. , #7863 ) ;
#2308 = ADVANCED_FACE ( 'NONE', ( #1581 ), #2980, .T. ) ;
#2309 = SURFACE_SIDE_STYLE ('',( #4739 ) ) ;
#2310 = LINE ( 'NONE', #469, #7132 ) ;
#2311 = FACE_OUTER_BOUND ( 'NONE', #194, .T. ) ;
#2312 = DIRECTION ( 'NONE',  ( 0.000000000000000000, 0.000000000000000000, -1.000000000000000000 ) ) ;
#2313 = ORIENTED_EDGE ( 'NONE', *, *, #5789, .T. ) ;
#2314 = MECHANICAL_DESIGN_GEOMETRIC_PRESENTATION_REPRESENTATION (  '', ( #2185 ), #2449 ) ;
#2315 = CARTESIAN_POINT ( 'NONE',  ( 1.282286866986346086, 0.9000000000000003553, -1.500000000000000000 ) ) ;
#2316 = DIRECTION ( 'NONE',  ( -0.000000000000000000, 0.000000000000000000, -1.000000000000000000 ) ) ;
#2317 = ORIENTED_EDGE ( 'NONE', *, *, #7534, .F. ) ;
#2318 = ORIENTED_EDGE ( 'NONE', *, *, #4491, .F. ) ;
#2319 = DIRECTION ( 'NONE',  ( -0.000000000000000000, -0.000000000000000000, 1.000000000000000000 ) ) ;
#2320 = PLANE ( 'NONE',  #6348 ) ;
#2321 = MECHANICAL_DESIGN_GEOMETRIC_PRESENTATION_REPRESENTATION (  '', ( #4255 ), #5307 ) ;
#2322 = UNCERTAINTY_MEASURE_WITH_UNIT (LENGTH_MEASURE( 1.000000000000000082E-05 ), #6419, 'distance_accuracy_value', 'NONE');
#2323 = LINE ( 'NONE', #2971, #188 ) ;
#2324 = PRESENTATION_LAYER_ASSIGNMENT (  '', '', ( #4657 ) ) ;
#2325 = DIRECTION ( 'NONE',  ( -0.000000000000000000, -1.000000000000000000, -0.000000000000000000 ) ) ;
#2326 = CARTESIAN_POINT ( 'NONE',  ( -1.500000000000000222, 2.065549442140357073, -0.1750000000000001277 ) ) ;
#2327 = VECTOR ( 'NONE', #6139, 1000.000000000000000 ) ;
#2328 = PLANE ( 'NONE',  #4030 ) ;
#2329 = ORIENTED_EDGE ( 'NONE', *, *, #4919, .F. ) ;
#2330 =( LENGTH_UNIT ( ) NAMED_UNIT ( * ) SI_UNIT ( .MILLI., .METRE. ) );
#2331 = LINE ( 'NONE', #6564, #3120 ) ;
#2332 = VECTOR ( 'NONE', #5592, 1000.000000000000000 ) ;
#2333 = CARTESIAN_POINT ( 'NONE',  ( -1.626303258728352300E-16, 0.000000000000000000, 0.000000000000000000 ) ) ;
#2334 =( NAMED_UNIT ( * ) SI_UNIT ( $, .STERADIAN. ) SOLID_ANGLE_UNIT ( ) );
#2335 = VERTEX_POINT ( 'NONE', #4387 ) ;
#2336 = VECTOR ( 'NONE', #7445, 1000.000000000000000 ) ;
#2337 = DIRECTION ( 'NONE',  ( 0.000000000000000000, 0.000000000000000000, -1.000000000000000000 ) ) ;
#2338 = LINE ( 'NONE', #347, #7217 ) ;
#2339 = DIRECTION ( 'NONE',  ( 0.000000000000000000, -1.000000000000000000, 0.000000000000000000 ) ) ;
#2340 = CIRCLE ( 'NONE', #7376, 0.1000000000000000472 ) ;
#2341 = DIRECTION ( 'NONE',  ( 0.000000000000000000, 0.000000000000000000, -1.000000000000000000 ) ) ;
#2342 = SURFACE_STYLE_USAGE ( .BOTH. , #7311 ) ;
#2343 = COLOUR_RGB ( '',1.000000000000000000, 0.8117647058823529438, 0.5019607843137254832 ) ;
#2344 = EDGE_CURVE ( 'NONE', #3641, #894, #2409, .T. ) ;
#2345 = VECTOR ( 'NONE', #7223, 1000.000000000000000 ) ;
#2346 = SURFACE_SIDE_STYLE ('',( #2425 ) ) ;
#2347 = ADVANCED_FACE ( 'NONE', ( #4425 ), #3145, .T. ) ;
#2348 = UNCERTAINTY_MEASURE_WITH_UNIT (LENGTH_MEASURE( 1.000000000000000082E-05 ), #5445, 'distance_accuracy_value', 'NONE');
#2349 = CARTESIAN_POINT ( 'NONE',  ( 1.499999999999999778, 0.4500000000000000111, 1.400000000000000133 ) ) ;
#2350 = ORIENTED_EDGE ( 'NONE', *, *, #5248, .F. ) ;
#2351 = CARTESIAN_POINT ( 'NONE',  ( -1.500000000000000000, 0.9000000000000001332, -1.199999999999997957 ) ) ;
#2352 =( NAMED_UNIT ( * ) SI_UNIT ( $, .STERADIAN. ) SOLID_ANGLE_UNIT ( ) );
#2353 =( LENGTH_UNIT ( ) NAMED_UNIT ( * ) SI_UNIT ( .MILLI., .METRE. ) );
#2354 = EDGE_CURVE ( 'NONE', #8028, #7495, #5939, .T. ) ;
#2355 = ORIENTED_EDGE ( 'NONE', *, *, #692, .F. ) ;
#2356 = PLANE ( 'NONE',  #5574 ) ;
#2357 = ORIENTED_EDGE ( 'NONE', *, *, #6923, .F. ) ;
#2358 = VERTEX_POINT ( 'NONE', #7387 ) ;
#2359 = SURFACE_STYLE_FILL_AREA ( #2814 ) ;
#2360 = SURFACE_SIDE_STYLE ('',( #2280 ) ) ;
#2361 = DIRECTION ( 'NONE',  ( 0.000000000000000000, 0.000000000000000000, -1.000000000000000000 ) ) ;
#2362 = CARTESIAN_POINT ( 'NONE',  ( 0.000000000000000000, 0.4500000000000000666, -0.2999999999999999334 ) ) ;
#2363 = CARTESIAN_POINT ( 'NONE',  ( 1.499999999999999778, 0.8500000000000000888, 0.000000000000000000 ) ) ;
#2364 = EDGE_CURVE ( 'NONE', #1094, #3142, #5532, .T. ) ;
#2365 =( NAMED_UNIT ( * ) SI_UNIT ( $, .STERADIAN. ) SOLID_ANGLE_UNIT ( ) );
#2366 =( LENGTH_UNIT ( ) NAMED_UNIT ( * ) SI_UNIT ( .MILLI., .METRE. ) );
#2367 =( NAMED_UNIT ( * ) SI_UNIT ( $, .STERADIAN. ) SOLID_ANGLE_UNIT ( ) );
#2368 = ORIENTED_EDGE ( 'NONE', *, *, #2244, .T. ) ;
#2369 = SURFACE_STYLE_FILL_AREA ( #7230 ) ;
#2370 = AXIS2_PLACEMENT_3D ( 'NONE', #3029, #4898, #6759 ) ;
#2371 = DIRECTION ( 'NONE',  ( 0.000000000000000000, 0.000000000000000000, -1.000000000000000000 ) ) ;
#2372 = ORIENTED_EDGE ( 'NONE', *, *, #3726, .F. ) ;
#2373 = CIRCLE ( 'NONE', #6908, 0.1000000000000000472 ) ;
#2374 = FACE_OUTER_BOUND ( 'NONE', #7724, .T. ) ;
#2375 = PLANE ( 'NONE',  #2422 ) ;
#2376 = CARTESIAN_POINT ( 'NONE',  ( 0.000000000000000000, 0.000000000000000000, -1.499999999999999778 ) ) ;
#2377 = STYLED_ITEM ( 'NONE', ( #7643 ), #553 ) ;
#2378 = DIRECTION ( 'NONE',  ( 0.000000000000000000, -1.000000000000000000, 0.000000000000000000 ) ) ;
#2379 = SURFACE_SIDE_STYLE ('',( #6084 ) ) ;
#2380 = MECHANICAL_DESIGN_GEOMETRIC_PRESENTATION_REPRESENTATION (  '', ( #6537 ), #1191 ) ;
#2381 = PRESENTATION_STYLE_ASSIGNMENT (( #1151 ) ) ;
#2382 = CARTESIAN_POINT ( 'NONE',  ( -1.500000000000000222, 2.065549442140357073, -0.1499999999999997446 ) ) ;
#2383 = STYLED_ITEM ( 'NONE', ( #4118 ), #4947 ) ;
#2384 = CARTESIAN_POINT ( 'NONE',  ( 1.499999999999999778, 0.4500000000000001221, 3.122502256758252770E-14 ) ) ;
#2385 = CARTESIAN_POINT ( 'NONE',  ( -1.500000000000000000, 0.8500000000000000888, 1.400000000000000133 ) ) ;
#2386 = ORIENTED_EDGE ( 'NONE', *, *, #2469, .F. ) ;
#2387 = SURFACE_STYLE_USAGE ( .BOTH. , #7935 ) ;
#2388 = CARTESIAN_POINT ( 'NONE',  ( -3.469446951953602356E-16, 2.065549442140357073, -0.2999999999999990452 ) ) ;
#2389 = EDGE_CURVE ( 'NONE', #4069, #2886, #7981, .T. ) ;
#2390 = CARTESIAN_POINT ( 'NONE',  ( 0.000000000000000000, 1.050000000000000044, -1.349999999999998312 ) ) ;
#2391 = AXIS2_PLACEMENT_3D ( 'NONE', #6240, #6831, #6915 ) ;
#2392 = ORIENTED_EDGE ( 'NONE', *, *, #1317, .T. ) ;
#2393 = AXIS2_PLACEMENT_3D ( 'NONE', #927, #5327, #7791 ) ;
#2394 = PRESENTATION_STYLE_ASSIGNMENT (( #3133 ) ) ;
#2395 = ORIENTED_EDGE ( 'NONE', *, *, #1900, .T. ) ;
#2396 = ORIENTED_EDGE ( 'NONE', *, *, #940, .F. ) ;
#2397 = CARTESIAN_POINT ( 'NONE',  ( -1.500000000000000000, 0.8500000000000000888, -1.399999999999999689 ) ) ;
#2398 = ADVANCED_FACE ( 'NONE', ( #6145 ), #571, .T. ) ;
#2399 = FILL_AREA_STYLE ('',( #6741 ) ) ;
#2400 = CARTESIAN_POINT ( 'NONE',  ( -1.500000000000000222, 0.000000000000000000, 1.499999999999999556 ) ) ;
#2401 = AXIS2_PLACEMENT_3D ( 'NONE', #4985, #104, #2632 ) ;
#2402 = DIRECTION ( 'NONE',  ( 0.000000000000000000, 1.000000000000000000, 0.000000000000000000 ) ) ;
#2403 =( GEOMETRIC_REPRESENTATION_CONTEXT ( 3 ) GLOBAL_UNCERTAINTY_ASSIGNED_CONTEXT ( ( #1636 ) ) GLOBAL_UNIT_ASSIGNED_CONTEXT ( ( #1070, #3564, #2957 ) ) REPRESENTATION_CONTEXT ( 'NONE', 'WORKASPACE' ) );
#2404 = DIRECTION ( 'NONE',  ( 0.000000000000000000, 1.000000000000000000, -0.000000000000000000 ) ) ;
#2405 = DIRECTION ( 'NONE',  ( 0.000000000000000000, 1.000000000000000000, 0.000000000000000000 ) ) ;
#2406 = SURFACE_STYLE_USAGE ( .BOTH. , #7956 ) ;
#2407 = MECHANICAL_DESIGN_GEOMETRIC_PRESENTATION_REPRESENTATION (  '', ( #839 ), #7443 ) ;
#2408 = VERTEX_POINT ( 'NONE', #7068 ) ;
#2409 = LINE ( 'NONE', #6747, #6719 ) ;
#2410 =( NAMED_UNIT ( * ) SI_UNIT ( $, .STERADIAN. ) SOLID_ANGLE_UNIT ( ) );
#2411 = MECHANICAL_DESIGN_GEOMETRIC_PRESENTATION_REPRESENTATION (  '', ( #454 ), #6171 ) ;
#2412 = EDGE_CURVE ( 'NONE', #4376, #5776, #7629, .T. ) ;
#2413 = CARTESIAN_POINT ( 'NONE',  ( -0.7499999999999997780, 2.065549442140357073, 0.2999999999999999334 ) ) ;
#2414 = ORIENTED_EDGE ( 'NONE', *, *, #1298, .F. ) ;
#2415 = STYLED_ITEM ( 'NONE', ( #7969 ), #460 ) ;
#2416 = VECTOR ( 'NONE', #1229, 1000.000000000000000 ) ;
#2417 = MANIFOLD_SOLID_BREP ( 'Pin 5', #5528 ) ;
#2418 = FILL_AREA_STYLE ('',( #5544 ) ) ;
#2419 =( LENGTH_UNIT ( ) NAMED_UNIT ( * ) SI_UNIT ( .MILLI., .METRE. ) );
#2420 = STYLED_ITEM ( 'NONE', ( #1345 ), #7550 ) ;
#2421 = AXIS2_PLACEMENT_3D ( 'NONE', #36, #1209, #1861 ) ;
#2422 = AXIS2_PLACEMENT_3D ( 'NONE', #1748, #1142, #42 ) ;
#2423 = VECTOR ( 'NONE', #5202, 1000.000000000000000 ) ;
#2424 = FILL_AREA_STYLE ('',( #6642 ) ) ;
#2425 = SURFACE_STYLE_FILL_AREA ( #464 ) ;
#2426 = LINE ( 'NONE', #2589, #6209 ) ;
#2427 = PRESENTATION_LAYER_ASSIGNMENT (  '', '', ( #1389 ) ) ;
#2428 = VECTOR ( 'NONE', #3762, 1000.000000000000000 ) ;
#2429 = EDGE_LOOP ( 'NONE', ( #3696, #3135, #5653, #4561 ) ) ;
#2430 = LINE ( 'NONE', #4205, #3473 ) ;
#2431 = FACE_OUTER_BOUND ( 'NONE', #1683, .T. ) ;
#2432 = VECTOR ( 'NONE', #1564, 1000.000000000000000 ) ;
#2433 = DIRECTION ( 'NONE',  ( 0.000000000000000000, -1.000000000000000000, 0.000000000000000000 ) ) ;
#2434 = VECTOR ( 'NONE', #2747, 1000.000000000000000 ) ;
#2435 = SURFACE_SIDE_STYLE ('',( #6731 ) ) ;
#2436 = CARTESIAN_POINT ( 'NONE',  ( -1.475000000000000089, 2.065549442140357073, 0.000000000000000000 ) ) ;
#2437 = EDGE_CURVE ( 'NONE', #1730, #1168, #5124, .T. ) ;
#2438 = VERTEX_POINT ( 'NONE', #855 ) ;
#2439 = STYLED_ITEM ( 'NONE', ( #935 ), #3221 ) ;
#2440 = EDGE_LOOP ( 'NONE', ( #4481, #4623, #5468, #6187 ) ) ;
#2441 = VERTEX_POINT ( 'NONE', #6398 ) ;
#2442 = DIRECTION ( 'NONE',  ( 0.000000000000000000, 0.000000000000000000, -1.000000000000000000 ) ) ;
#2443 = DIRECTION ( 'NONE',  ( 0.000000000000000000, 0.000000000000000000, 1.000000000000000000 ) ) ;
#2444 = FILL_AREA_STYLE ('',( #4179 ) ) ;
#2445 = DIRECTION ( 'NONE',  ( 0.000000000000000000, 0.000000000000000000, -1.000000000000000000 ) ) ;
#2446 =( GEOMETRIC_REPRESENTATION_CONTEXT ( 3 ) GLOBAL_UNCERTAINTY_ASSIGNED_CONTEXT ( ( #5705 ) ) GLOBAL_UNIT_ASSIGNED_CONTEXT ( ( #631, #5718, #5552 ) ) REPRESENTATION_CONTEXT ( 'NONE', 'WORKASPACE' ) );
#2447 = FILL_AREA_STYLE_COLOUR ( '', #7954 ) ;
#2448 = EDGE_CURVE ( 'NONE', #55, #2441, #1988, .T. ) ;
#2449 =( GEOMETRIC_REPRESENTATION_CONTEXT ( 3 ) GLOBAL_UNCERTAINTY_ASSIGNED_CONTEXT ( ( #744 ) ) GLOBAL_UNIT_ASSIGNED_CONTEXT ( ( #1051, #7760, #4688 ) ) REPRESENTATION_CONTEXT ( 'NONE', 'WORKASPACE' ) );
#2450 = EDGE_CURVE ( 'NONE', #5292, #7701, #3311, .T. ) ;
#2451 = LINE ( 'NONE', #3054, #7792 ) ;
#2452 = ORIENTED_EDGE ( 'NONE', *, *, #6097, .T. ) ;
#2453 = PRESENTATION_LAYER_ASSIGNMENT (  '', '', ( #3234 ) ) ;
#2454 =( LENGTH_UNIT ( ) NAMED_UNIT ( * ) SI_UNIT ( .MILLI., .METRE. ) );
#2455 = AXIS2_PLACEMENT_3D ( 'NONE', #4550, #5168, #118 ) ;
#2456 = UNCERTAINTY_MEASURE_WITH_UNIT (LENGTH_MEASURE( 1.000000000000000082E-05 ), #6635, 'distance_accuracy_value', 'NONE');
#2457 = SURFACE_STYLE_FILL_AREA ( #8008 ) ;
#2458 = ORIENTED_EDGE ( 'NONE', *, *, #7109, .T. ) ;
#2459 =( GEOMETRIC_REPRESENTATION_CONTEXT ( 3 ) GLOBAL_UNCERTAINTY_ASSIGNED_CONTEXT ( ( #6846 ) ) GLOBAL_UNIT_ASSIGNED_CONTEXT ( ( #2591, #556, #4486 ) ) REPRESENTATION_CONTEXT ( 'NONE', 'WORKASPACE' ) );
#2460 = EDGE_CURVE ( 'NONE', #3505, #6699, #6580, .T. ) ;
#2461 =( NAMED_UNIT ( * ) SI_UNIT ( $, .STERADIAN. ) SOLID_ANGLE_UNIT ( ) );
#2462 = COLOUR_RGB ( '',1.000000000000000000, 0.8117647058823529438, 0.5019607843137254832 ) ;
#2463 = SURFACE_STYLE_USAGE ( .BOTH. , #5009 ) ;
#2464 = CARTESIAN_POINT ( 'NONE',  ( -1.500000000000000222, 2.065549442140357073, -1.500000000000000444 ) ) ;
#2465 = DIRECTION ( 'NONE',  ( 0.000000000000000000, 0.000000000000000000, 1.000000000000000000 ) ) ;
#2466 = MECHANICAL_DESIGN_GEOMETRIC_PRESENTATION_REPRESENTATION (  '', ( #7893 ), #3508 ) ;
#2467 = ORIENTED_EDGE ( 'NONE', *, *, #4316, .T. ) ;
#2468 =( NAMED_UNIT ( * ) PLANE_ANGLE_UNIT ( ) SI_UNIT ( $, .RADIAN. ) );
#2469 = EDGE_CURVE ( 'NONE', #5158, #1513, #1418, .T. ) ;
#2470 = CIRCLE ( 'NONE', #120, 0.1000000000000000472 ) ;
#2471 = VERTEX_POINT ( 'NONE', #816 ) ;
#2472 = CARTESIAN_POINT ( 'NONE',  ( -0.7499999999999994449, 0.000000000000000000, -0.2999999999999999334 ) ) ;
#2473 = FILL_AREA_STYLE ('',( #4819 ) ) ;
#2474 = SURFACE_STYLE_FILL_AREA ( #7407 ) ;
#2475 = STYLED_ITEM ( 'NONE', ( #493 ), #608 ) ;
#2476 =( NAMED_UNIT ( * ) SI_UNIT ( $, .STERADIAN. ) SOLID_ANGLE_UNIT ( ) );
#2477 = CARTESIAN_POINT ( 'NONE',  ( 1.275422565054557644, 0.9000000000000003553, 1.492978830106242549 ) ) ;
#2478 = FACE_OUTER_BOUND ( 'NONE', #3708, .T. ) ;
#2479 = VERTEX_POINT ( 'NONE', #5780 ) ;
#2480 = CARTESIAN_POINT ( 'NONE',  ( 0.7499999999999996669, 0.4500000000000000666, 0.000000000000000000 ) ) ;
#2481 = ORIENTED_EDGE ( 'NONE', *, *, #4412, .F. ) ;
#2482 = ORIENTED_EDGE ( 'NONE', *, *, #1316, .F. ) ;
#2483 = CARTESIAN_POINT ( 'NONE',  ( 1.475000000000000311, 2.065549442140357073, 0.000000000000000000 ) ) ;
#2484 = SURFACE_STYLE_FILL_AREA ( #4261 ) ;
#2485 = SURFACE_SIDE_STYLE ('',( #4454 ) ) ;
#2486 = DIRECTION ( 'NONE',  ( 0.000000000000000000, 0.000000000000000000, -1.000000000000000000 ) ) ;
#2487 = CARTESIAN_POINT ( 'NONE',  ( -1.500000000000000222, 0.4499999999999999001, 0.000000000000000000 ) ) ;
#2488 = SURFACE_STYLE_FILL_AREA ( #8038 ) ;
#2489 = DIRECTION ( 'NONE',  ( -0.000000000000000000, 1.000000000000000000, 0.000000000000000000 ) ) ;
#2490 = CARTESIAN_POINT ( 'NONE',  ( 1.499999999999999778, 2.065549442140357073, -1.349999999999969891 ) ) ;
#2491 = ORIENTED_EDGE ( 'NONE', *, *, #4814, .F. ) ;
#2492 =( NAMED_UNIT ( * ) SI_UNIT ( $, .STERADIAN. ) SOLID_ANGLE_UNIT ( ) );
#2493 = FILL_AREA_STYLE ('',( #8003 ) ) ;
#2494 = DIRECTION ( 'NONE',  ( -1.000000000000000000, -0.000000000000000000, -9.035018104045874392E-17 ) ) ;
#2495 = EDGE_CURVE ( 'NONE', #2081, #7111, #197, .T. ) ;
#2496 = ADVANCED_FACE ( 'NONE', ( #1537 ), #7673, .F. ) ;
#2497 = EDGE_LOOP ( 'NONE', ( #4351, #2329, #6306, #1370 ) ) ;
#2498 = CARTESIAN_POINT ( 'NONE',  ( -1.400000000000000133, 0.4500000000000000666, -1.499999999999999778 ) ) ;
#2499 = SURFACE_SIDE_STYLE ('',( #3111 ) ) ;
#2500 = CYLINDRICAL_SURFACE ( 'NONE', #639, 0.1750000000000301592 ) ;
#2501 = CARTESIAN_POINT ( 'NONE',  ( 1.499999999999999778, 0.4500000000000000666, 0.000000000000000000 ) ) ;
#2502 = EDGE_CURVE ( 'NONE', #3342, #5985, #5403, .T. ) ;
#2503 = MECHANICAL_DESIGN_GEOMETRIC_PRESENTATION_REPRESENTATION (  '', ( #2509 ), #7039 ) ;
#2504 = VERTEX_POINT ( 'NONE', #5994 ) ;
#2505 = FACE_OUTER_BOUND ( 'NONE', #2497, .T. ) ;
#2506 =( LENGTH_UNIT ( ) NAMED_UNIT ( * ) SI_UNIT ( .MILLI., .METRE. ) );
#2507 = LINE ( 'NONE', #4976, #5172 ) ;
#2508 = VERTEX_POINT ( 'NONE', #4829 ) ;
#2509 = STYLED_ITEM ( 'NONE', ( #7631 ), #6034 ) ;
#2510 = CARTESIAN_POINT ( 'NONE',  ( -1.326794919243112769, 0.4499999999999999001, -1.474999999999999645 ) ) ;
#2511 = DIRECTION ( 'NONE',  ( 0.000000000000000000, -1.000000000000000000, 0.000000000000000000 ) ) ;
#2512 = CARTESIAN_POINT ( 'NONE',  ( 0.7499999999999996669, 0.4500000000000001221, -1.475000000000000533 ) ) ;
#2513 = FACE_OUTER_BOUND ( 'NONE', #310, .T. ) ;
#2514 = EDGE_CURVE ( 'NONE', #4229, #4274, #2167, .T. ) ;
#2515 = PLANE ( 'NONE',  #4185 ) ;
#2516 = AXIS2_PLACEMENT_3D ( 'NONE', #232, #6591, #362 ) ;
#2517 = CARTESIAN_POINT ( 'NONE',  ( -1.400000000000000133, 0.9000000000000002442, -1.399999999999999689 ) ) ;
#2518 = ORIENTED_EDGE ( 'NONE', *, *, #4932, .F. ) ;
#2519 =( NAMED_UNIT ( * ) PLANE_ANGLE_UNIT ( ) SI_UNIT ( $, .RADIAN. ) );
#2520 = ORIENTED_EDGE ( 'NONE', *, *, #3038, .F. ) ;
#2521 = ORIENTED_EDGE ( 'NONE', *, *, #6129, .F. ) ;
#2522 =( GEOMETRIC_REPRESENTATION_CONTEXT ( 3 ) GLOBAL_UNCERTAINTY_ASSIGNED_CONTEXT ( ( #5354 ) ) GLOBAL_UNIT_ASSIGNED_CONTEXT ( ( #2060, #1439, #7657 ) ) REPRESENTATION_CONTEXT ( 'NONE', 'WORKASPACE' ) );
#2523 = DIRECTION ( 'NONE',  ( 0.000000000000000000, 0.000000000000000000, -1.000000000000000000 ) ) ;
#2524 =( LENGTH_UNIT ( ) NAMED_UNIT ( * ) SI_UNIT ( .MILLI., .METRE. ) );
#2525 = ORIENTED_EDGE ( 'NONE', *, *, #5143, .T. ) ;
#2526 = ORIENTED_EDGE ( 'NONE', *, *, #917, .F. ) ;
#2527 = FILL_AREA_STYLE_COLOUR ( '', #3836 ) ;
#2528 = PRESENTATION_LAYER_ASSIGNMENT (  '', '', ( #574 ) ) ;
#2529 = FILL_AREA_STYLE ('',( #5660 ) ) ;
#2530 = CIRCLE ( 'NONE', #174, 0.1000000000000000472 ) ;
#2531 = LINE ( 'NONE', #83, #6943 ) ;
#2532 = ORIENTED_EDGE ( 'NONE', *, *, #1086, .F. ) ;
#2533 =( GEOMETRIC_REPRESENTATION_CONTEXT ( 3 ) GLOBAL_UNCERTAINTY_ASSIGNED_CONTEXT ( ( #2594 ) ) GLOBAL_UNIT_ASSIGNED_CONTEXT ( ( #1705, #6194, #1093 ) ) REPRESENTATION_CONTEXT ( 'NONE', 'WORKASPACE' ) );
#2534 = PRESENTATION_STYLE_ASSIGNMENT (( #5665 ) ) ;
#2535 = FILL_AREA_STYLE_COLOUR ( '', #4854 ) ;
#2536 = ADVANCED_FACE ( 'NONE', ( #2852 ), #408, .F. ) ;
#2537 = CARTESIAN_POINT ( 'NONE',  ( -0.7499999999999994449, 2.065549442140357073, -0.2999999999999999334 ) ) ;
#2538 =( GEOMETRIC_REPRESENTATION_CONTEXT ( 3 ) GLOBAL_UNCERTAINTY_ASSIGNED_CONTEXT ( ( #1344 ) ) GLOBAL_UNIT_ASSIGNED_CONTEXT ( ( #7116, #1016, #243 ) ) REPRESENTATION_CONTEXT ( 'NONE', 'WORKASPACE' ) );
#2539 = ORIENTED_EDGE ( 'NONE', *, *, #2153, .F. ) ;
#2540 = COLOUR_RGB ( '',0.2509803921568627416, 0.2509803921568627416, 0.2509803921568627416 ) ;
#2541 = DIRECTION ( 'NONE',  ( -0.000000000000000000, 1.000000000000000000, -0.000000000000000000 ) ) ;
#2542 = LINE ( 'NONE', #3075, #5949 ) ;
#2543 = EDGE_CURVE ( 'NONE', #6280, #3964, #5673, .T. ) ;
#2544 = EDGE_CURVE ( 'NONE', #342, #7056, #7732, .T. ) ;
#2545 = ORIENTED_EDGE ( 'NONE', *, *, #5668, .T. ) ;
#2546 = PLANE ( 'NONE',  #1412 ) ;
#2547 = DIRECTION ( 'NONE',  ( 2.323290369611795497E-16, -0.000000000000000000, -1.000000000000000000 ) ) ;
#2548 = STYLED_ITEM ( 'NONE', ( #5086 ), #1107 ) ;
#2549 = CARTESIAN_POINT ( 'NONE',  ( -1.054999999999999938, 1.100000000000000089, -1.169999999999997931 ) ) ;
#2550 =( GEOMETRIC_REPRESENTATION_CONTEXT ( 3 ) GLOBAL_UNCERTAINTY_ASSIGNED_CONTEXT ( ( #6942 ) ) GLOBAL_UNIT_ASSIGNED_CONTEXT ( ( #6414, #3166, #7609 ) ) REPRESENTATION_CONTEXT ( 'NONE', 'WORKASPACE' ) );
#2551 = UNCERTAINTY_MEASURE_WITH_UNIT (LENGTH_MEASURE( 1.000000000000000082E-05 ), #1630, 'distance_accuracy_value', 'NONE');
#2552 = FILL_AREA_STYLE ('',( #1311 ) ) ;
#2553 =( GEOMETRIC_REPRESENTATION_CONTEXT ( 3 ) GLOBAL_UNCERTAINTY_ASSIGNED_CONTEXT ( ( #3279 ) ) GLOBAL_UNIT_ASSIGNED_CONTEXT ( ( #482, #2967, #369 ) ) REPRESENTATION_CONTEXT ( 'NONE', 'WORKASPACE' ) );
#2554 =( NAMED_UNIT ( * ) PLANE_ANGLE_UNIT ( ) SI_UNIT ( $, .RADIAN. ) );
#2555 = ADVANCED_FACE ( 'NONE', ( #3506 ), #7914, .T. ) ;
#2556 = VERTEX_POINT ( 'NONE', #7991 ) ;
#2557 = CIRCLE ( 'NONE', #4490, 0.09999999999999917288 ) ;
#2558 = ORIENTED_EDGE ( 'NONE', *, *, #6953, .T. ) ;
#2559 = EDGE_LOOP ( 'NONE', ( #5989, #179, #4485, #7704 ) ) ;
#2560 = CARTESIAN_POINT ( 'NONE',  ( 1.399999999999999689, 0.9000000000000002442, -1.499999999999999778 ) ) ;
#2561 =( NAMED_UNIT ( * ) SI_UNIT ( $, .STERADIAN. ) SOLID_ANGLE_UNIT ( ) );
#2562 = PRESENTATION_LAYER_ASSIGNMENT (  '', '', ( #4102 ) ) ;
#2563 = PLANE ( 'NONE',  #6720 ) ;
#2564 = ORIENTED_EDGE ( 'NONE', *, *, #651, .T. ) ;
#2565 = VECTOR ( 'NONE', #3377, 1000.000000000000000 ) ;
#2566 = MECHANICAL_DESIGN_GEOMETRIC_PRESENTATION_REPRESENTATION (  '', ( #2439 ), #5416 ) ;
#2567 = EDGE_CURVE ( 'NONE', #5646, #1454, #28, .T. ) ;
#2568 = ORIENTED_EDGE ( 'NONE', *, *, #4777, .T. ) ;
#2569 = FILL_AREA_STYLE ('',( #5777 ) ) ;
#2570 = EDGE_LOOP ( 'NONE', ( #6807, #7290, #6653 ) ) ;
#2571 = DIRECTION ( 'NONE',  ( 0.000000000000000000, 0.000000000000000000, 1.000000000000000000 ) ) ;
#2572 = CARTESIAN_POINT ( 'NONE',  ( -1.400000000000000133, 0.8500000000000000888, -1.399999999999999689 ) ) ;
#2573 =( LENGTH_UNIT ( ) NAMED_UNIT ( * ) SI_UNIT ( .MILLI., .METRE. ) );
#2574 = PRESENTATION_LAYER_ASSIGNMENT (  '', '', ( #1518 ) ) ;
#2575 = DIRECTION ( 'NONE',  ( 0.000000000000000000, 1.000000000000000000, 0.000000000000000000 ) ) ;
#2576 = ORIENTED_EDGE ( 'NONE', *, *, #6241, .T. ) ;
#2577 = COLOUR_RGB ( '',1.000000000000000000, 0.8117647058823529438, 0.5019607843137254832 ) ;
#2578 = CARTESIAN_POINT ( 'NONE',  ( -2.168404344971008868E-16, 0.4499999999999999001, -1.500000000000015321 ) ) ;
#2579 =( GEOMETRIC_REPRESENTATION_CONTEXT ( 3 ) GLOBAL_UNCERTAINTY_ASSIGNED_CONTEXT ( ( #7108 ) ) GLOBAL_UNIT_ASSIGNED_CONTEXT ( ( #3013, #3617, #3656 ) ) REPRESENTATION_CONTEXT ( 'NONE', 'WORKASPACE' ) );
#2580 = CARTESIAN_POINT ( 'NONE',  ( 1.499999999999999778, 0.4500000000000000666, -1.399999999999999689 ) ) ;
#2581 = PRESENTATION_STYLE_ASSIGNMENT (( #5010 ) ) ;
#2582 = PRESENTATION_LAYER_ASSIGNMENT (  '', '', ( #3865 ) ) ;
#2583 = LINE ( 'NONE', #5794, #4456 ) ;
#2584 = ORIENTED_EDGE ( 'NONE', *, *, #6913, .F. ) ;
#2585 = PRESENTATION_LAYER_ASSIGNMENT (  '', '', ( #2064 ) ) ;
#2586 = FILL_AREA_STYLE ('',( #5550 ) ) ;
#2587 = PRESENTATION_LAYER_ASSIGNMENT (  '', '', ( #1532 ) ) ;
#2588 = CARTESIAN_POINT ( 'NONE',  ( 1.499999999999999778, 0.000000000000000000, 0.000000000000000000 ) ) ;
#2589 = CARTESIAN_POINT ( 'NONE',  ( 0.000000000000000000, 0.000000000000000000, -1.475000000000000533 ) ) ;
#2590 = ORIENTED_EDGE ( 'NONE', *, *, #6715, .F. ) ;
#2591 =( LENGTH_UNIT ( ) NAMED_UNIT ( * ) SI_UNIT ( .MILLI., .METRE. ) );
#2592 = COLOUR_RGB ( '',1.000000000000000000, 0.8117647058823529438, 0.5019607843137254832 ) ;
#2593 = DIRECTION ( 'NONE',  ( -1.000000000000000000, 0.000000000000000000, -0.000000000000000000 ) ) ;
#2594 = UNCERTAINTY_MEASURE_WITH_UNIT (LENGTH_MEASURE( 1.000000000000000082E-05 ), #1705, 'distance_accuracy_value', 'NONE');
#2595 = SURFACE_SIDE_STYLE ('',( #6290 ) ) ;
#2596 = EDGE_CURVE ( 'NONE', #894, #7663, #4494, .T. ) ;
#2597 = AXIS2_PLACEMENT_3D ( 'NONE', #6253, #6728, #7902 ) ;
#2598 = PRESENTATION_LAYER_ASSIGNMENT (  '', '', ( #905 ) ) ;
#2599 = AXIS2_PLACEMENT_3D ( 'NONE', #7300, #3928, #1254 ) ;
#2600 = CARTESIAN_POINT ( 'NONE',  ( -1.399999999999999911, 1.000000000000000000, -1.199999999999998179 ) ) ;
#2601 = ORIENTED_EDGE ( 'NONE', *, *, #1298, .T. ) ;
#2602 = VERTEX_POINT ( 'NONE', #6261 ) ;
#2603 =( NAMED_UNIT ( * ) PLANE_ANGLE_UNIT ( ) SI_UNIT ( $, .RADIAN. ) );
#2604 = SURFACE_STYLE_FILL_AREA ( #3382 ) ;
#2605 = STYLED_ITEM ( 'NONE', ( #2865 ), #619 ) ;
#2606 = FACE_OUTER_BOUND ( 'NONE', #5226, .T. ) ;
#2607 = ORIENTED_EDGE ( 'NONE', *, *, #843, .T. ) ;
#2608 = ADVANCED_FACE ( 'NONE', ( #1243 ), #3046, .T. ) ;
#2609 = ORIENTED_EDGE ( 'NONE', *, *, #543, .F. ) ;
#2610 = CARTESIAN_POINT ( 'NONE',  ( 1.475000000000000311, 2.065549442140357073, 0.3000000000000004330 ) ) ;
#2611 = VERTEX_POINT ( 'NONE', #4335 ) ;
#2612 = LINE ( 'NONE', #2118, #1552 ) ;
#2613 = DIRECTION ( 'NONE',  ( 0.000000000000000000, 0.000000000000000000, -1.000000000000000000 ) ) ;
#2614 = ADVANCED_FACE ( 'NONE', ( #68 ), #6175, .F. ) ;
#2615 = UNCERTAINTY_MEASURE_WITH_UNIT (LENGTH_MEASURE( 1.000000000000000082E-05 ), #4288, 'distance_accuracy_value', 'NONE');
#2616 = CARTESIAN_POINT ( 'NONE',  ( -1.475000000000000089, 0.000000000000000000, -1.326794919243113213 ) ) ;
#2617 = ORIENTED_EDGE ( 'NONE', *, *, #494, .T. ) ;
#2618 = LINE ( 'NONE', #2537, #1661 ) ;
#2619 =( LENGTH_UNIT ( ) NAMED_UNIT ( * ) SI_UNIT ( .MILLI., .METRE. ) );
#2620 = UNCERTAINTY_MEASURE_WITH_UNIT (LENGTH_MEASURE( 1.000000000000000082E-05 ), #3745, 'distance_accuracy_value', 'NONE');
#2621 = ORIENTED_EDGE ( 'NONE', *, *, #5425, .T. ) ;
#2622 = FILL_AREA_STYLE ('',( #133 ) ) ;
#2623 = FACE_OUTER_BOUND ( 'NONE', #6273, .T. ) ;
#2624 = LINE ( 'NONE', #5097, #3846 ) ;
#2625 = ORIENTED_EDGE ( 'NONE', *, *, #3244, .T. ) ;
#2626 = DIRECTION ( 'NONE',  ( 0.000000000000000000, 0.000000000000000000, -1.000000000000000000 ) ) ;
#2627 = CARTESIAN_POINT ( 'NONE',  ( 1.499999999999999778, 0.4499999999999999001, 1.499999999999999556 ) ) ;
#2628 = PRESENTATION_STYLE_ASSIGNMENT (( #5062 ) ) ;
#2629 =( LENGTH_UNIT ( ) NAMED_UNIT ( * ) SI_UNIT ( .MILLI., .METRE. ) );
#2630 =( GEOMETRIC_REPRESENTATION_CONTEXT ( 3 ) GLOBAL_UNCERTAINTY_ASSIGNED_CONTEXT ( ( #3388 ) ) GLOBAL_UNIT_ASSIGNED_CONTEXT ( ( #7737, #391, #918 ) ) REPRESENTATION_CONTEXT ( 'NONE', 'WORKASPACE' ) );
#2631 = DIRECTION ( 'NONE',  ( -0.000000000000000000, 1.000000000000000000, 0.000000000000000000 ) ) ;
#2632 = DIRECTION ( 'NONE',  ( 0.000000000000000000, 0.000000000000000000, -1.000000000000000000 ) ) ;
#2633 = VECTOR ( 'NONE', #7685, 1000.000000000000000 ) ;
#2634 = ORIENTED_EDGE ( 'NONE', *, *, #6320, .T. ) ;
#2635 = CARTESIAN_POINT ( 'NONE',  ( -1.475000000000000089, 0.4500000000000001221, 1.326794919243112325 ) ) ;
#2636 = ORIENTED_EDGE ( 'NONE', *, *, #7899, .T. ) ;
#2637 = EDGE_CURVE ( 'NONE', #2133, #666, #4378, .T. ) ;
#2638 = ORIENTED_EDGE ( 'NONE', *, *, #1384, .F. ) ;
#2639 = CARTESIAN_POINT ( 'NONE',  ( -1.499999999999999556, 0.4500000000000000666, 0.000000000000000000 ) ) ;
#2640 = CARTESIAN_POINT ( 'NONE',  ( 1.475000000000000311, 0.000000000000000000, 0.3000000000000004885 ) ) ;
#2641 = UNCERTAINTY_MEASURE_WITH_UNIT (LENGTH_MEASURE( 1.000000000000000082E-05 ), #924, 'distance_accuracy_value', 'NONE');
#2642 = COLOUR_RGB ( '',0.7529411764705882248, 0.7529411764705882248, 0.7529411764705882248 ) ;
#2643 = ORIENTED_EDGE ( 'NONE', *, *, #2495, .F. ) ;
#2644 = DIRECTION ( 'NONE',  ( -0.000000000000000000, 1.000000000000000000, -0.000000000000000000 ) ) ;
#2645 = VERTEX_POINT ( 'NONE', #2397 ) ;
#2646 =( GEOMETRIC_REPRESENTATION_CONTEXT ( 3 ) GLOBAL_UNCERTAINTY_ASSIGNED_CONTEXT ( ( #7779 ) ) GLOBAL_UNIT_ASSIGNED_CONTEXT ( ( #5932, #6535, #7775 ) ) REPRESENTATION_CONTEXT ( 'NONE', 'WORKASPACE' ) );
#2647 = ORIENTED_EDGE ( 'NONE', *, *, #4621, .T. ) ;
#2648 = EDGE_CURVE ( 'NONE', #604, #117, #722, .T. ) ;
#2649 = PRESENTATION_STYLE_ASSIGNMENT (( #3735 ) ) ;
#2650 = DIRECTION ( 'NONE',  ( -0.000000000000000000, 1.000000000000000000, -0.000000000000000000 ) ) ;
#2651 = CARTESIAN_POINT ( 'NONE',  ( -1.399999999999999689, 1.000000000000000000, 1.199999999999997957 ) ) ;
#2652 = ORIENTED_EDGE ( 'NONE', *, *, #216, .T. ) ;
#2653 =( GEOMETRIC_REPRESENTATION_CONTEXT ( 3 ) GLOBAL_UNCERTAINTY_ASSIGNED_CONTEXT ( ( #3165 ) ) GLOBAL_UNIT_ASSIGNED_CONTEXT ( ( #3867, #867, #2001 ) ) REPRESENTATION_CONTEXT ( 'NONE', 'WORKASPACE' ) );
#2654 = EDGE_CURVE ( 'NONE', #5776, #84, #2759, .T. ) ;
#2655 = LINE ( 'NONE', #5134, #5692 ) ;
#2656 = VECTOR ( 'NONE', #1570, 1000.000000000000000 ) ;
#2657 = CARTESIAN_POINT ( 'NONE',  ( -1.500000000000000222, 0.000000000000000000, 1.350000000000000311 ) ) ;
#2658 =( NAMED_UNIT ( * ) PLANE_ANGLE_UNIT ( ) SI_UNIT ( $, .RADIAN. ) );
#2659 = FILL_AREA_STYLE_COLOUR ( '', #7436 ) ;
#2660 = ORIENTED_EDGE ( 'NONE', *, *, #2792, .F. ) ;
#2661 = MECHANICAL_DESIGN_GEOMETRIC_PRESENTATION_REPRESENTATION (  '', ( #7192 ), #1739 ) ;
#2662 = DIRECTION ( 'NONE',  ( -0.000000000000000000, 1.000000000000000000, 0.000000000000000000 ) ) ;
#2663 = LINE ( 'NONE', #7008, #547 ) ;
#2664 = ORIENTED_EDGE ( 'NONE', *, *, #6534, .F. ) ;
#2665 = CARTESIAN_POINT ( 'NONE',  ( -1.400000000000000355, 1.000000000000000000, 1.317157287525377862 ) ) ;
#2666 = AXIS2_PLACEMENT_3D ( 'NONE', #2400, #7995, #2445 ) ;
#2667 = FACE_OUTER_BOUND ( 'NONE', #5554, .T. ) ;
#2668 = DIRECTION ( 'NONE',  ( 0.000000000000000000, 1.000000000000000000, 0.000000000000000000 ) ) ;
#2669 = VECTOR ( 'NONE', #6987, 1000.000000000000000 ) ;
#2670 = VECTOR ( 'NONE', #5053, 1000.000000000000000 ) ;
#2671 = PRESENTATION_STYLE_ASSIGNMENT (( #6981 ) ) ;
#2672 =( NAMED_UNIT ( * ) PLANE_ANGLE_UNIT ( ) SI_UNIT ( $, .RADIAN. ) );
#2673 = CARTESIAN_POINT ( 'NONE',  ( 1.499999999999999778, 0.000000000000000000, -1.500000000000000444 ) ) ;
#2674 =( GEOMETRIC_REPRESENTATION_CONTEXT ( 3 ) GLOBAL_UNCERTAINTY_ASSIGNED_CONTEXT ( ( #5785 ) ) GLOBAL_UNIT_ASSIGNED_CONTEXT ( ( #3604, #1188, #514 ) ) REPRESENTATION_CONTEXT ( 'NONE', 'WORKASPACE' ) );
#2675 = ORIENTED_EDGE ( 'NONE', *, *, #2844, .F. ) ;
#2676 = CARTESIAN_POINT ( 'NONE',  ( 3.469446951953604821E-16, 2.065549442140357073, 0.2999999999999990452 ) ) ;
#2677 = ORIENTED_EDGE ( 'NONE', *, *, #322, .T. ) ;
#2678 = CLOSED_SHELL ( 'NONE', ( #3302, #948, #1007, #596, #3939, #6706, #3833, #7512, #5237, #5639, #3089 ) ) ;
#2679 = CARTESIAN_POINT ( 'NONE',  ( -0.1749999999999998779, 2.065549442140357073, -1.499999999999999778 ) ) ;
#2680 = CARTESIAN_POINT ( 'NONE',  ( 0.000000000000000000, 0.4500000000000000666, 0.3000000000000007105 ) ) ;
#2681 = VECTOR ( 'NONE', #6457, 1000.000000000000000 ) ;
#2682 = SURFACE_SIDE_STYLE ('',( #3892 ) ) ;
#2683 = ORIENTED_EDGE ( 'NONE', *, *, #7362, .T. ) ;
#2684 = STYLED_ITEM ( 'NONE', ( #895 ), #2496 ) ;
#2685 = SURFACE_STYLE_USAGE ( .BOTH. , #2113 ) ;
#2686 = LINE ( 'NONE', #74, #6931 ) ;
#2687 = VECTOR ( 'NONE', #2613, 1000.000000000000000 ) ;
#2688 = ORIENTED_EDGE ( 'NONE', *, *, #2103, .F. ) ;
#2689 = AXIS2_PLACEMENT_3D ( 'NONE', #1059, #6045, #6717 ) ;
#2690 = ORIENTED_EDGE ( 'NONE', *, *, #2005, .T. ) ;
#2691 = CARTESIAN_POINT ( 'NONE',  ( 1.499999999999999778, 0.000000000000000000, 0.000000000000000000 ) ) ;
#2692 = LINE ( 'NONE', #7798, #389 ) ;
#2693 = LINE ( 'NONE', #5828, #4435 ) ;
#2694 = COLOUR_RGB ( '',0.2509803921568627416, 0.2509803921568627416, 0.2509803921568627416 ) ;
#2695 = EDGE_CURVE ( 'NONE', #7007, #7481, #4082, .T. ) ;
#2696 = UNCERTAINTY_MEASURE_WITH_UNIT (LENGTH_MEASURE( 1.000000000000000082E-05 ), #1929, 'distance_accuracy_value', 'NONE');
#2697 = EDGE_CURVE ( 'NONE', #4138, #4375, #1357, .T. ) ;
#2698 = CARTESIAN_POINT ( 'NONE',  ( -1.475000000000000089, 0.000000000000000000, 0.000000000000000000 ) ) ;
#2699 = MECHANICAL_DESIGN_GEOMETRIC_PRESENTATION_REPRESENTATION (  '', ( #6204 ), #7355 ) ;
#2700 = FILL_AREA_STYLE ('',( #6404 ) ) ;
#2701 = AXIS2_PLACEMENT_3D ( 'NONE', #7805, #978, #7885 ) ;
#2702 = SURFACE_STYLE_FILL_AREA ( #7006 ) ;
#2703 = VERTEX_POINT ( 'NONE', #3926 ) ;
#2704 = EDGE_CURVE ( 'NONE', #3925, #2984, #3966, .T. ) ;
#2705 = CARTESIAN_POINT ( 'NONE',  ( 1.499999999999999112, 0.9000000000000002442, 1.400000000000000133 ) ) ;
#2706 = COLOUR_RGB ( '',1.000000000000000000, 0.8117647058823529438, 0.5019607843137254832 ) ;
#2707 = DIRECTION ( 'NONE',  ( 0.000000000000000000, -0.000000000000000000, 1.000000000000000000 ) ) ;
#2708 = VECTOR ( 'NONE', #1986, 1000.000000000000000 ) ;
#2709 = EDGE_LOOP ( 'NONE', ( #5397, #6661, #7819, #7174 ) ) ;
#2710 =( NAMED_UNIT ( * ) PLANE_ANGLE_UNIT ( ) SI_UNIT ( $, .RADIAN. ) );
#2711 = COLOUR_RGB ( '',1.000000000000000000, 0.8117647058823529438, 0.5019607843137254832 ) ;
#2712 = VECTOR ( 'NONE', #109, 1000.000000000000000 ) ;
#2713 = EDGE_CURVE ( 'NONE', #3246, #4545, #5733, .T. ) ;
#2714 = SURFACE_SIDE_STYLE ('',( #836 ) ) ;
#2715 = SURFACE_STYLE_USAGE ( .BOTH. , #3331 ) ;
#2716 = CARTESIAN_POINT ( 'NONE',  ( 0.000000000000000000, 0.4499999999999999001, -0.9000000000000005773 ) ) ;
#2717 = ORIENTED_EDGE ( 'NONE', *, *, #6192, .F. ) ;
#2718 = DIRECTION ( 'NONE',  ( 3.614007241618441955E-16, 0.000000000000000000, 1.000000000000000000 ) ) ;
#2719 = PRESENTATION_LAYER_ASSIGNMENT (  '', '', ( #7238 ) ) ;
#2720 = CARTESIAN_POINT ( 'NONE',  ( 1.475000000000000311, 0.000000000000000000, 0.000000000000000000 ) ) ;
#2721 = DIRECTION ( 'NONE',  ( 1.000000000000000000, 0.000000000000000000, 9.035018104045874392E-17 ) ) ;
#2722 = PLANE ( 'NONE',  #8024 ) ;
#2723 = CARTESIAN_POINT ( 'NONE',  ( 0.000000000000000000, 0.4500000000000000666, -1.499999999999999778 ) ) ;
#2724 = PRESENTATION_LAYER_ASSIGNMENT (  '', '', ( #6227 ) ) ;
#2725 = ORIENTED_EDGE ( 'NONE', *, *, #1584, .T. ) ;
#2726 = VECTOR ( 'NONE', #4811, 1000.000000000000000 ) ;
#2727 = DIRECTION ( 'NONE',  ( 0.000000000000000000, 0.000000000000000000, -1.000000000000000000 ) ) ;
#2728 = ORIENTED_EDGE ( 'NONE', *, *, #5879, .T. ) ;
#2729 = CARTESIAN_POINT ( 'NONE',  ( 0.7500000000000004441, 0.000000000000000000, -4.065758146820645572E-16 ) ) ;
#2730 = STYLED_ITEM ( 'NONE', ( #4689 ), #6794 ) ;
#2731 = VECTOR ( 'NONE', #400, 1000.000000000000000 ) ;
#2732 = ORIENTED_EDGE ( 'NONE', *, *, #3050, .T. ) ;
#2733 = DIRECTION ( 'NONE',  ( 0.000000000000000000, -0.000000000000000000, 1.000000000000000000 ) ) ;
#2734 = DIRECTION ( 'NONE',  ( 1.000000000000000000, 0.000000000000000000, 0.000000000000000000 ) ) ;
#2735 = CARTESIAN_POINT ( 'NONE',  ( -1.475000000000000089, 0.4500000000000000666, 0.000000000000000000 ) ) ;
#2736 = CARTESIAN_POINT ( 'NONE',  ( -1.317157287525380971, 1.000000000000000000, -1.399999999999997913 ) ) ;
#2737 = DIRECTION ( 'NONE',  ( -1.000000000000000000, 0.000000000000000000, 1.156482317317871922E-15 ) ) ;
#2738 = CARTESIAN_POINT ( 'NONE',  ( -1.500000000000000222, 0.000000000000000000, 0.000000000000000000 ) ) ;
#2739 = DIRECTION ( 'NONE',  ( 0.000000000000000000, 1.000000000000000000, 0.000000000000000000 ) ) ;
#2740 = CARTESIAN_POINT ( 'NONE',  ( -1.475000000000000089, 2.065549442140357073, -0.3000000000000007105 ) ) ;
#2741 =( NAMED_UNIT ( * ) PLANE_ANGLE_UNIT ( ) SI_UNIT ( $, .RADIAN. ) );
#2742 = EDGE_CURVE ( 'NONE', #3462, #2052, #330, .T. ) ;
#2743 = CARTESIAN_POINT ( 'NONE',  ( 0.000000000000000000, 0.4500000000000000666, -0.9000000000000005773 ) ) ;
#2744 = ORIENTED_EDGE ( 'NONE', *, *, #5699, .T. ) ;
#2745 = CARTESIAN_POINT ( 'NONE',  ( 0.000000000000000000, 0.4500000000000000666, -1.475000000000000533 ) ) ;
#2746 = CARTESIAN_POINT ( 'NONE',  ( 1.199999999999999734, 0.9414213562373087152, -1.399999999999997913 ) ) ;
#2747 = DIRECTION ( 'NONE',  ( -0.000000000000000000, 0.000000000000000000, -1.000000000000000000 ) ) ;
#2748 = ORIENTED_EDGE ( 'NONE', *, *, #7213, .T. ) ;
#2749 = CARTESIAN_POINT ( 'NONE',  ( -1.474999999999999867, 0.000000000000000000, -0.3000000000000004885 ) ) ;
#2750 = EDGE_CURVE ( 'NONE', #3964, #8009, #3888, .T. ) ;
#2751 = DIRECTION ( 'NONE',  ( 0.000000000000000000, 0.000000000000000000, 1.000000000000000000 ) ) ;
#2752 =( NAMED_UNIT ( * ) SI_UNIT ( $, .STERADIAN. ) SOLID_ANGLE_UNIT ( ) );
#2753 = FACE_OUTER_BOUND ( 'NONE', #6726, .T. ) ;
#2754 = LINE ( 'NONE', #2716, #7096 ) ;
#2755 = ORIENTED_EDGE ( 'NONE', *, *, #889, .F. ) ;
#2756 = COLOUR_RGB ( '',1.000000000000000000, 0.8117647058823529438, 0.5019607843137254832 ) ;
#2757 = VERTEX_POINT ( 'NONE', #3258 ) ;
#2758 = ADVANCED_FACE ( 'NONE', ( #6941 ), #7665, .F. ) ;
#2759 = LINE ( 'NONE', #2679, #5517 ) ;
#2760 = SURFACE_STYLE_USAGE ( .BOTH. , #7100 ) ;
#2761 =( NAMED_UNIT ( * ) SI_UNIT ( $, .STERADIAN. ) SOLID_ANGLE_UNIT ( ) );
#2762 = ORIENTED_EDGE ( 'NONE', *, *, #5737, .T. ) ;
#2763 = VECTOR ( 'NONE', #286, 1000.000000000000000 ) ;
#2764 = FILL_AREA_STYLE ('',( #2154 ) ) ;
#2765 = ORIENTED_EDGE ( 'NONE', *, *, #6858, .F. ) ;
#2766 = SURFACE_SIDE_STYLE ('',( #366 ) ) ;
#2767 = ORIENTED_EDGE ( 'NONE', *, *, #3253, .T. ) ;
#2768 =( NAMED_UNIT ( * ) PLANE_ANGLE_UNIT ( ) SI_UNIT ( $, .RADIAN. ) );
#2770 = VECTOR ( 'NONE', #2075, 1000.000000000000000 ) ;
#2769 = DIRECTION ( 'NONE',  ( 0.000000000000000000, -1.000000000000000000, 0.000000000000000000 ) ) ;
#2771 =( NAMED_UNIT ( * ) SI_UNIT ( $, .STERADIAN. ) SOLID_ANGLE_UNIT ( ) );
#2772 = DIRECTION ( 'NONE',  ( 0.000000000000000000, 0.000000000000000000, -1.000000000000000000 ) ) ;
#2773 =( LENGTH_UNIT ( ) NAMED_UNIT ( * ) SI_UNIT ( .MILLI., .METRE. ) );
#2774 = DIRECTION ( 'NONE',  ( -0.000000000000000000, 1.000000000000000000, -0.000000000000000000 ) ) ;
#2775 = SURFACE_STYLE_FILL_AREA ( #206 ) ;
#2776 = DIRECTION ( 'NONE',  ( -0.000000000000000000, 1.000000000000000000, 0.000000000000000000 ) ) ;
#2777 =( GEOMETRIC_REPRESENTATION_CONTEXT ( 3 ) GLOBAL_UNCERTAINTY_ASSIGNED_CONTEXT ( ( #3375 ) ) GLOBAL_UNIT_ASSIGNED_CONTEXT ( ( #1303, #7045, #2004 ) ) REPRESENTATION_CONTEXT ( 'NONE', 'WORKASPACE' ) );
#2778 = CARTESIAN_POINT ( 'NONE',  ( -1.199999999999999956, 1.050000000000000488, 1.199999999999997957 ) ) ;
#2779 = ORIENTED_EDGE ( 'NONE', *, *, #2742, .F. ) ;
#2780 = PRESENTATION_STYLE_ASSIGNMENT (( #3870 ) ) ;
#2781 = EDGE_CURVE ( 'NONE', #2265, #1155, #5769, .T. ) ;
#2782 = CARTESIAN_POINT ( 'NONE',  ( 1.441421356237310381, 0.8999999999999990230, -1.199999999999997957 ) ) ;
#2783 = EDGE_CURVE ( 'NONE', #1387, #1393, #228, .T. ) ;
#2784 = DIRECTION ( 'NONE',  ( -7.434529182756462904E-15, 0.000000000000000000, -1.000000000000000000 ) ) ;
#2785 = EDGE_LOOP ( 'NONE', ( #5954, #872, #5049, #5747 ) ) ;
#2786 = PRESENTATION_STYLE_ASSIGNMENT (( #5266 ) ) ;
#2787 = LINE ( 'NONE', #3957, #2158 ) ;
#2788 =( GEOMETRIC_REPRESENTATION_CONTEXT ( 3 ) GLOBAL_UNCERTAINTY_ASSIGNED_CONTEXT ( ( #6910 ) ) GLOBAL_UNIT_ASSIGNED_CONTEXT ( ( #5499, #4431, #2461 ) ) REPRESENTATION_CONTEXT ( 'NONE', 'WORKASPACE' ) );
#2789 = PRESENTATION_LAYER_ASSIGNMENT (  '', '', ( #6296 ) ) ;
#2790 = COLOUR_RGB ( '',0.2509803921568627416, 0.2509803921568627416, 0.2509803921568627416 ) ;
#2791 = FILL_AREA_STYLE_COLOUR ( '', #164 ) ;
#2792 = EDGE_CURVE ( 'NONE', #621, #1066, #5109, .T. ) ;
#2793 = FILL_AREA_STYLE_COLOUR ( '', #2241 ) ;
#2794 = EDGE_CURVE ( 'NONE', #219, #2611, #2019, .T. ) ;
#2795 = UNCERTAINTY_MEASURE_WITH_UNIT (LENGTH_MEASURE( 1.000000000000000082E-05 ), #3052, 'distance_accuracy_value', 'NONE');
#2796 = LINE ( 'NONE', #1403, #4759 ) ;
#2797 = AXIS2_PLACEMENT_3D ( 'NONE', #7272, #7303, #4888 ) ;
#2798 = EDGE_LOOP ( 'NONE', ( #4996, #2235, #481, #2532, #4018, #719, #14, #4203, #4749 ) ) ;
#2799 = DIRECTION ( 'NONE',  ( 1.807003620809174632E-16, 0.000000000000000000, -1.000000000000000000 ) ) ;
#2800 = LINE ( 'NONE', #6465, #4361 ) ;
#2801 =( LENGTH_UNIT ( ) NAMED_UNIT ( * ) SI_UNIT ( .MILLI., .METRE. ) );
#2802 = LINE ( 'NONE', #1680, #7507 ) ;
#2803 = CARTESIAN_POINT ( 'NONE',  ( -1.500000000000000222, 0.4500000000000000666, 1.324999999999999734 ) ) ;
#2804 = EDGE_LOOP ( 'NONE', ( #6646, #4588, #522, #3044 ) ) ;
#2805 = CARTESIAN_POINT ( 'NONE',  ( 1.499999999999999778, 0.4499999999999999001, -1.500000000000000444 ) ) ;
#2806 = AXIS2_PLACEMENT_3D ( 'NONE', #991, #2183, #7734 ) ;
#2807 = ADVANCED_FACE ( 'NONE', ( #2108 ), #183, .T. ) ;
#2808 = EDGE_LOOP ( 'NONE', ( #3719, #1446, #1455, #6983, #4093, #2584, #7151, #1530 ) ) ;
#2809 = COLOUR_RGB ( '',1.000000000000000000, 0.8117647058823529438, 0.5019607843137254832 ) ;
#2810 = UNCERTAINTY_MEASURE_WITH_UNIT (LENGTH_MEASURE( 1.000000000000000082E-05 ), #4163, 'distance_accuracy_value', 'NONE');
#2811 = SURFACE_STYLE_FILL_AREA ( #5908 ) ;
#2812 =( GEOMETRIC_REPRESENTATION_CONTEXT ( 3 ) GLOBAL_UNCERTAINTY_ASSIGNED_CONTEXT ( ( #6110 ) ) GLOBAL_UNIT_ASSIGNED_CONTEXT ( ( #2831, #2710, #4116 ) ) REPRESENTATION_CONTEXT ( 'NONE', 'WORKASPACE' ) );
#2813 = ORIENTED_EDGE ( 'NONE', *, *, #155, .F. ) ;
#2814 = FILL_AREA_STYLE ('',( #4750 ) ) ;
#2815 =( NAMED_UNIT ( * ) PLANE_ANGLE_UNIT ( ) SI_UNIT ( $, .RADIAN. ) );
#2816 = VECTOR ( 'NONE', #6121, 1000.000000000000000 ) ;
#2817 = VECTOR ( 'NONE', #1255, 1000.000000000000000 ) ;
#2818 = CARTESIAN_POINT ( 'NONE',  ( -1.399999999999999911, 1.050000000000000488, -1.199999999999998179 ) ) ;
#2819 = AXIS2_PLACEMENT_3D ( 'NONE', #6554, #5293, #5909 ) ;
#2820 = CARTESIAN_POINT ( 'NONE',  ( 1.499999999999999112, 0.8500000000000000888, -1.399999999999999689 ) ) ;
#2821 = LINE ( 'NONE', #5299, #5335 ) ;
#2822 = DIRECTION ( 'NONE',  ( -0.000000000000000000, 1.000000000000000000, 0.000000000000000000 ) ) ;
#2823 =( NAMED_UNIT ( * ) SI_UNIT ( $, .STERADIAN. ) SOLID_ANGLE_UNIT ( ) );
#2824 = DIRECTION ( 'NONE',  ( 0.000000000000000000, 0.000000000000000000, 1.000000000000000000 ) ) ;
#2825 = ORIENTED_EDGE ( 'NONE', *, *, #6230, .F. ) ;
#2826 = CIRCLE ( 'NONE', #2950, 0.1499999999999999667 ) ;
#2827 = SURFACE_STYLE_FILL_AREA ( #6528 ) ;
#2828 = LINE ( 'NONE', #2947, #85 ) ;
#2829 = ORIENTED_EDGE ( 'NONE', *, *, #5092, .F. ) ;
#2830 = CARTESIAN_POINT ( 'NONE',  ( -1.399999999999999911, 1.000000000000000000, 1.199999999999997513 ) ) ;
#2831 =( LENGTH_UNIT ( ) NAMED_UNIT ( * ) SI_UNIT ( .MILLI., .METRE. ) );
#2832 = CARTESIAN_POINT ( 'NONE',  ( 1.399999999999999689, 0.9000000000000002442, -1.499999999999999778 ) ) ;
#2833 = CIRCLE ( 'NONE', #6607, 0.1750000000000000167 ) ;
#2834 = DIRECTION ( 'NONE',  ( 0.000000000000000000, 0.000000000000000000, -1.000000000000000000 ) ) ;
#2835 = UNCERTAINTY_MEASURE_WITH_UNIT (LENGTH_MEASURE( 1.000000000000000082E-05 ), #4772, 'distance_accuracy_value', 'NONE');
#2836 = DIRECTION ( 'NONE',  ( -0.000000000000000000, 1.000000000000000000, 0.000000000000000000 ) ) ;
#2837 = CARTESIAN_POINT ( 'NONE',  ( 1.499999999999999778, 0.000000000000000000, 1.500000000000000222 ) ) ;
#2838 = VERTEX_POINT ( 'NONE', #2268 ) ;
#2839 = FACE_OUTER_BOUND ( 'NONE', #7292, .T. ) ;
#2840 = LINE ( 'NONE', #5322, #7081 ) ;
#2841 = CARTESIAN_POINT ( 'NONE',  ( -1.500000000000000222, 0.000000000000000000, -1.325000000000000178 ) ) ;
#2842 = LINE ( 'NONE', #7747, #5987 ) ;
#2843 = ADVANCED_FACE ( 'NONE', ( #6650 ), #1068, .F. ) ;
#2844 = EDGE_CURVE ( 'NONE', #1765, #4069, #5241, .T. ) ;
#2845 = FILL_AREA_STYLE ('',( #4013 ) ) ;
#2846 = ORIENTED_EDGE ( 'NONE', *, *, #5726, .T. ) ;
#2847 = CARTESIAN_POINT ( 'NONE',  ( 0.7499999999999997780, 0.000000000000000000, -1.475000000000000533 ) ) ;
#2848 = AXIS2_PLACEMENT_3D ( 'NONE', #272, #7700, #2799 ) ;
#2849 = EDGE_LOOP ( 'NONE', ( #4632, #1431, #2175, #4711 ) ) ;
#2850 = SURFACE_STYLE_USAGE ( .BOTH. , #2766 ) ;
#2851 = VERTEX_POINT ( 'NONE', #6584 ) ;
#2852 = FACE_OUTER_BOUND ( 'NONE', #6904, .T. ) ;
#2853 = FILL_AREA_STYLE ('',( #7830 ) ) ;
#2854 =( GEOMETRIC_REPRESENTATION_CONTEXT ( 3 ) GLOBAL_UNCERTAINTY_ASSIGNED_CONTEXT ( ( #1108 ) ) GLOBAL_UNIT_ASSIGNED_CONTEXT ( ( #29, #1852, #6701 ) ) REPRESENTATION_CONTEXT ( 'NONE', 'WORKASPACE' ) );
#2855 = STYLED_ITEM ( 'NONE', ( #2786 ), #6471 ) ;
#2856 = EDGE_CURVE ( 'NONE', #5113, #280, #1525, .T. ) ;
#2857 = LINE ( 'NONE', #2121, #2763 ) ;
#2858 = PRESENTATION_STYLE_ASSIGNMENT (( #4061 ) ) ;
#2859 = AXIS2_PLACEMENT_3D ( 'NONE', #1862, #3147, #4347 ) ;
#2860 = DIRECTION ( 'NONE',  ( 0.000000000000000000, 0.000000000000000000, -1.000000000000000000 ) ) ;
#2861 = FILL_AREA_STYLE ('',( #3513 ) ) ;
#2862 =( BOUNDED_SURFACE ( )  B_SPLINE_SURFACE ( 3, 3, ( 
 ( #3992, #2177, #1469, #4071 ),
 ( #2782, #6493, #870, #829 ),
 ( #5263, #215, #5882, #2746 ),
 ( #3363, #5844, #7767, #5308 ) ),
 .UNSPECIFIED., .F., .F., .T. ) 
 B_SPLINE_SURFACE_WITH_KNOTS ( ( 4, 4 ),
 ( 4, 4 ),
 ( 0.000000000000000000, 1.000000000000000000 ),
 ( 0.000000000000000000, 1.000000000000000000 ),
 .UNSPECIFIED. ) 
 GEOMETRIC_REPRESENTATION_ITEM ( )  RATIONAL_B_SPLINE_SURFACE ( (
 ( 1.000000000000000000, 0.8047378541243649375, 0.8047378541243649375, 1.000000000000000000),
 ( 0.8047378541243609407, 0.6476030138606844178, 0.6476030138606844178, 0.8047378541243609407),
 ( 0.8047378541243609407, 0.6476030138606844178, 0.6476030138606844178, 0.8047378541243609407),
 ( 1.000000000000000000, 0.8047378541243649375, 0.8047378541243649375, 1.000000000000000000) ) ) 
 REPRESENTATION_ITEM ( '' )  SURFACE ( )  );
#2863 =( NAMED_UNIT ( * ) PLANE_ANGLE_UNIT ( ) SI_UNIT ( $, .RADIAN. ) );
#2864 = DIRECTION ( 'NONE',  ( -1.000000000000000000, -0.000000000000000000, -0.000000000000000000 ) ) ;
#2865 = PRESENTATION_STYLE_ASSIGNMENT (( #5494 ) ) ;
#2866 = EDGE_CURVE ( 'NONE', #6203, #401, #7702, .T. ) ;
#2867 = MECHANICAL_DESIGN_GEOMETRIC_PRESENTATION_REPRESENTATION (  '', ( #6743 ), #4678 ) ;
#2868 = AXIS2_PLACEMENT_3D ( 'NONE', #381, #1743, #1136 ) ;
#2869 = SURFACE_SIDE_STYLE ('',( #382 ) ) ;
#2870 = VERTEX_POINT ( 'NONE', #3458 ) ;
#2871 = STYLED_ITEM ( 'NONE', ( #5132 ), #1395 ) ;
#2872 = CARTESIAN_POINT ( 'NONE',  ( -1.500000000000000222, 0.4500000000000000111, 1.400000000000000133 ) ) ;
#2873 = FILL_AREA_STYLE ('',( #538 ) ) ;
#2874 = DIRECTION ( 'NONE',  ( -0.000000000000000000, 0.000000000000000000, -1.000000000000000000 ) ) ;
#2875 = LINE ( 'NONE', #7852, #4108 ) ;
#2876 =( GEOMETRIC_REPRESENTATION_CONTEXT ( 3 ) GLOBAL_UNCERTAINTY_ASSIGNED_CONTEXT ( ( #7916 ) ) GLOBAL_UNIT_ASSIGNED_CONTEXT ( ( #4957, #1859, #6115 ) ) REPRESENTATION_CONTEXT ( 'NONE', 'WORKASPACE' ) );
#2877 = SURFACE_SIDE_STYLE ('',( #2302 ) ) ;
#2878 = SURFACE_SIDE_STYLE ('',( #426 ) ) ;
#2879 =( NAMED_UNIT ( * ) SI_UNIT ( $, .STERADIAN. ) SOLID_ANGLE_UNIT ( ) );
#2880 = ORIENTED_EDGE ( 'NONE', *, *, #2344, .F. ) ;
#2881 = ORIENTED_EDGE ( 'NONE', *, *, #1557, .T. ) ;
#2882 = LINE ( 'NONE', #6016, #5054 ) ;
#2883 = EDGE_LOOP ( 'NONE', ( #158, #2104, #6195, #5182, #196, #5069, #773, #7334 ) ) ;
#2884 = CARTESIAN_POINT ( 'NONE',  ( 1.499999999999999778, 0.000000000000000000, 0.000000000000000000 ) ) ;
#2885 = EDGE_CURVE ( 'NONE', #1467, #7259, #5944, .T. ) ;
#2886 = VERTEX_POINT ( 'NONE', #2841 ) ;
#2887 = FILL_AREA_STYLE ('',( #2923 ) ) ;
#2888 = ORIENTED_EDGE ( 'NONE', *, *, #6526, .T. ) ;
#2889 =( NAMED_UNIT ( * ) SI_UNIT ( $, .STERADIAN. ) SOLID_ANGLE_UNIT ( ) );
#2890 = DIRECTION ( 'NONE',  ( 0.000000000000000000, -1.000000000000000000, 0.000000000000000000 ) ) ;
#2891 = AXIS2_PLACEMENT_3D ( 'NONE', #4200, #7207, #2953 ) ;
#2892 = FILL_AREA_STYLE ('',( #4101 ) ) ;
#2893 =( NAMED_UNIT ( * ) PLANE_ANGLE_UNIT ( ) SI_UNIT ( $, .RADIAN. ) );
#2894 = EDGE_CURVE ( 'NONE', #7363, #1467, #4873, .T. ) ;
#2895 =( GEOMETRIC_REPRESENTATION_CONTEXT ( 3 ) GLOBAL_UNCERTAINTY_ASSIGNED_CONTEXT ( ( #2156 ) ) GLOBAL_UNIT_ASSIGNED_CONTEXT ( ( #5187, #3324, #1511 ) ) REPRESENTATION_CONTEXT ( 'NONE', 'WORKASPACE' ) );
#2896 = FILL_AREA_STYLE ('',( #411 ) ) ;
#2897 = SURFACE_STYLE_USAGE ( .BOTH. , #5300 ) ;
#2898 =( LENGTH_UNIT ( ) NAMED_UNIT ( * ) SI_UNIT ( .MILLI., .METRE. ) );
#2899 = CARTESIAN_POINT ( 'NONE',  ( 1.475000000000000311, 0.000000000000000000, 0.9000000000000005773 ) ) ;
#2900 = CARTESIAN_POINT ( 'NONE',  ( -1.500000000000000222, 0.000000000000000000, 0.000000000000000000 ) ) ;
#2901 = VECTOR ( 'NONE', #3609, 1000.000000000000000 ) ;
#2902 = EDGE_CURVE ( 'NONE', #5766, #2052, #7444, .T. ) ;
#2903 = FACE_OUTER_BOUND ( 'NONE', #5880, .T. ) ;
#2904 = CARTESIAN_POINT ( 'NONE',  ( 0.000000000000000000, 0.000000000000000000, -1.499999999999999778 ) ) ;
#2905 = DIRECTION ( 'NONE',  ( 0.000000000000000000, -1.000000000000000000, 0.000000000000000000 ) ) ;
#2906 =( NAMED_UNIT ( * ) SI_UNIT ( $, .STERADIAN. ) SOLID_ANGLE_UNIT ( ) );
#2907 = CIRCLE ( 'NONE', #4453, 0.1750000000000299372 ) ;
#2908 = DIRECTION ( 'NONE',  ( -0.000000000000000000, 1.000000000000000000, -0.000000000000000000 ) ) ;
#2909 = UNCERTAINTY_MEASURE_WITH_UNIT (LENGTH_MEASURE( 1.000000000000000082E-05 ), #7682, 'distance_accuracy_value', 'NONE');
#2910 = CARTESIAN_POINT ( 'NONE',  ( -1.500000000000000222, 0.000000000000000000, -1.500000000000000444 ) ) ;
#2911 = ORIENTED_EDGE ( 'NONE', *, *, #2364, .F. ) ;
#2912 = CARTESIAN_POINT ( 'NONE',  ( 1.199999999999999734, 6.159797974644664720, -1.199999999999997957 ) ) ;
#2913 = MECHANICAL_DESIGN_GEOMETRIC_PRESENTATION_REPRESENTATION (  '', ( #1334 ), #2653 ) ;
#2914 = SURFACE_SIDE_STYLE ('',( #4618 ) ) ;
#2916 = PRESENTATION_LAYER_ASSIGNMENT (  '', '', ( #4596 ) ) ;
#2915 = LINE ( 'NONE', #7865, #2985 ) ;
#2917 = LINE ( 'NONE', #431, #4021 ) ;
#2918 = ORIENTED_EDGE ( 'NONE', *, *, #4285, .T. ) ;
#2919 = COLOUR_RGB ( '',0.2509803921568627416, 0.2509803921568627416, 0.2509803921568627416 ) ;
#2920 = SURFACE_STYLE_USAGE ( .BOTH. , #4946 ) ;
#2921 = AXIS2_PLACEMENT_3D ( 'NONE', #1973, #19, #713 ) ;
#2922 = ORIENTED_EDGE ( 'NONE', *, *, #1945, .F. ) ;
#2923 = FILL_AREA_STYLE_COLOUR ( '', #4120 ) ;
#2924 = ORIENTED_EDGE ( 'NONE', *, *, #4214, .T. ) ;
#2925 =( NAMED_UNIT ( * ) PLANE_ANGLE_UNIT ( ) SI_UNIT ( $, .RADIAN. ) );
#2926 = PRESENTATION_LAYER_ASSIGNMENT (  '', '', ( #716 ) ) ;
#2927 = UNCERTAINTY_MEASURE_WITH_UNIT (LENGTH_MEASURE( 1.000000000000000082E-05 ), #6006, 'distance_accuracy_value', 'NONE');
#2928 = SURFACE_SIDE_STYLE ('',( #483 ) ) ;
#2929 = VECTOR ( 'NONE', #7745, 1000.000000000000000 ) ;
#2930 = PRESENTATION_STYLE_ASSIGNMENT (( #442 ) ) ;
#2931 = LINE ( 'NONE', #3657, #2260 ) ;
#2932 = AXIS2_PLACEMENT_3D ( 'NONE', #3747, #1917, #3779 ) ;
#2933 = DIRECTION ( 'NONE',  ( 0.000000000000000000, 0.000000000000000000, -1.000000000000000000 ) ) ;
#2934 =( GEOMETRIC_REPRESENTATION_CONTEXT ( 3 ) GLOBAL_UNCERTAINTY_ASSIGNED_CONTEXT ( ( #2696 ) ) GLOBAL_UNIT_ASSIGNED_CONTEXT ( ( #1929, #6413, #5022 ) ) REPRESENTATION_CONTEXT ( 'NONE', 'WORKASPACE' ) );
#2935 = SURFACE_SIDE_STYLE ('',( #2369 ) ) ;
#2936 = PRESENTATION_LAYER_ASSIGNMENT (  '', '', ( #5666 ) ) ;
#2937 = CARTESIAN_POINT ( 'NONE',  ( 0.000000000000000000, 0.4500000000000000666, 1.500000000000000222 ) ) ;
#2938 = LINE ( 'NONE', #2333, #4148 ) ;
#2939 = STYLED_ITEM ( 'NONE', ( #4191 ), #7601 ) ;
#2940 = VECTOR ( 'NONE', #5149, 1000.000000000000000 ) ;
#2941 = EDGE_CURVE ( 'NONE', #2508, #3462, #3124, .T. ) ;
#2942 = EDGE_CURVE ( 'NONE', #5479, #2757, #3001, .T. ) ;
#2943 = ORIENTED_EDGE ( 'NONE', *, *, #4721, .T. ) ;
#2944 = MECHANICAL_DESIGN_GEOMETRIC_PRESENTATION_REPRESENTATION (  '', ( #6957 ), #861 ) ;
#2945 = MECHANICAL_DESIGN_GEOMETRIC_PRESENTATION_REPRESENTATION (  '', ( #5151 ), #7726 ) ;
#2946 = DIRECTION ( 'NONE',  ( -1.000000000000000000, 0.000000000000000000, 0.000000000000000000 ) ) ;
#2947 = CARTESIAN_POINT ( 'NONE',  ( 0.7499999999999991118, 0.000000000000000000, 0.000000000000000000 ) ) ;
#2948 = VECTOR ( 'NONE', #4726, 1000.000000000000000 ) ;
#2949 = ADVANCED_FACE ( 'NONE', ( #2431 ), #16, .T. ) ;
#2950 = AXIS2_PLACEMENT_3D ( 'NONE', #3558, #545, #7245 ) ;
#2951 = CARTESIAN_POINT ( 'NONE',  ( -1.326794919243112991, 2.065549442140357073, 1.474999999999999645 ) ) ;
#2952 = AXIS2_PLACEMENT_3D ( 'NONE', #6560, #974, #2860 ) ;
#2953 = DIRECTION ( 'NONE',  ( 1.000000000000000000, 0.000000000000000000, -0.000000000000000000 ) ) ;
#2954 =( NAMED_UNIT ( * ) SI_UNIT ( $, .STERADIAN. ) SOLID_ANGLE_UNIT ( ) );
#2955 = ORIENTED_EDGE ( 'NONE', *, *, #6292, .F. ) ;
#2956 =( NAMED_UNIT ( * ) PLANE_ANGLE_UNIT ( ) SI_UNIT ( $, .RADIAN. ) );
#2957 =( NAMED_UNIT ( * ) SI_UNIT ( $, .STERADIAN. ) SOLID_ANGLE_UNIT ( ) );
#2958 = ADVANCED_FACE ( 'NONE', ( #7283 ), #7901, .F. ) ;
#2959 = ORIENTED_EDGE ( 'NONE', *, *, #5193, .F. ) ;
#2960 = MECHANICAL_DESIGN_GEOMETRIC_PRESENTATION_REPRESENTATION (  '', ( #6475 ), #4516 ) ;
#2961 = SURFACE_STYLE_USAGE ( .BOTH. , #3567 ) ;
#2962 = COLOUR_RGB ( '',1.000000000000000000, 0.8117647058823529438, 0.5019607843137254832 ) ;
#2963 = ORIENTED_EDGE ( 'NONE', *, *, #1317, .F. ) ;
#2964 =( NAMED_UNIT ( * ) SI_UNIT ( $, .STERADIAN. ) SOLID_ANGLE_UNIT ( ) );
#2965 = ORIENTED_EDGE ( 'NONE', *, *, #6978, .F. ) ;
#2966 = ORIENTED_EDGE ( 'NONE', *, *, #3536, .T. ) ;
#2967 =( NAMED_UNIT ( * ) PLANE_ANGLE_UNIT ( ) SI_UNIT ( $, .RADIAN. ) );
#2968 =( NAMED_UNIT ( * ) PLANE_ANGLE_UNIT ( ) SI_UNIT ( $, .RADIAN. ) );
#2969 = PRESENTATION_LAYER_ASSIGNMENT (  '', '', ( #5314 ) ) ;
#2970 = UNCERTAINTY_MEASURE_WITH_UNIT (LENGTH_MEASURE( 1.000000000000000082E-05 ), #395, 'distance_accuracy_value', 'NONE');
#2971 = CARTESIAN_POINT ( 'NONE',  ( 1.324999999999969758, 0.4500000000000000666, -1.499999999999999778 ) ) ;
#2972 = VECTOR ( 'NONE', #1847, 1000.000000000000000 ) ;
#2973 = SURFACE_STYLE_USAGE ( .BOTH. , #4266 ) ;
#2974 = PRESENTATION_STYLE_ASSIGNMENT (( #4837 ) ) ;
#2975 = FACE_OUTER_BOUND ( 'NONE', #7807, .T. ) ;
#2976 = VECTOR ( 'NONE', #8031, 1000.000000000000000 ) ;
#2977 = CARTESIAN_POINT ( 'NONE',  ( 1.326794919243081905, 0.000000000000000000, 1.474999999999999645 ) ) ;
#2978 = MECHANICAL_DESIGN_GEOMETRIC_PRESENTATION_REPRESENTATION (  '', ( #3109 ), #2459 ) ;
#2979 = ORIENTED_EDGE ( 'NONE', *, *, #351, .F. ) ;
#2980 = PLANE ( 'NONE',  #3859 ) ;
#2981 =( LENGTH_UNIT ( ) NAMED_UNIT ( * ) SI_UNIT ( .MILLI., .METRE. ) );
#2982 = CARTESIAN_POINT ( 'NONE',  ( -2.168404344971008868E-16, 2.065549442140357073, -1.499999999999984901 ) ) ;
#2983 = SURFACE_STYLE_USAGE ( .BOTH. , #451 ) ;
#2984 = VERTEX_POINT ( 'NONE', #1841 ) ;
#2985 = VECTOR ( 'NONE', #5946, 1000.000000000000000 ) ;
#2986 = MECHANICAL_DESIGN_GEOMETRIC_PRESENTATION_REPRESENTATION (  '', ( #5050 ), #3116 ) ;
#2987 = CARTESIAN_POINT ( 'NONE',  ( 1.499999999999999778, 0.000000000000000000, -1.499999999999999778 ) ) ;
#2988 = DIRECTION ( 'NONE',  ( 0.000000000000000000, 0.000000000000000000, -1.000000000000000000 ) ) ;
#2989 = EDGE_CURVE ( 'NONE', #90, #2602, #593, .T. ) ;
#2990 = FILL_AREA_STYLE_COLOUR ( '', #4794 ) ;
#2991 = COLOUR_RGB ( '',1.000000000000000000, 0.8117647058823529438, 0.5019607843137254832 ) ;
#2992 = FILL_AREA_STYLE ('',( #3521 ) ) ;
#2993 = CARTESIAN_POINT ( 'NONE',  ( 0.000000000000000000, 0.4500000000000000666, -0.3000000000000007105 ) ) ;
#2994 = SURFACE_STYLE_FILL_AREA ( #2259 ) ;
#2995 = FILL_AREA_STYLE_COLOUR ( '', #4563 ) ;
#2996 = DIRECTION ( 'NONE',  ( 1.000000000000000000, -0.000000000000000000, 0.000000000000000000 ) ) ;
#2997 = EDGE_CURVE ( 'NONE', #182, #4881, #4902, .T. ) ;
#2998 = ORIENTED_EDGE ( 'NONE', *, *, #5737, .F. ) ;
#2999 = DIRECTION ( 'NONE',  ( 0.000000000000000000, 1.000000000000000000, -0.000000000000000000 ) ) ;
#3000 = STYLED_ITEM ( 'NONE', ( #4719 ), #1441 ) ;
#3001 = LINE ( 'NONE', #6207, #1353 ) ;
#3002 =( NAMED_UNIT ( * ) SI_UNIT ( $, .STERADIAN. ) SOLID_ANGLE_UNIT ( ) );
#3003 =( NAMED_UNIT ( * ) PLANE_ANGLE_UNIT ( ) SI_UNIT ( $, .RADIAN. ) );
#3004 = CARTESIAN_POINT ( 'NONE',  ( 1.470647158618963557, 0.9000000000000004663, -1.329742048183527592 ) ) ;
#3005 = CARTESIAN_POINT ( 'NONE',  ( 1.238613094098369727, 0.9000000000000003553, 1.499999999999999334 ) ) ;
#3006 = ADVANCED_FACE ( 'NONE', ( #7406 ), #6799, .T. ) ;
#3007 = ORIENTED_EDGE ( 'NONE', *, *, #3265, .T. ) ;
#3008 = DIRECTION ( 'NONE',  ( 0.000000000000000000, 0.000000000000000000, 1.000000000000000000 ) ) ;
#3009 = FACE_OUTER_BOUND ( 'NONE', #5690, .T. ) ;
#3010 = ORIENTED_EDGE ( 'NONE', *, *, #3444, .T. ) ;
#3011 = EDGE_LOOP ( 'NONE', ( #708, #5497, #1133, #7067 ) ) ;
#3012 = UNCERTAINTY_MEASURE_WITH_UNIT (LENGTH_MEASURE( 1.000000000000000082E-05 ), #3164, 'distance_accuracy_value', 'NONE');
#3013 =( LENGTH_UNIT ( ) NAMED_UNIT ( * ) SI_UNIT ( .MILLI., .METRE. ) );
#3014 = DIRECTION ( 'NONE',  ( 0.000000000000000000, 0.000000000000000000, -1.000000000000000000 ) ) ;
#3015 = FACE_OUTER_BOUND ( 'NONE', #5324, .T. ) ;
#3016 = PLANE ( 'NONE',  #2455 ) ;
#3017 = ORIENTED_EDGE ( 'NONE', *, *, #1053, .F. ) ;
#3018 = FILL_AREA_STYLE_COLOUR ( '', #6113 ) ;
#3019 =( LENGTH_UNIT ( ) NAMED_UNIT ( * ) SI_UNIT ( .MILLI., .METRE. ) );
#3020 = DIRECTION ( 'NONE',  ( -0.000000000000000000, -1.000000000000000000, -0.000000000000000000 ) ) ;
#3021 = VERTEX_POINT ( 'NONE', #6975 ) ;
#3022 = DIRECTION ( 'NONE',  ( 0.000000000000000000, -1.000000000000000000, 0.000000000000000000 ) ) ;
#3023 = FACE_OUTER_BOUND ( 'NONE', #7957, .T. ) ;
#3024 = SURFACE_STYLE_USAGE ( .BOTH. , #2379 ) ;
#3025 = FILL_AREA_STYLE ('',( #6125 ) ) ;
#3026 = AXIS2_PLACEMENT_3D ( 'NONE', #7410, #5727, #1274 ) ;
#3027 = ADVANCED_FACE ( 'NONE', ( #5724 ), #6377, .F. ) ;
#3028 = SURFACE_STYLE_FILL_AREA ( #3553 ) ;
#3029 = CARTESIAN_POINT ( 'NONE',  ( 1.499999999999999778, 0.000000000000000000, 1.499999999999999556 ) ) ;
#3030 = AXIS2_PLACEMENT_3D ( 'NONE', #175, #2229, #4696 ) ;
#3031 = DIRECTION ( 'NONE',  ( 0.000000000000000000, 0.000000000000000000, 1.000000000000000000 ) ) ;
#3032 = EDGE_LOOP ( 'NONE', ( #4988, #3868, #1637, #3900 ) ) ;
#3033 = CARTESIAN_POINT ( 'NONE',  ( 1.199999999999999734, 1.050000000000000488, 1.199999999999997735 ) ) ;
#3034 = DIRECTION ( 'NONE',  ( 0.000000000000000000, 0.000000000000000000, -1.000000000000000000 ) ) ;
#3035 = SURFACE_STYLE_USAGE ( .BOTH. , #1114 ) ;
#3036 = CARTESIAN_POINT ( 'NONE',  ( -1.397882038470433130, 0.9000000000000003553, -1.426517246685783835 ) ) ;
#3037 = FILL_AREA_STYLE_COLOUR ( '', #4394 ) ;
#3038 = EDGE_CURVE ( 'NONE', #7370, #7751, #1343, .T. ) ;
#3039 = ADVANCED_FACE ( 'NONE', ( #2667 ), #5150, .F. ) ;
#3040 = CARTESIAN_POINT ( 'NONE',  ( 1.199999999999999734, 0.9000000000000001332, -1.499999999999999556 ) ) ;
#3041 = PRESENTATION_LAYER_ASSIGNMENT (  '', '', ( #2377 ) ) ;
#3042 = VERTEX_POINT ( 'NONE', #5385 ) ;
#3043 = PRESENTATION_LAYER_ASSIGNMENT (  '', '', ( #958 ) ) ;
#3044 = ORIENTED_EDGE ( 'NONE', *, *, #4293, .T. ) ;
#3045 = ORIENTED_EDGE ( 'NONE', *, *, #3394, .T. ) ;
#3046 = PLANE ( 'NONE',  #3456 ) ;
#3047 = PRESENTATION_STYLE_ASSIGNMENT (( #7374 ) ) ;
#3048 = CARTESIAN_POINT ( 'NONE',  ( 1.475000000000000311, 0.000000000000000000, 0.000000000000000000 ) ) ;
#3049 = AXIS2_PLACEMENT_3D ( 'NONE', #7677, #2211, #5336 ) ;
#3050 = EDGE_CURVE ( 'NONE', #1894, #7946, #4695, .T. ) ;
#3051 = DIRECTION ( 'NONE',  ( 0.000000000000000000, -1.000000000000000000, 0.000000000000000000 ) ) ;
#3052 =( LENGTH_UNIT ( ) NAMED_UNIT ( * ) SI_UNIT ( .MILLI., .METRE. ) );
#3053 = FILL_AREA_STYLE ('',( #567 ) ) ;
#3054 = CARTESIAN_POINT ( 'NONE',  ( 0.000000000000000000, 0.000000000000000000, -0.9000000000000005773 ) ) ;
#3055 = AXIS2_PLACEMENT_3D ( 'NONE', #3578, #610, #6067 ) ;
#3056 = VERTEX_POINT ( 'NONE', #4655 ) ;
#3057 = CARTESIAN_POINT ( 'NONE',  ( 1.199999999999999734, 1.050000000000000044, -1.349999999999998090 ) ) ;
#3058 = DIRECTION ( 'NONE',  ( 0.000000000000000000, -1.000000000000000000, -0.000000000000000000 ) ) ;
#3059 = DIRECTION ( 'NONE',  ( 0.000000000000000000, 0.000000000000000000, -1.000000000000000000 ) ) ;
#3060 =( GEOMETRIC_REPRESENTATION_CONTEXT ( 3 ) GLOBAL_UNCERTAINTY_ASSIGNED_CONTEXT ( ( #1377 ) ) GLOBAL_UNIT_ASSIGNED_CONTEXT ( ( #2801, #5982, #4050 ) ) REPRESENTATION_CONTEXT ( 'NONE', 'WORKASPACE' ) );
#3061 = DIRECTION ( 'NONE',  ( 0.000000000000000000, -1.000000000000000000, 0.000000000000000000 ) ) ;
#3062 = EDGE_CURVE ( 'NONE', #1626, #1166, #1029, .T. ) ;
#3063 = ORIENTED_EDGE ( 'NONE', *, *, #1634, .F. ) ;
#3064 = VECTOR ( 'NONE', #3409, 1000.000000000000000 ) ;
#3065 = COLOUR_RGB ( '',1.000000000000000000, 0.8117647058823529438, 0.5019607843137254832 ) ;
#3066 = DIRECTION ( 'NONE',  ( 0.000000000000000000, 0.000000000000000000, 1.000000000000000000 ) ) ;
#3067 = AXIS2_PLACEMENT_3D ( 'NONE', #7560, #3211, #4489 ) ;
#3068 = AXIS2_PLACEMENT_3D ( 'NONE', #2627, #6798, #6927 ) ;
#3069 = SURFACE_SIDE_STYLE ('',( #1383 ) ) ;
#3070 = AXIS2_PLACEMENT_3D ( 'NONE', #3853, #3350, #2031 ) ;
#3071 = CLOSED_SHELL ( 'NONE', ( #1256, #1629, #7601, #6845, #1045, #3006, #1956, #1822, #4970, #5680, #94 ) ) ;
#3072 = AXIS2_PLACEMENT_3D ( 'NONE', #818, #4464, #5126 ) ;
#3073 = CARTESIAN_POINT ( 'NONE',  ( -1.400000000000000133, 0.9000000000000002442, 1.400000000000000133 ) ) ;
#3074 = CARTESIAN_POINT ( 'NONE',  ( 1.499999999999999778, 0.4500000000000000666, 0.000000000000000000 ) ) ;
#3075 = CARTESIAN_POINT ( 'NONE',  ( -1.500000000000000000, 0.9000000000000002442, -1.399999999999999689 ) ) ;
#3076 = VECTOR ( 'NONE', #910, 1000.000000000000000 ) ;
#3077 = ORIENTED_EDGE ( 'NONE', *, *, #1729, .T. ) ;
#3078 = PRESENTATION_STYLE_ASSIGNMENT (( #2307 ) ) ;
#3079 = FILL_AREA_STYLE_COLOUR ( '', #1620 ) ;
#3080 = AXIS2_PLACEMENT_3D ( 'NONE', #1237, #3718, #1890 ) ;
#3081 = CARTESIAN_POINT ( 'NONE',  ( 0.000000000000000000, 0.000000000000000000, 0.2999999999999999334 ) ) ;
#3082 = DIRECTION ( 'NONE',  ( 1.000000000000000000, 0.000000000000000000, -1.156482317317871133E-15 ) ) ;
#3083 = PRESENTATION_LAYER_ASSIGNMENT (  '', '', ( #994 ) ) ;
#3084 =( NAMED_UNIT ( * ) SI_UNIT ( $, .STERADIAN. ) SOLID_ANGLE_UNIT ( ) );
#3085 = PRESENTATION_STYLE_ASSIGNMENT (( #5644 ) ) ;
#3086 = ORIENTED_EDGE ( 'NONE', *, *, #412, .T. ) ;
#3087 = PRESENTATION_LAYER_ASSIGNMENT (  '', '', ( #3716 ) ) ;
#3088 = EDGE_LOOP ( 'NONE', ( #4972, #4908, #2017, #1698 ) ) ;
#3089 = ADVANCED_FACE ( 'NONE', ( #7202 ), #5973, .T. ) ;
#3090 = VERTEX_POINT ( 'NONE', #914 ) ;
#3091 = PLANE ( 'NONE',  #5438 ) ;
#3092 = PRESENTATION_LAYER_ASSIGNMENT (  '', '', ( #4645 ) ) ;
#3093 = FILL_AREA_STYLE_COLOUR ( '', #2711 ) ;
#3094 = SURFACE_SIDE_STYLE ('',( #4340 ) ) ;
#3095 = CIRCLE ( 'NONE', #3995, 0.1000000000000000472 ) ;
#3096 = CARTESIAN_POINT ( 'NONE',  ( 1.499999999999999112, 0.9000000000000002442, 1.400000000000000133 ) ) ;
#3097 = PRESENTATION_STYLE_ASSIGNMENT (( #614 ) ) ;
#3098 = ORIENTED_EDGE ( 'NONE', *, *, #6534, .T. ) ;
#3099 = EDGE_CURVE ( 'NONE', #4069, #3688, #2875, .T. ) ;
#3100 = DIRECTION ( 'NONE',  ( 0.000000000000000000, -1.000000000000000000, 0.000000000000000000 ) ) ;
#3101 = SURFACE_STYLE_USAGE ( .BOTH. , #7388 ) ;
#3102 = CARTESIAN_POINT ( 'NONE',  ( 1.399999999999999689, 0.9000000000000002442, -1.499999999999999778 ) ) ;
#3103 = CARTESIAN_POINT ( 'NONE',  ( 1.350000000000000089, 1.050000000000000044, -1.199999999999997957 ) ) ;
#3104 = COLOUR_RGB ( '',0.2509803921568627416, 0.2509803921568627416, 0.2509803921568627416 ) ;
#3105 = UNCERTAINTY_MEASURE_WITH_UNIT (LENGTH_MEASURE( 1.000000000000000082E-05 ), #1206, 'distance_accuracy_value', 'NONE');
#3106 = PRESENTATION_STYLE_ASSIGNMENT (( #620 ) ) ;
#3107 = ORIENTED_EDGE ( 'NONE', *, *, #6913, .T. ) ;
#3108 = PRESENTATION_LAYER_ASSIGNMENT (  '', '', ( #6743 ) ) ;
#3109 = STYLED_ITEM ( 'NONE', ( #1167 ), #6435 ) ;
#3110 = DIRECTION ( 'NONE',  ( 0.000000000000000000, -0.000000000000000000, 1.000000000000000000 ) ) ;
#3111 = SURFACE_STYLE_FILL_AREA ( #6199 ) ;
#3112 = EDGE_CURVE ( 'NONE', #497, #3761, #612, .T. ) ;
#3113 = DIRECTION ( 'NONE',  ( -0.000000000000000000, 1.000000000000000000, -0.000000000000000000 ) ) ;
#3114 = SURFACE_STYLE_FILL_AREA ( #1962 ) ;
#3115 = CIRCLE ( 'NONE', #1269, 0.1999999999999998723 ) ;
#3116 =( GEOMETRIC_REPRESENTATION_CONTEXT ( 3 ) GLOBAL_UNCERTAINTY_ASSIGNED_CONTEXT ( ( #6089 ) ) GLOBAL_UNIT_ASSIGNED_CONTEXT ( ( #3156, #626, #3235 ) ) REPRESENTATION_CONTEXT ( 'NONE', 'WORKASPACE' ) );
#3117 = ORIENTED_EDGE ( 'NONE', *, *, #2544, .T. ) ;
#3118 = SURFACE_SIDE_STYLE ('',( #629 ) ) ;
#3119 = CYLINDRICAL_SURFACE ( 'NONE', #423, 0.1000000000000000472 ) ;
#3120 = VECTOR ( 'NONE', #2864, 1000.000000000000000 ) ;
#3121 = COLOUR_RGB ( '',1.000000000000000000, 0.8117647058823529438, 0.5019607843137254832 ) ;
#3122 = ORIENTED_EDGE ( 'NONE', *, *, #4285, .F. ) ;
#3123 = LINE ( 'NONE', #5603, #7590 ) ;
#3124 = LINE ( 'NONE', #4325, #2416 ) ;
#3125 = DIRECTION ( 'NONE',  ( 0.000000000000000000, 0.000000000000000000, -1.000000000000000000 ) ) ;
#3126 = UNCERTAINTY_MEASURE_WITH_UNIT (LENGTH_MEASURE( 1.000000000000000082E-05 ), #1529, 'distance_accuracy_value', 'NONE');
#3127 = AXIS2_PLACEMENT_3D ( 'NONE', #2083, #5171, #5253 ) ;
#3128 =( GEOMETRIC_REPRESENTATION_CONTEXT ( 3 ) GLOBAL_UNCERTAINTY_ASSIGNED_CONTEXT ( ( #6178 ) ) GLOBAL_UNIT_ASSIGNED_CONTEXT ( ( #7193, #2289, #4803 ) ) REPRESENTATION_CONTEXT ( 'NONE', 'WORKASPACE' ) );
#3129 =( NAMED_UNIT ( * ) SI_UNIT ( $, .STERADIAN. ) SOLID_ANGLE_UNIT ( ) );
#3130 = SURFACE_SIDE_STYLE ('',( #6293 ) ) ;
#3131 = COLOUR_RGB ( '',1.000000000000000000, 0.8117647058823529438, 0.5019607843137254832 ) ;
#3132 = VERTEX_POINT ( 'NONE', #3447 ) ;
#3133 = SURFACE_STYLE_USAGE ( .BOTH. , #642 ) ;
#3134 = ORIENTED_EDGE ( 'NONE', *, *, #3453, .F. ) ;
#3135 = ORIENTED_EDGE ( 'NONE', *, *, #5688, .F. ) ;
#3136 = DIRECTION ( 'NONE',  ( -0.000000000000000000, 1.000000000000000000, -0.000000000000000000 ) ) ;
#3137 = CARTESIAN_POINT ( 'NONE',  ( 1.499999999999999778, 2.065549442140357073, 3.122502256758252770E-14 ) ) ;
#3138 = FACE_OUTER_BOUND ( 'NONE', #1208, .T. ) ;
#3139 = EDGE_CURVE ( 'NONE', #1626, #490, #4761, .T. ) ;
#3140 = PRESENTATION_STYLE_ASSIGNMENT (( #6349 ) ) ;
#3141 = CYLINDRICAL_SURFACE ( 'NONE', #4244, 0.1750000000000000167 ) ;
#3142 = VERTEX_POINT ( 'NONE', #350 ) ;
#3143 = DIRECTION ( 'NONE',  ( -0.000000000000000000, -1.000000000000000000, 0.000000000000000000 ) ) ;
#3144 = VERTEX_POINT ( 'NONE', #2301 ) ;
#3145 = PLANE ( 'NONE',  #4624 ) ;
#3146 = FACE_OUTER_BOUND ( 'NONE', #4605, .T. ) ;
#3147 = DIRECTION ( 'NONE',  ( 0.000000000000000000, -1.000000000000000000, 0.000000000000000000 ) ) ;
#3148 = SURFACE_SIDE_STYLE ('',( #6872 ) ) ;
#3149 = LINE ( 'NONE', #735, #2003 ) ;
#3150 = ORIENTED_EDGE ( 'NONE', *, *, #1533, .F. ) ;
#3151 = EDGE_CURVE ( 'NONE', #3794, #605, #4771, .T. ) ;
#3152 = EDGE_CURVE ( 'NONE', #4538, #5292, #3982, .T. ) ;
#3153 = PRESENTATION_LAYER_ASSIGNMENT (  '', '', ( #2105 ) ) ;
#3154 = LINE ( 'NONE', #7517, #5504 ) ;
#3155 = FILL_AREA_STYLE ('',( #3671 ) ) ;
#3156 =( LENGTH_UNIT ( ) NAMED_UNIT ( * ) SI_UNIT ( .MILLI., .METRE. ) );
#3157 = ORIENTED_EDGE ( 'NONE', *, *, #4721, .F. ) ;
#3158 = EDGE_CURVE ( 'NONE', #1166, #2408, #4729, .T. ) ;
#3159 = DIRECTION ( 'NONE',  ( 0.000000000000000000, -1.000000000000000000, 0.000000000000000000 ) ) ;
#3160 = PRESENTATION_STYLE_ASSIGNMENT (( #748 ) ) ;
#3161 = VERTEX_POINT ( 'NONE', #7691 ) ;
#3162 = AXIS2_PLACEMENT_3D ( 'NONE', #1163, #4133, #7906 ) ;
#3163 = CYLINDRICAL_SURFACE ( 'NONE', #5184, 0.1749999999999687916 ) ;
#3164 =( LENGTH_UNIT ( ) NAMED_UNIT ( * ) SI_UNIT ( .MILLI., .METRE. ) );
#3165 = UNCERTAINTY_MEASURE_WITH_UNIT (LENGTH_MEASURE( 1.000000000000000082E-05 ), #3867, 'distance_accuracy_value', 'NONE');
#3166 =( NAMED_UNIT ( * ) PLANE_ANGLE_UNIT ( ) SI_UNIT ( $, .RADIAN. ) );
#3167 =( NAMED_UNIT ( * ) SI_UNIT ( $, .STERADIAN. ) SOLID_ANGLE_UNIT ( ) );
#3168 = ADVANCED_FACE ( 'NONE', ( #2227 ), #4609, .T. ) ;
#3169 = SURFACE_STYLE_FILL_AREA ( #2552 ) ;
#3170 = AXIS2_PLACEMENT_3D ( 'NONE', #5976, #1030, #1713 ) ;
#3171 = DIRECTION ( 'NONE',  ( -1.000000000000000000, -0.000000000000000000, 0.000000000000000000 ) ) ;
#3172 =( NAMED_UNIT ( * ) SI_UNIT ( $, .STERADIAN. ) SOLID_ANGLE_UNIT ( ) );
#3173 = ORIENTED_EDGE ( 'NONE', *, *, #155, .T. ) ;
#3174 = ORIENTED_EDGE ( 'NONE', *, *, #3765, .T. ) ;
#3175 = SURFACE_STYLE_USAGE ( .BOTH. , #6810 ) ;
#3176 = MECHANICAL_DESIGN_GEOMETRIC_PRESENTATION_REPRESENTATION (  '', ( #5633 ), #2777 ) ;
#3177 =( NAMED_UNIT ( * ) PLANE_ANGLE_UNIT ( ) SI_UNIT ( $, .RADIAN. ) );
#3178 = ORIENTED_EDGE ( 'NONE', *, *, #5442, .T. ) ;
#3179 =( NAMED_UNIT ( * ) PLANE_ANGLE_UNIT ( ) SI_UNIT ( $, .RADIAN. ) );
#3180 = DIRECTION ( 'NONE',  ( 1.000000000000000000, 0.000000000000000000, 0.000000000000000000 ) ) ;
#3181 = SURFACE_STYLE_FILL_AREA ( #5154 ) ;
#3182 = ORIENTED_EDGE ( 'NONE', *, *, #373, .F. ) ;
#3183 = ORIENTED_EDGE ( 'NONE', *, *, #6241, .F. ) ;
#3184 =( LENGTH_UNIT ( ) NAMED_UNIT ( * ) SI_UNIT ( .MILLI., .METRE. ) );
#3185 = CYLINDRICAL_SURFACE ( 'NONE', #1673, 0.1749999999999996003 ) ;
#3186 = VECTOR ( 'NONE', #4315, 1000.000000000000000 ) ;
#3187 =( GEOMETRIC_REPRESENTATION_CONTEXT ( 3 ) GLOBAL_UNCERTAINTY_ASSIGNED_CONTEXT ( ( #5894 ) ) GLOBAL_UNIT_ASSIGNED_CONTEXT ( ( #6100, #6021, #518 ) ) REPRESENTATION_CONTEXT ( 'NONE', 'WORKASPACE' ) );
#3188 = PRESENTATION_LAYER_ASSIGNMENT (  '', '', ( #6814 ) ) ;
#3189 = LINE ( 'NONE', #125, #7965 ) ;
#3190 = VERTEX_POINT ( 'NONE', #6154 ) ;
#3191 = LINE ( 'NONE', #6877, #3584 ) ;
#3192 = FACE_OUTER_BOUND ( 'NONE', #226, .T. ) ;
#3193 = FILL_AREA_STYLE ('',( #87 ) ) ;
#3194 = CARTESIAN_POINT ( 'NONE',  ( 1.475000000000000311, 0.4500000000000001221, -0.1732050807569037176 ) ) ;
#3195 = EDGE_CURVE ( 'NONE', #5586, #5613, #506, .T. ) ;
#3196 = CARTESIAN_POINT ( 'NONE',  ( 1.399999999999999689, 0.9000000000000002442, -1.499999999999999778 ) ) ;
#3197 = ADVANCED_FACE ( 'NONE', ( #6791 ), #7399, .F. ) ;
#3198 = MECHANICAL_DESIGN_GEOMETRIC_PRESENTATION_REPRESENTATION (  '', ( #5516 ), #3819 ) ;
#3199 = DIRECTION ( 'NONE',  ( 0.000000000000000000, -1.000000000000000000, -0.000000000000000000 ) ) ;
#3200 = ORIENTED_EDGE ( 'NONE', *, *, #3062, .T. ) ;
#3201 =( GEOMETRIC_REPRESENTATION_CONTEXT ( 3 ) GLOBAL_UNCERTAINTY_ASSIGNED_CONTEXT ( ( #7003 ) ) GLOBAL_UNIT_ASSIGNED_CONTEXT ( ( #559, #6105, #1198 ) ) REPRESENTATION_CONTEXT ( 'NONE', 'WORKASPACE' ) );
#3202 = CARTESIAN_POINT ( 'NONE',  ( -1.148341410441136468, 1.100000000000000089, -1.047168034796249758 ) ) ;
#3203 = CIRCLE ( 'NONE', #5663, 0.1499999999999999667 ) ;
#3204 = PRESENTATION_STYLE_ASSIGNMENT (( #1923 ) ) ;
#3205 = ORIENTED_EDGE ( 'NONE', *, *, #6660, .F. ) ;
#3206 = SURFACE_STYLE_USAGE ( .BOTH. , #3787 ) ;
#3207 = VECTOR ( 'NONE', #5509, 1000.000000000000000 ) ;
#3208 = CARTESIAN_POINT ( 'NONE',  ( 0.000000000000000000, 0.000000000000000000, 0.000000000000000000 ) ) ;
#3209 = ADVANCED_FACE ( 'NONE', ( #1832 ), #4512, .F. ) ;
#3210 = PRESENTATION_LAYER_ASSIGNMENT (  '', '', ( #4210 ) ) ;
#3211 = DIRECTION ( 'NONE',  ( 0.000000000000000000, 0.000000000000000000, 1.000000000000000000 ) ) ;
#3212 = AXIS2_PLACEMENT_3D ( 'NONE', #17, #550, #4291 ) ;
#3213 =( LENGTH_UNIT ( ) NAMED_UNIT ( * ) SI_UNIT ( .MILLI., .METRE. ) );
#3214 = AXIS2_PLACEMENT_3D ( 'NONE', #4141, #7797, #3470 ) ;
#3215 = DIRECTION ( 'NONE',  ( 0.000000000000000000, 1.000000000000000000, 0.000000000000000000 ) ) ;
#3216 =( NAMED_UNIT ( * ) SI_UNIT ( $, .STERADIAN. ) SOLID_ANGLE_UNIT ( ) );
#3217 = AXIS2_PLACEMENT_3D ( 'NONE', #3033, #1678, #7405 ) ;
#3218 = VERTEX_POINT ( 'NONE', #1019 ) ;
#3219 = PRESENTATION_LAYER_ASSIGNMENT (  '', '', ( #2171 ) ) ;
#3220 = ORIENTED_EDGE ( 'NONE', *, *, #5131, .T. ) ;
#3221 = ADVANCED_FACE ( 'NONE', ( #1618 ), #446, .F. ) ;
#3222 = ORIENTED_EDGE ( 'NONE', *, *, #494, .F. ) ;
#3223 = COLOUR_RGB ( '',0.7529411764705882248, 0.7529411764705882248, 0.7529411764705882248 ) ;
#3224 = SURFACE_STYLE_USAGE ( .BOTH. , #8034 ) ;
#3225 = DIRECTION ( 'NONE',  ( -1.000000000000000000, 0.000000000000000000, 3.614007241618441955E-16 ) ) ;
#3226 = MECHANICAL_DESIGN_GEOMETRIC_PRESENTATION_REPRESENTATION (  '', ( #6336 ), #5960 ) ;
#3227 = VERTEX_POINT ( 'NONE', #5914 ) ;
#3228 = VERTEX_POINT ( 'NONE', #2820 ) ;
#3229 = CARTESIAN_POINT ( 'NONE',  ( 0.000000000000000000, 2.065549442140357073, -1.499999999999999778 ) ) ;
#3230 = SURFACE_STYLE_FILL_AREA ( #40 ) ;
#3231 = EDGE_LOOP ( 'NONE', ( #3268, #7475, #3887, #5238 ) ) ;
#3232 = PRESENTATION_LAYER_ASSIGNMENT (  '', '', ( #5423 ) ) ;
#3233 = FACE_OUTER_BOUND ( 'NONE', #1640, .T. ) ;
#3234 = STYLED_ITEM ( 'NONE', ( #1813 ), #6217 ) ;
#3235 =( NAMED_UNIT ( * ) SI_UNIT ( $, .STERADIAN. ) SOLID_ANGLE_UNIT ( ) );
#3236 = VECTOR ( 'NONE', #2277, 1000.000000000000000 ) ;
#3237 = FACE_OUTER_BOUND ( 'NONE', #925, .T. ) ;
#3238 = DIRECTION ( 'NONE',  ( 0.000000000000000000, 0.000000000000000000, -1.000000000000000000 ) ) ;
#3239 = EDGE_LOOP ( 'NONE', ( #5013, #7535, #3275, #6311 ) ) ;
#3240 = TOROIDAL_SURFACE ( 'NONE', #107, 0.1499999999999998834, 0.05000000000000000278 ) ;
#3241 = LINE ( 'NONE', #1264, #1594 ) ;
#3242 = MECHANICAL_DESIGN_GEOMETRIC_PRESENTATION_REPRESENTATION (  '', ( #4657 ), #6488 ) ;
#3243 = CARTESIAN_POINT ( 'NONE',  ( -1.278064651390379280, 1.100000000000000089, -1.116447985572960322 ) ) ;
#3244 = EDGE_CURVE ( 'NONE', #4218, #7765, #5298, .T. ) ;
#3245 = SURFACE_STYLE_FILL_AREA ( #1836 ) ;
#3246 = VERTEX_POINT ( 'NONE', #4063 ) ;
#3247 = AXIS2_PLACEMENT_3D ( 'NONE', #1013, #5369, #3507 ) ;
#3248 = MECHANICAL_DESIGN_GEOMETRIC_PRESENTATION_REPRESENTATION (  '', ( #769 ), #1793 ) ;
#3249 = PRESENTATION_STYLE_ASSIGNMENT (( #2055 ) ) ;
#3250 = SURFACE_STYLE_FILL_AREA ( #5761 ) ;
#3251 = VECTOR ( 'NONE', #7641, 1000.000000000000000 ) ;
#3252 = COLOUR_RGB ( '',1.000000000000000000, 0.8117647058823529438, 0.5019607843137254832 ) ;
#3253 = EDGE_CURVE ( 'NONE', #1043, #2508, #7605, .T. ) ;
#3254 = FILL_AREA_STYLE_COLOUR ( '', #6323 ) ;
#3255 = ORIENTED_EDGE ( 'NONE', *, *, #6123, .F. ) ;
#3256 =( NAMED_UNIT ( * ) PLANE_ANGLE_UNIT ( ) SI_UNIT ( $, .RADIAN. ) );
#3257 = ORIENTED_EDGE ( 'NONE', *, *, #6670, .F. ) ;
#3258 = CARTESIAN_POINT ( 'NONE',  ( 1.499999999999999778, 0.4500000000000000111, 0.1750000000000000444 ) ) ;
#3259 = CARTESIAN_POINT ( 'NONE',  ( 1.499999999999999778, 0.4500000000000000111, 0.1499999999999687417 ) ) ;
#3260 = STYLED_ITEM ( 'NONE', ( #2649 ), #6903 ) ;
#3261 = PRESENTATION_LAYER_ASSIGNMENT (  '', '', ( #6375 ) ) ;
#3262 = SURFACE_STYLE_USAGE ( .BOTH. , #6812 ) ;
#3263 = ORIENTED_EDGE ( 'NONE', *, *, #4225, .T. ) ;
#3264 = DIRECTION ( 'NONE',  ( -5.421010862427523156E-16, 0.000000000000000000, -1.000000000000000000 ) ) ;
#3265 = EDGE_CURVE ( 'NONE', #3144, #685, #5337, .T. ) ;
#3266 = MECHANICAL_DESIGN_GEOMETRIC_PRESENTATION_REPRESENTATION (  '', ( #4548 ), #1171 ) ;
#3267 = ORIENTED_EDGE ( 'NONE', *, *, #5348, .T. ) ;
#3268 = ORIENTED_EDGE ( 'NONE', *, *, #6077, .T. ) ;
#3269 = DIRECTION ( 'NONE',  ( 0.000000000000000000, -0.000000000000000000, 1.000000000000000000 ) ) ;
#3270 = CARTESIAN_POINT ( 'NONE',  ( 0.7499999999999992228, 0.4500000000000000666, 0.9000000000000005773 ) ) ;
#3271 = MECHANICAL_DESIGN_GEOMETRIC_PRESENTATION_REPRESENTATION (  '', ( #6120 ), #2876 ) ;
#3272 = LINE ( 'NONE', #2735, #5406 ) ;
#3273 = UNCERTAINTY_MEASURE_WITH_UNIT (LENGTH_MEASURE( 1.000000000000000082E-05 ), #7420, 'distance_accuracy_value', 'NONE');
#3274 = CARTESIAN_POINT ( 'NONE',  ( 0.7499999999999996669, 2.065549442140357073, -0.2999999999999999334 ) ) ;
#3275 = ORIENTED_EDGE ( 'NONE', *, *, #6484, .F. ) ;
#3276 = UNCERTAINTY_MEASURE_WITH_UNIT (LENGTH_MEASURE( 1.000000000000000082E-05 ), #4415, 'distance_accuracy_value', 'NONE');
#3277 = DIRECTION ( 'NONE',  ( 1.000000000000000000, 0.000000000000000000, 9.035018104045874392E-17 ) ) ;
#3278 = DIRECTION ( 'NONE',  ( 0.000000000000000000, -1.000000000000000000, 0.000000000000000000 ) ) ;
#3279 = UNCERTAINTY_MEASURE_WITH_UNIT (LENGTH_MEASURE( 1.000000000000000082E-05 ), #482, 'distance_accuracy_value', 'NONE');
#3280 = ORIENTED_EDGE ( 'NONE', *, *, #1682, .F. ) ;
#3281 = DIRECTION ( 'NONE',  ( 1.000000000000000000, 0.000000000000000000, -0.000000000000000000 ) ) ;
#3282 = DIRECTION ( 'NONE',  ( 0.000000000000000000, -1.000000000000000000, 0.000000000000000000 ) ) ;
#3283 = SURFACE_SIDE_STYLE ('',( #4484 ) ) ;
#3284 = ORIENTED_EDGE ( 'NONE', *, *, #2695, .T. ) ;
#3285 = DIRECTION ( 'NONE',  ( -0.000000000000000000, 1.000000000000000000, 0.000000000000000000 ) ) ;
#3286 = FACE_OUTER_BOUND ( 'NONE', #928, .T. ) ;
#3287 = CARTESIAN_POINT ( 'NONE',  ( 0.000000000000000000, 0.4500000000000000666, 0.000000000000000000 ) ) ;
#3288 = LINE ( 'NONE', #6976, #859 ) ;
#3289 = PRESENTATION_LAYER_ASSIGNMENT (  '', '', ( #6767 ) ) ;
#3290 = SURFACE_STYLE_USAGE ( .BOTH. , #2595 ) ;
#3291 = ADVANCED_FACE ( 'NONE', ( #3015 ), #3141, .F. ) ;
#3292 = PRESENTATION_STYLE_ASSIGNMENT (( #800 ) ) ;
#3293 = PRESENTATION_LAYER_ASSIGNMENT (  '', '', ( #2246 ) ) ;
#3294 = LINE ( 'NONE', #5812, #2432 ) ;
#3295 = ORIENTED_EDGE ( 'NONE', *, *, #2567, .T. ) ;
#3296 = CARTESIAN_POINT ( 'NONE',  ( -1.500000000000000222, 0.4499999999999999556, 0.000000000000000000 ) ) ;
#3297 = ORIENTED_EDGE ( 'NONE', *, *, #3402, .T. ) ;
#3298 = EDGE_LOOP ( 'NONE', ( #7557, #3687, #3962, #842 ) ) ;
#3299 = DIRECTION ( 'NONE',  ( -0.000000000000000000, 0.000000000000000000, -1.000000000000000000 ) ) ;
#3300 = DIRECTION ( 'NONE',  ( 1.000000000000000000, -0.000000000000000000, 0.000000000000000000 ) ) ;
#3301 = UNCERTAINTY_MEASURE_WITH_UNIT (LENGTH_MEASURE( 1.000000000000000082E-05 ), #2069, 'distance_accuracy_value', 'NONE');
#3302 = ADVANCED_FACE ( 'NONE', ( #6225 ), #1902, .T. ) ;
#3303 = ADVANCED_FACE ( 'NONE', ( #5451 ), #3623, .F. ) ;
#3304 = AXIS2_PLACEMENT_3D ( 'NONE', #5607, #6980, #1401 ) ;
#3305 = PRESENTATION_STYLE_ASSIGNMENT (( #3341 ) ) ;
#3306 = EDGE_LOOP ( 'NONE', ( #2607, #2077, #5700, #6135 ) ) ;
#3307 = VERTEX_POINT ( 'NONE', #687 ) ;
#3308 = STYLED_ITEM ( 'NONE', ( #7168 ), #4894 ) ;
#3309 = CARTESIAN_POINT ( 'NONE',  ( -1.500000000000000222, 2.065549442140357073, 1.500000000000000222 ) ) ;
#3310 = ORIENTED_EDGE ( 'NONE', *, *, #7293, .T. ) ;
#3311 = LINE ( 'NONE', #1456, #7468 ) ;
#3312 = DIRECTION ( 'NONE',  ( -1.000000000000000000, -0.000000000000000000, -0.000000000000000000 ) ) ;
#3313 = EDGE_CURVE ( 'NONE', #3144, #365, #920, .T. ) ;
#3314 = LINE ( 'NONE', #1959, #2274 ) ;
#3315 = AXIS2_PLACEMENT_3D ( 'NONE', #1921, #2541, #4973 ) ;
#3316 = LINE ( 'NONE', #5749, #7255 ) ;
#3317 = COLOUR_RGB ( '',0.2509803921568627416, 0.2509803921568627416, 0.2509803921568627416 ) ;
#3318 = MECHANICAL_DESIGN_GEOMETRIC_PRESENTATION_REPRESENTATION (  '', ( #6428 ), #7438 ) ;
#3319 = DIRECTION ( 'NONE',  ( -1.000000000000000000, -0.000000000000000000, -0.000000000000000000 ) ) ;
#3320 = PLANE ( 'NONE',  #1553 ) ;
#3321 = ADVANCED_FACE ( 'NONE', ( #224 ), #6538, .F. ) ;
#3322 = VERTEX_POINT ( 'NONE', #307 ) ;
#3323 = VECTOR ( 'NONE', #2085, 1000.000000000000000 ) ;
#3324 =( NAMED_UNIT ( * ) PLANE_ANGLE_UNIT ( ) SI_UNIT ( $, .RADIAN. ) );
#3325 = DIRECTION ( 'NONE',  ( -1.000000000000000000, -0.000000000000000000, -0.000000000000000000 ) ) ;
#3326 = VERTEX_POINT ( 'NONE', #4044 ) ;
#3327 = SURFACE_SIDE_STYLE ('',( #6412 ) ) ;
#3328 = DIRECTION ( 'NONE',  ( 0.000000000000000000, 0.000000000000000000, -1.000000000000000000 ) ) ;
#3329 = CARTESIAN_POINT ( 'NONE',  ( 0.000000000000000000, 0.4500000000000000666, 1.500000000000000222 ) ) ;
#3330 = PRESENTATION_LAYER_ASSIGNMENT (  '', '', ( #2285 ) ) ;
#3331 = SURFACE_SIDE_STYLE ('',( #837 ) ) ;
#3332 =( NAMED_UNIT ( * ) SI_UNIT ( $, .STERADIAN. ) SOLID_ANGLE_UNIT ( ) );
#3333 = COLOUR_RGB ( '',1.000000000000000000, 0.8117647058823529438, 0.5019607843137254832 ) ;
#3334 = VERTEX_POINT ( 'NONE', #7739 ) ;
#3335 = AXIS2_PLACEMENT_3D ( 'NONE', #5216, #334, #2169 ) ;
#3336 = FILL_AREA_STYLE_COLOUR ( '', #1144 ) ;
#3337 = ORIENTED_EDGE ( 'NONE', *, *, #105, .F. ) ;
#3338 = DIRECTION ( 'NONE',  ( 0.000000000000000000, -0.000000000000000000, 1.000000000000000000 ) ) ;
#3339 = MECHANICAL_DESIGN_GEOMETRIC_PRESENTATION_REPRESENTATION (  '', ( #4876 ), #468 ) ;
#3340 =( LENGTH_UNIT ( ) NAMED_UNIT ( * ) SI_UNIT ( .MILLI., .METRE. ) );
#3341 = SURFACE_STYLE_USAGE ( .BOTH. , #2682 ) ;
#3342 = VERTEX_POINT ( 'NONE', #4661 ) ;
#3343 = DIRECTION ( 'NONE',  ( 1.000000000000000000, 0.000000000000000000, 0.000000000000000000 ) ) ;
#3344 = CARTESIAN_POINT ( 'NONE',  ( 1.499999999999999778, 0.4499999999999999556, 0.000000000000000000 ) ) ;
#3345 = EDGE_CURVE ( 'NONE', #7900, #7179, #269, .T. ) ;
#3346 = ORIENTED_EDGE ( 'NONE', *, *, #251, .T. ) ;
#3347 = DIRECTION ( 'NONE',  ( -5.421010862427523156E-16, 0.000000000000000000, -1.000000000000000000 ) ) ;
#3348 = AXIS2_PLACEMENT_3D ( 'NONE', #1391, #2006, #217 ) ;
#3349 = ORIENTED_EDGE ( 'NONE', *, *, #361, .T. ) ;
#3350 = DIRECTION ( 'NONE',  ( 0.000000000000000000, -1.000000000000000000, 0.000000000000000000 ) ) ;
#3351 = LINE ( 'NONE', #5081, #4935 ) ;
#3352 = VECTOR ( 'NONE', #1442, 1000.000000000000000 ) ;
#3353 = DIRECTION ( 'NONE',  ( 0.000000000000000000, 0.000000000000000000, -1.000000000000000000 ) ) ;
#3354 = PRESENTATION_LAYER_ASSIGNMENT (  '', '', ( #6834 ) ) ;
#3355 = ADVANCED_FACE ( 'NONE', ( #7659 ), #3376, .T. ) ;
#3356 = DIRECTION ( 'NONE',  ( 0.000000000000000000, 0.000000000000000000, 1.000000000000000000 ) ) ;
#3357 = CYLINDRICAL_SURFACE ( 'NONE', #4939, 0.1000000000000000472 ) ;
#3358 = LINE ( 'NONE', #2041, #6503 ) ;
#3359 =( GEOMETRIC_REPRESENTATION_CONTEXT ( 3 ) GLOBAL_UNCERTAINTY_ASSIGNED_CONTEXT ( ( #5047 ) ) GLOBAL_UNIT_ASSIGNED_CONTEXT ( ( #2304, #3525, #2954 ) ) REPRESENTATION_CONTEXT ( 'NONE', 'WORKASPACE' ) );
#3360 = AXIS2_PLACEMENT_3D ( 'NONE', #5089, #1380, #3863 ) ;
#3361 = ORIENTED_EDGE ( 'NONE', *, *, #3715, .T. ) ;
#3362 = CARTESIAN_POINT ( 'NONE',  ( 1.475000000000000311, 0.000000000000000000, -0.3000000000000000999 ) ) ;
#3363 = CARTESIAN_POINT ( 'NONE',  ( 1.399999999999999689, 1.000000000000000000, -1.199999999999997957 ) ) ;
#3364 = EDGE_CURVE ( 'NONE', #3132, #342, #5978, .T. ) ;
#3365 = PRODUCT_DEFINITION_CONTEXT ( 'detailed design', #6919, 'design' ) ;
#3366 = CARTESIAN_POINT ( 'NONE',  ( 1.475000000000000311, 2.065549442140357073, -0.9000000000000005773 ) ) ;
#3367 = COLOUR_RGB ( '',0.2509803921568627416, 0.2509803921568627416, 0.2509803921568627416 ) ;
#3368 = EDGE_LOOP ( 'NONE', ( #2846, #7211, #6855, #7514 ) ) ;
#3369 = DIRECTION ( 'NONE',  ( -0.000000000000000000, 1.000000000000000000, 0.000000000000000000 ) ) ;
#3370 = DIRECTION ( 'NONE',  ( -0.000000000000000000, 1.000000000000000000, -0.000000000000000000 ) ) ;
#3371 = AXIS2_PLACEMENT_3D ( 'NONE', #3137, #725, #2523 ) ;
#3372 =( GEOMETRIC_REPRESENTATION_CONTEXT ( 3 ) GLOBAL_UNCERTAINTY_ASSIGNED_CONTEXT ( ( #2322 ) ) GLOBAL_UNIT_ASSIGNED_CONTEXT ( ( #6419, #3256, #6340 ) ) REPRESENTATION_CONTEXT ( 'NONE', 'WORKASPACE' ) );
#3373 = FACE_OUTER_BOUND ( 'NONE', #1124, .T. ) ;
#3374 = DIRECTION ( 'NONE',  ( -1.000000000000000000, 0.000000000000000000, -0.000000000000000000 ) ) ;
#3375 = UNCERTAINTY_MEASURE_WITH_UNIT (LENGTH_MEASURE( 1.000000000000000082E-05 ), #1303, 'distance_accuracy_value', 'NONE');
#3376 = PLANE ( 'NONE',  #1644 ) ;
#3377 = DIRECTION ( 'NONE',  ( 0.000000000000000000, 1.000000000000000000, 0.000000000000000000 ) ) ;
#3378 = ORIENTED_EDGE ( 'NONE', *, *, #6593, .F. ) ;
#3379 = DIRECTION ( 'NONE',  ( 0.000000000000000000, -0.000000000000000000, 1.000000000000000000 ) ) ;
#3380 = VERTEX_POINT ( 'NONE', #393 ) ;
#3381 = CARTESIAN_POINT ( 'NONE',  ( 1.499999999999999778, 0.000000000000000000, 1.499999999999999556 ) ) ;
#3382 = FILL_AREA_STYLE ('',( #5204 ) ) ;
#3383 = DIRECTION ( 'NONE',  ( -0.000000000000000000, 1.000000000000000000, 0.000000000000000000 ) ) ;
#3384 = EDGE_LOOP ( 'NONE', ( #536, #3911, #2660, #2357 ) ) ;
#3385 = AXIS2_PLACEMENT_3D ( 'NONE', #5421, #2339, #5383 ) ;
#3386 = CARTESIAN_POINT ( 'NONE',  ( 1.399999999999999689, 1.000000000000000000, 1.199999999999997735 ) ) ;
#3387 = EDGE_LOOP ( 'NONE', ( #435, #8040, #831, #907, #368, #5436, #3970, #6700, #3990 ) ) ;
#3388 = UNCERTAINTY_MEASURE_WITH_UNIT (LENGTH_MEASURE( 1.000000000000000082E-05 ), #7737, 'distance_accuracy_value', 'NONE');
#3389 = PRESENTATION_LAYER_ASSIGNMENT (  '', '', ( #5986 ) ) ;
#3390 = VECTOR ( 'NONE', #6748, 1000.000000000000000 ) ;
#3391 = ORIENTED_EDGE ( 'NONE', *, *, #1486, .T. ) ;
#3392 = DIRECTION ( 'NONE',  ( 0.000000000000000000, 0.000000000000000000, -1.000000000000000000 ) ) ;
#3393 = CYLINDRICAL_SURFACE ( 'NONE', #7282, 0.1999999999999998723 ) ;
#3394 = EDGE_CURVE ( 'NONE', #7541, #2273, #6645, .T. ) ;
#3395 = AXIS2_PLACEMENT_3D ( 'NONE', #1502, #5787, #7680 ) ;
#3396 =( NAMED_UNIT ( * ) PLANE_ANGLE_UNIT ( ) SI_UNIT ( $, .RADIAN. ) );
#3397 =( LENGTH_UNIT ( ) NAMED_UNIT ( * ) SI_UNIT ( .MILLI., .METRE. ) );
#3398 =( NAMED_UNIT ( * ) SI_UNIT ( $, .STERADIAN. ) SOLID_ANGLE_UNIT ( ) );
#3399 = DIRECTION ( 'NONE',  ( 0.000000000000000000, 0.000000000000000000, -1.000000000000000000 ) ) ;
#3400 = SURFACE_STYLE_USAGE ( .BOTH. , #6962 ) ;
#3401 = DIRECTION ( 'NONE',  ( 0.000000000000000000, -0.000000000000000000, 1.000000000000000000 ) ) ;
#3402 = EDGE_CURVE ( 'NONE', #6622, #428, #544, .T. ) ;
#3403 = EDGE_CURVE ( 'NONE', #3761, #4046, #1065, .T. ) ;
#3404 = FACE_OUTER_BOUND ( 'NONE', #3590, .T. ) ;
#3405 = EDGE_LOOP ( 'NONE', ( #5582, #7416, #2880, #1977 ) ) ;
#3406 = CARTESIAN_POINT ( 'NONE',  ( -1.199999999999999956, 1.050000000000000488, 1.199999999999997957 ) ) ;
#3407 = LINE ( 'NONE', #2178, #4366 ) ;
#3408 = ORIENTED_EDGE ( 'NONE', *, *, #7686, .T. ) ;
#3409 = DIRECTION ( 'NONE',  ( 0.000000000000000000, -1.000000000000000000, 0.000000000000000000 ) ) ;
#3410 =( LENGTH_UNIT ( ) NAMED_UNIT ( * ) SI_UNIT ( .MILLI., .METRE. ) );
#3411 = EDGE_CURVE ( 'NONE', #6303, #5492, #6011, .T. ) ;
#3412 = DIRECTION ( 'NONE',  ( 0.000000000000000000, 0.000000000000000000, -1.000000000000000000 ) ) ;
#3413 = EDGE_LOOP ( 'NONE', ( #1278, #4549, #6887, #1826 ) ) ;
#3414 =( GEOMETRIC_REPRESENTATION_CONTEXT ( 3 ) GLOBAL_UNCERTAINTY_ASSIGNED_CONTEXT ( ( #929 ) ) GLOBAL_UNIT_ASSIGNED_CONTEXT ( ( #4941, #5677, #7439 ) ) REPRESENTATION_CONTEXT ( 'NONE', 'WORKASPACE' ) );
#3415 = LINE ( 'NONE', #5897, #7626 ) ;
#3416 = CARTESIAN_POINT ( 'NONE',  ( 0.7499999999999991118, 2.065549442140357073, 1.474999999999999645 ) ) ;
#3417 = FILL_AREA_STYLE_COLOUR ( '', #2540 ) ;
#3418 = SURFACE_STYLE_USAGE ( .BOTH. , #4011 ) ;
#3419 = CARTESIAN_POINT ( 'NONE',  ( 1.399999999999999689, 1.000000000000000000, 1.199999999999997957 ) ) ;
#3420 = EDGE_CURVE ( 'NONE', #3021, #1296, #4816, .T. ) ;
#3421 = PLANE ( 'NONE',  #378 ) ;
#3422 = ORIENTED_EDGE ( 'NONE', *, *, #11, .T. ) ;
#3423 = DIRECTION ( 'NONE',  ( -0.000000000000000000, -1.000000000000000000, -0.000000000000000000 ) ) ;
#3424 = COLOUR_RGB ( '',0.7529411764705882248, 0.7529411764705882248, 0.7529411764705882248 ) ;
#3425 = CARTESIAN_POINT ( 'NONE',  ( 1.348042955612633875, 0.9000000000000003553, 1.461138650793164295 ) ) ;
#3426 = ORIENTED_EDGE ( 'NONE', *, *, #2704, .F. ) ;
#3427 = VERTEX_POINT ( 'NONE', #2349 ) ;
#3428 = FILL_AREA_STYLE_COLOUR ( '', #3707 ) ;
#3430 = VECTOR ( 'NONE', #3343, 1000.000000000000000 ) ;
#3429 = CARTESIAN_POINT ( 'NONE',  ( 1.475000000000000311, 0.000000000000000000, 0.000000000000000000 ) ) ;
#3431 = CARTESIAN_POINT ( 'NONE',  ( -1.441421356237309270, 0.8999999999999999112, -1.341421356237307405 ) ) ;
#3432 = COLOUR_RGB ( '',1.000000000000000000, 0.8117647058823529438, 0.5019607843137254832 ) ;
#3433 = CARTESIAN_POINT ( 'NONE',  ( 3.469446951953604821E-16, 2.065549442140357073, 0.2999999999999990452 ) ) ;
#3434 = FACE_OUTER_BOUND ( 'NONE', #2220, .T. ) ;
#3435 = DIRECTION ( 'NONE',  ( 0.000000000000000000, 0.000000000000000000, -1.000000000000000000 ) ) ;
#3436 = FILL_AREA_STYLE_COLOUR ( '', #2991 ) ;
#3437 = CIRCLE ( 'NONE', #45, 0.1000000000000000472 ) ;
#3438 =( NAMED_UNIT ( * ) PLANE_ANGLE_UNIT ( ) SI_UNIT ( $, .RADIAN. ) );
#3439 = ORIENTED_EDGE ( 'NONE', *, *, #2781, .T. ) ;
#3440 = VECTOR ( 'NONE', #1466, 1000.000000000000000 ) ;
#3441 = PRESENTATION_STYLE_ASSIGNMENT (( #4603 ) ) ;
#3442 = AXIS2_PLACEMENT_3D ( 'NONE', #7149, #5365, #849 ) ;
#3443 = LINE ( 'NONE', #6529, #6972 ) ;
#3444 = EDGE_CURVE ( 'NONE', #6370, #1387, #3989, .T. ) ;
#3445 = EDGE_LOOP ( 'NONE', ( #1728, #1197, #7975, #7789 ) ) ;
#3446 = FILL_AREA_STYLE ('',( #6532 ) ) ;
#3447 = CARTESIAN_POINT ( 'NONE',  ( -1.400000000000000133, 0.8500000000000000888, 1.499999999999999556 ) ) ;
#3448 = STYLED_ITEM ( 'NONE', ( #2166 ), #4470 ) ;
#3449 = STYLED_ITEM ( 'NONE', ( #100 ), #1039 ) ;
#3450 =( NAMED_UNIT ( * ) PLANE_ANGLE_UNIT ( ) SI_UNIT ( $, .RADIAN. ) );
#3451 = PRESENTATION_STYLE_ASSIGNMENT (( #5895 ) ) ;
#3452 = CARTESIAN_POINT ( 'NONE',  ( 3.252606517456599584E-16, 0.000000000000000000, -1.175494350822349034E-31 ) ) ;
#3453 = EDGE_CURVE ( 'NONE', #71, #7298, #2833, .T. ) ;
#3454 = ORIENTED_EDGE ( 'NONE', *, *, #1729, .F. ) ;
#3455 = FILL_AREA_STYLE ('',( #1599 ) ) ;
#3456 = AXIS2_PLACEMENT_3D ( 'NONE', #1731, #1851, #3723 ) ;
#3457 = ORIENTED_EDGE ( 'NONE', *, *, #5180, .F. ) ;
#3458 = CARTESIAN_POINT ( 'NONE',  ( -1.500000000000000222, 0.4500000000000001221, 1.324999999999999734 ) ) ;
#3459 = DIRECTION ( 'NONE',  ( -7.105427357601005014E-15, 0.000000000000000000, -1.000000000000000000 ) ) ;
#3460 = VECTOR ( 'NONE', #2182, 1000.000000000000000 ) ;
#3461 = CARTESIAN_POINT ( 'NONE',  ( 1.475000000000000311, 2.065549442140357073, 0.000000000000000000 ) ) ;
#3462 = VERTEX_POINT ( 'NONE', #7280 ) ;
#3463 = AXIS2_PLACEMENT_3D ( 'NONE', #3894, #5738, #150 ) ;
#3464 = PRESENTATION_LAYER_ASSIGNMENT (  '', '', ( #4744 ) ) ;
#3465 = EDGE_CURVE ( 'NONE', #5106, #7032, #510, .T. ) ;
#3466 = EDGE_LOOP ( 'NONE', ( #6392, #753, #187, #3107 ) ) ;
#3467 = COLOUR_RGB ( '',0.2509803921568627416, 0.2509803921568627416, 0.2509803921568627416 ) ;
#3468 = DIRECTION ( 'NONE',  ( -0.000000000000000000, 1.000000000000000000, 0.000000000000000000 ) ) ;
#3469 = ORIENTED_EDGE ( 'NONE', *, *, #7842, .T. ) ;
#3470 = DIRECTION ( 'NONE',  ( 0.000000000000000000, 0.000000000000000000, -1.000000000000000000 ) ) ;
#3471 = DIRECTION ( 'NONE',  ( 0.000000000000000000, -0.000000000000000000, 1.000000000000000000 ) ) ;
#3472 = FILL_AREA_STYLE ('',( #5295 ) ) ;
#3473 = VECTOR ( 'NONE', #2999, 1000.000000000000000 ) ;
#3474 = MECHANICAL_DESIGN_GEOMETRIC_PRESENTATION_REPRESENTATION (  '', ( #2171 ), #5945 ) ;
#3475 = DIRECTION ( 'NONE',  ( -1.000000000000000000, 0.000000000000000000, -0.000000000000000000 ) ) ;
#3476 = CARTESIAN_POINT ( 'NONE',  ( 1.499999999999999778, 0.9000000000000002442, -1.399999999999999689 ) ) ;
#3477 = COLOUR_RGB ( '',0.2509803921568627416, 0.2509803921568627416, 0.2509803921568627416 ) ;
#3478 = CARTESIAN_POINT ( 'NONE',  ( -1.445656712928495402, 0.9000000000000001332, 1.374481588870360538 ) ) ;
#3479 = FILL_AREA_STYLE_COLOUR ( '', #4755 ) ;
#3480 = PRESENTATION_LAYER_ASSIGNMENT (  '', '', ( #1122 ) ) ;
#3481 = PRESENTATION_STYLE_ASSIGNMENT (( #7235 ) ) ;
#3482 = CARTESIAN_POINT ( 'NONE',  ( 0.1499999999999998279, 0.4500000000000000666, -1.499999999999999778 ) ) ;
#3483 = ADVANCED_FACE ( 'NONE', ( #5506 ), #3488, .F. ) ;
#3484 = CARTESIAN_POINT ( 'NONE',  ( -1.350000000000000089, 1.100000000000000089, 1.199999999999997957 ) ) ;
#3485 =( GEOMETRIC_REPRESENTATION_CONTEXT ( 3 ) GLOBAL_UNCERTAINTY_ASSIGNED_CONTEXT ( ( #3818 ) ) GLOBAL_UNIT_ASSIGNED_CONTEXT ( ( #2330, #4150, #4188 ) ) REPRESENTATION_CONTEXT ( 'NONE', 'WORKASPACE' ) );
#3486 = FACE_OUTER_BOUND ( 'NONE', #67, .T. ) ;
#3487 = UNCERTAINTY_MEASURE_WITH_UNIT (LENGTH_MEASURE( 1.000000000000000082E-05 ), #1855, 'distance_accuracy_value', 'NONE');
#3488 = PLANE ( 'NONE',  #876 ) ;
#3489 = LINE ( 'NONE', #2385, #1247 ) ;
#3490 = ORIENTED_EDGE ( 'NONE', *, *, #3977, .F. ) ;
#3491 = SURFACE_STYLE_USAGE ( .BOTH. , #1000 ) ;
#3492 = CIRCLE ( 'NONE', #6086, 0.1499999999999999667 ) ;
#3493 = CARTESIAN_POINT ( 'NONE',  ( -0.1749999999999998779, 0.000000000000000000, -1.499999999999999778 ) ) ;
#3494 =( LENGTH_UNIT ( ) NAMED_UNIT ( * ) SI_UNIT ( .MILLI., .METRE. ) );
#3495 = AXIS2_PLACEMENT_3D ( 'NONE', #6658, #6515, #1078 ) ;
#3496 =( NAMED_UNIT ( * ) SI_UNIT ( $, .STERADIAN. ) SOLID_ANGLE_UNIT ( ) );
#3497 = ORIENTED_EDGE ( 'NONE', *, *, #760, .T. ) ;
#3498 = EDGE_CURVE ( 'NONE', #2757, #1009, #4890, .T. ) ;
#3499 = SURFACE_STYLE_FILL_AREA ( #7790 ) ;
#3500 = CIRCLE ( 'NONE', #5571, 0.1749999999999996003 ) ;
#3501 = FACE_OUTER_BOUND ( 'NONE', #5981, .T. ) ;
#3502 =( GEOMETRIC_REPRESENTATION_CONTEXT ( 3 ) GLOBAL_UNCERTAINTY_ASSIGNED_CONTEXT ( ( #4833 ) ) GLOBAL_UNIT_ASSIGNED_CONTEXT ( ( #4125, #5052, #740 ) ) REPRESENTATION_CONTEXT ( 'NONE', 'WORKASPACE' ) );
#3503 = VERTEX_POINT ( 'NONE', #7244 ) ;
#3504 = DIRECTION ( 'NONE',  ( -1.000000000000000000, 0.000000000000000000, 0.000000000000000000 ) ) ;
#3505 = VERTEX_POINT ( 'NONE', #4852 ) ;
#3506 = FACE_OUTER_BOUND ( 'NONE', #3852, .T. ) ;
#3507 = DIRECTION ( 'NONE',  ( 1.000000000000000000, 0.000000000000000000, -7.518805289812394929E-16 ) ) ;
#3508 =( GEOMETRIC_REPRESENTATION_CONTEXT ( 3 ) GLOBAL_UNCERTAINTY_ASSIGNED_CONTEXT ( ( #3301 ) ) GLOBAL_UNIT_ASSIGNED_CONTEXT ( ( #2069, #7537, #3927 ) ) REPRESENTATION_CONTEXT ( 'NONE', 'WORKASPACE' ) );
#3509 = AXIS2_PLACEMENT_3D ( 'NONE', #1711, #1099, #1590 ) ;
#3510 = EDGE_CURVE ( 'NONE', #490, #7873, #1676, .T. ) ;
#3511 = CIRCLE ( 'NONE', #1028, 0.1000000000000000472 ) ;
#3512 = SURFACE_STYLE_FILL_AREA ( #2286 ) ;
#3513 = FILL_AREA_STYLE_COLOUR ( '', #3131 ) ;
#3514 = SURFACE_STYLE_USAGE ( .BOTH. , #5413 ) ;
#3515 = PRESENTATION_LAYER_ASSIGNMENT (  '', '', ( #2218 ) ) ;
#3516 = ORIENTED_EDGE ( 'NONE', *, *, #5575, .F. ) ;
#3517 = SURFACE_STYLE_USAGE ( .BOTH. , #455 ) ;
#3518 = PRESENTATION_LAYER_ASSIGNMENT (  '', '', ( #1806 ) ) ;
#3519 = CARTESIAN_POINT ( 'NONE',  ( 1.199999999999999734, 1.050000000000000488, 1.399999999999997913 ) ) ;
#3520 = FACE_OUTER_BOUND ( 'NONE', #5620, .T. ) ;
#3521 = FILL_AREA_STYLE_COLOUR ( '', #5793 ) ;
#3522 = DIRECTION ( 'NONE',  ( 0.000000000000000000, 1.000000000000000000, 0.000000000000000000 ) ) ;
#3523 = FILL_AREA_STYLE_COLOUR ( '', #5104 ) ;
#3524 = DIRECTION ( 'NONE',  ( 0.000000000000000000, 0.000000000000000000, -1.000000000000000000 ) ) ;
#3525 =( NAMED_UNIT ( * ) PLANE_ANGLE_UNIT ( ) SI_UNIT ( $, .RADIAN. ) );
#3526 = EDGE_LOOP ( 'NONE', ( #1976, #6297, #1492, #1746 ) ) ;
#3527 =( NAMED_UNIT ( * ) SI_UNIT ( $, .STERADIAN. ) SOLID_ANGLE_UNIT ( ) );
#3528 = SURFACE_STYLE_USAGE ( .BOTH. , #1484 ) ;
#3529 =( NAMED_UNIT ( * ) PLANE_ANGLE_UNIT ( ) SI_UNIT ( $, .RADIAN. ) );
#3530 = ORIENTED_EDGE ( 'NONE', *, *, #3637, .T. ) ;
#3531 = CIRCLE ( 'NONE', #2370, 0.1750000000000295208 ) ;
#3532 = ORIENTED_EDGE ( 'NONE', *, *, #6660, .T. ) ;
#3533 = CARTESIAN_POINT ( 'NONE',  ( -1.500000000000000222, 0.4500000000000000666, 1.400000000000000133 ) ) ;
#3534 = ADVANCED_FACE ( 'NONE', ( #4247 ), #7974, .T. ) ;
#3535 = VERTEX_POINT ( 'NONE', #3676 ) ;
#3536 = EDGE_CURVE ( 'NONE', #3850, #1262, #1008, .T. ) ;
#3537 = CARTESIAN_POINT ( 'NONE',  ( 1.399999999999999689, 0.8500000000000000888, 1.400000000000000133 ) ) ;
#3538 = CARTESIAN_POINT ( 'NONE',  ( 1.499999999999999778, 0.000000000000000000, 1.349999999999970113 ) ) ;
#3539 = PRESENTATION_STYLE_ASSIGNMENT (( #5996 ) ) ;
#3540 = LINE ( 'NONE', #2362, #2008 ) ;
#3541 = AXIS2_PLACEMENT_3D ( 'NONE', #4409, #1349, #3835 ) ;
#3542 =( LENGTH_UNIT ( ) NAMED_UNIT ( * ) SI_UNIT ( .MILLI., .METRE. ) );
#3543 = EDGE_CURVE ( 'NONE', #3161, #4585, #3825, .T. ) ;
#3544 = LINE ( 'NONE', #4107, #7771 ) ;
#3545 = CARTESIAN_POINT ( 'NONE',  ( -0.7499999999999995559, 2.065549442140357073, -4.065758146820640641E-16 ) ) ;
#3546 = CARTESIAN_POINT ( 'NONE',  ( 0.000000000000000000, 0.8500000000000000888, 0.000000000000000000 ) ) ;
#3547 = ORIENTED_EDGE ( 'NONE', *, *, #7654, .T. ) ;
#3548 = CARTESIAN_POINT ( 'NONE',  ( -1.475000000000000089, 0.4500000000000000666, 0.000000000000000000 ) ) ;
#3549 = EDGE_CURVE ( 'NONE', #2133, #3954, #2507, .T. ) ;
#3550 = PRESENTATION_LAYER_ASSIGNMENT (  '', '', ( #2383 ) ) ;
#3551 = SURFACE_STYLE_USAGE ( .BOTH. , #6680 ) ;
#3552 = DIRECTION ( 'NONE',  ( -1.000000000000000000, -0.000000000000000000, -0.000000000000000000 ) ) ;
#3553 = FILL_AREA_STYLE ('',( #3523 ) ) ;
#3554 = PRESENTATION_LAYER_ASSIGNMENT (  '', '', ( #5633 ) ) ;
#3555 =( NAMED_UNIT ( * ) SI_UNIT ( $, .STERADIAN. ) SOLID_ANGLE_UNIT ( ) );
#3556 = UNCERTAINTY_MEASURE_WITH_UNIT (LENGTH_MEASURE( 1.000000000000000082E-05 ), #4280, 'distance_accuracy_value', 'NONE');
#3557 = DIRECTION ( 'NONE',  ( 1.000000000000000000, 0.000000000000000000, 0.000000000000000000 ) ) ;
#3558 = CARTESIAN_POINT ( 'NONE',  ( -1.500000000000000222, 0.000000000000000000, 2.168404344971008868E-16 ) ) ;
#3559 = ORIENTED_EDGE ( 'NONE', *, *, #7432, .F. ) ;
#3560 = DIRECTION ( 'NONE',  ( 0.000000000000000000, -1.000000000000000000, -0.000000000000000000 ) ) ;
#3561 = CARTESIAN_POINT ( 'NONE',  ( 1.499999999999999778, 2.065549442140357073, 1.499999999999999556 ) ) ;
#3563 = COLOUR_RGB ( '',1.000000000000000000, 0.8117647058823529438, 0.5019607843137254832 ) ;
#3562 = FILL_AREA_STYLE ('',( #6586 ) ) ;
#3564 =( NAMED_UNIT ( * ) PLANE_ANGLE_UNIT ( ) SI_UNIT ( $, .RADIAN. ) );
#3565 = DIRECTION ( 'NONE',  ( -0.000000000000000000, 1.000000000000000000, 0.000000000000000000 ) ) ;
#3566 = ORIENTED_EDGE ( 'NONE', *, *, #3112, .T. ) ;
#3567 = SURFACE_SIDE_STYLE ('',( #6019 ) ) ;
#3568 = AXIS2_PLACEMENT_3D ( 'NONE', #6359, #6911, #3773 ) ;
#3569 = DIRECTION ( 'NONE',  ( -0.000000000000000000, 1.000000000000000000, 0.000000000000000000 ) ) ;
#3570 = ORIENTED_EDGE ( 'NONE', *, *, #3775, .T. ) ;
#3571 = LINE ( 'NONE', #5990, #6847 ) ;
#3572 = ORIENTED_EDGE ( 'NONE', *, *, #4246, .T. ) ;
#3573 = ORIENTED_EDGE ( 'NONE', *, *, #3580, .F. ) ;
#3574 = CARTESIAN_POINT ( 'NONE',  ( 0.000000000000000000, 2.065549442140357073, -0.9000000000000005773 ) ) ;
#3575 = AXIS2_PLACEMENT_3D ( 'NONE', #484, #7265, #7294 ) ;
#3576 = UNCERTAINTY_MEASURE_WITH_UNIT (LENGTH_MEASURE( 1.000000000000000082E-05 ), #316, 'distance_accuracy_value', 'NONE');
#3577 = AXIS2_PLACEMENT_3D ( 'NONE', #5481, #6222, #7947 ) ;
#3578 = CARTESIAN_POINT ( 'NONE',  ( -1.199999999999999956, 1.000000000000000000, 1.199999999999997957 ) ) ;
#3579 = EDGE_CURVE ( 'NONE', #5164, #3334, #2426, .T. ) ;
#3580 = EDGE_CURVE ( 'NONE', #2645, #1569, #2542, .T. ) ;
#3581 = DIRECTION ( 'NONE',  ( -0.000000000000000000, -1.000000000000000000, 0.000000000000000000 ) ) ;
#3582 = ORIENTED_EDGE ( 'NONE', *, *, #2697, .F. ) ;
#3583 = FILL_AREA_STYLE ('',( #6671 ) ) ;
#3584 = VECTOR ( 'NONE', #1424, 1000.000000000000000 ) ;
#3585 = SURFACE_STYLE_USAGE ( .BOTH. , #4189 ) ;
#3586 = DIRECTION ( 'NONE',  ( 0.000000000000000000, -1.000000000000000000, 0.000000000000000000 ) ) ;
#3587 = SURFACE_STYLE_FILL_AREA ( #915 ) ;
#3588 = STYLED_ITEM ( 'NONE', ( #712 ), #7591 ) ;
#3589 = PLANE ( 'NONE',  #178 ) ;
#3590 = EDGE_LOOP ( 'NONE', ( #6116, #6940, #4384, #3117, #1314, #1288, #793, #7130 ) ) ;
#3591 = EDGE_CURVE ( 'NONE', #4302, #5108, #5810, .T. ) ;
#3592 = PRESENTATION_LAYER_ASSIGNMENT (  '', '', ( #6196 ) ) ;
#3593 =( NAMED_UNIT ( * ) SI_UNIT ( $, .STERADIAN. ) SOLID_ANGLE_UNIT ( ) );
#3594 = VECTOR ( 'NONE', #3061, 1000.000000000000000 ) ;
#3595 = CARTESIAN_POINT ( 'NONE',  ( 1.499999999999999778, 0.4499999999999999001, 1.499999999999999556 ) ) ;
#3596 = FILL_AREA_STYLE ('',( #1101 ) ) ;
#3597 = EDGE_CURVE ( 'NONE', #4421, #3307, #473, .T. ) ;
#3598 =( NAMED_UNIT ( * ) SI_UNIT ( $, .STERADIAN. ) SOLID_ANGLE_UNIT ( ) );
#3599 = VECTOR ( 'NONE', #2404, 1000.000000000000000 ) ;
#3600 = DIRECTION ( 'NONE',  ( 1.000000000000000000, 0.000000000000000000, 0.000000000000000000 ) ) ;
#3601 = CARTESIAN_POINT ( 'NONE',  ( -1.400000000000000133, 0.4500000000000000666, -1.399999999999999689 ) ) ;
#3602 = ORIENTED_EDGE ( 'NONE', *, *, #6526, .F. ) ;
#3603 = PRESENTATION_STYLE_ASSIGNMENT (( #429 ) ) ;
#3604 =( LENGTH_UNIT ( ) NAMED_UNIT ( * ) SI_UNIT ( .MILLI., .METRE. ) );
#3605 = CARTESIAN_POINT ( 'NONE',  ( -1.200000000000000178, 0.9000000000000001332, -1.499999999999999112 ) ) ;
#3606 = VECTOR ( 'NONE', #3557, 1000.000000000000000 ) ;
#3607 = FILL_AREA_STYLE ('',( #1160 ) ) ;
#3608 = AXIS2_PLACEMENT_3D ( 'NONE', #247, #3278, #1504 ) ;
#3609 = DIRECTION ( 'NONE',  ( 0.000000000000000000, -0.000000000000000000, 1.000000000000000000 ) ) ;
#3610 = PRESENTATION_STYLE_ASSIGNMENT (( #6656 ) ) ;
#3611 = CIRCLE ( 'NONE', #5834, 0.2000000000000000944 ) ;
#3612 = ORIENTED_EDGE ( 'NONE', *, *, #7213, .F. ) ;
#3613 = CARTESIAN_POINT ( 'NONE',  ( 0.1499999999999998279, 0.4500000000000000666, 1.500000000000000222 ) ) ;
#3614 = VERTEX_POINT ( 'NONE', #1339 ) ;
#3615 = ORIENTED_EDGE ( 'NONE', *, *, #3683, .F. ) ;
#3616 = DIRECTION ( 'NONE',  ( 0.000000000000000000, 0.000000000000000000, 1.000000000000000000 ) ) ;
#3617 =( NAMED_UNIT ( * ) PLANE_ANGLE_UNIT ( ) SI_UNIT ( $, .RADIAN. ) );
#3618 = COLOUR_RGB ( '',0.7529411764705882248, 0.7529411764705882248, 0.7529411764705882248 ) ;
#3619 = UNCERTAINTY_MEASURE_WITH_UNIT (LENGTH_MEASURE( 1.000000000000000082E-05 ), #5400, 'distance_accuracy_value', 'NONE');
#3620 = CARTESIAN_POINT ( 'NONE',  ( -1.475000000000000089, 2.065549442140357073, 0.3000000000000007105 ) ) ;
#3621 = AXIS2_PLACEMENT_3D ( 'NONE', #803, #5731, #2718 ) ;
#3622 = CARTESIAN_POINT ( 'NONE',  ( 1.499999999999999778, 0.000000000000000000, 1.499999999999999556 ) ) ;
#3623 = CYLINDRICAL_SURFACE ( 'NONE', #6964, 0.1750000000000000167 ) ;
#3624 = DIRECTION ( 'NONE',  ( 0.000000000000000000, -0.000000000000000000, 1.000000000000000000 ) ) ;
#3625 = VECTOR ( 'NONE', #6718, 1000.000000000000000 ) ;
#3626 = ORIENTED_EDGE ( 'NONE', *, *, #2225, .T. ) ;
#3627 = DIRECTION ( 'NONE',  ( 0.000000000000000000, 0.000000000000000000, 1.000000000000000000 ) ) ;
#3628 = DIRECTION ( 'NONE',  ( 1.000000000000000000, 0.000000000000000000, -0.000000000000000000 ) ) ;
#3629 = ADVANCED_FACE ( 'NONE', ( #6840 ), #1267, .T. ) ;
#3630 = EDGE_LOOP ( 'NONE', ( #3349, #3749, #7921, #5207 ) ) ;
#3631 = VECTOR ( 'NONE', #1157, 1000.000000000000000 ) ;
#3632 = AXIS2_PLACEMENT_3D ( 'NONE', #2572, #573, #6233 ) ;
#3633 = DIRECTION ( 'NONE',  ( 1.000000000000000000, -0.000000000000000000, 0.000000000000000000 ) ) ;
#3634 = DIRECTION ( 'NONE',  ( 1.000000000000000000, 0.000000000000000000, 0.000000000000000000 ) ) ;
#3635 = EDGE_CURVE ( 'NONE', #10, #1522, #6453, .T. ) ;
#3636 = VECTOR ( 'NONE', #4884, 1000.000000000000000 ) ;
#3637 = EDGE_CURVE ( 'NONE', #6786, #3042, #5153, .T. ) ;
#3638 = FILL_AREA_STYLE ('',( #7088 ) ) ;
#3639 = MECHANICAL_DESIGN_GEOMETRIC_PRESENTATION_REPRESENTATION (  '', ( #5455 ), #4682 ) ;
#3640 = DIRECTION ( 'NONE',  ( -0.000000000000000000, 0.000000000000000000, -1.000000000000000000 ) ) ;
#3641 = VERTEX_POINT ( 'NONE', #7083 ) ;
#3642 = FILL_AREA_STYLE ('',( #6160 ) ) ;
#3643 = EDGE_CURVE ( 'NONE', #1315, #7032, #943, .T. ) ;
#3644 = VECTOR ( 'NONE', #1904, 1000.000000000000000 ) ;
#3645 = PRESENTATION_STYLE_ASSIGNMENT (( #6162 ) ) ;
#3646 = SURFACE_STYLE_USAGE ( .BOTH. , #6588 ) ;
#3647 = CARTESIAN_POINT ( 'NONE',  ( 1.354591185036654988, 0.9000000000000003553, -1.469132017898114873 ) ) ;
#3648 = ORIENTED_EDGE ( 'NONE', *, *, #5432, .F. ) ;
#3649 = LINE ( 'NONE', #2480, #2972 ) ;
#3650 = ORIENTED_EDGE ( 'NONE', *, *, #6085, .T. ) ;
#3651 = EDGE_CURVE ( 'NONE', #7179, #4248, #4527, .T. ) ;
#3652 = ORIENTED_EDGE ( 'NONE', *, *, #2412, .T. ) ;
#3653 = SURFACE_STYLE_FILL_AREA ( #7335 ) ;
#3654 = FACE_OUTER_BOUND ( 'NONE', #3741, .T. ) ;
#3655 = UNCERTAINTY_MEASURE_WITH_UNIT (LENGTH_MEASURE( 1.000000000000000082E-05 ), #5555, 'distance_accuracy_value', 'NONE');
#3656 =( NAMED_UNIT ( * ) SI_UNIT ( $, .STERADIAN. ) SOLID_ANGLE_UNIT ( ) );
#3657 = CARTESIAN_POINT ( 'NONE',  ( 0.7499999999999991118, 0.4500000000000000666, 0.000000000000000000 ) ) ;
#3658 =( NAMED_UNIT ( * ) PLANE_ANGLE_UNIT ( ) SI_UNIT ( $, .RADIAN. ) );
#3659 = FILL_AREA_STYLE_COLOUR ( '', #2343 ) ;
#3660 = DIRECTION ( 'NONE',  ( 1.000000000000000000, 0.000000000000000000, 0.000000000000000000 ) ) ;
#3661 = ORIENTED_EDGE ( 'NONE', *, *, #661, .F. ) ;
#3662 = CARTESIAN_POINT ( 'NONE',  ( -1.500000000000000222, 0.000000000000000000, -1.500000000000000444 ) ) ;
#3663 = AXIS2_PLACEMENT_3D ( 'NONE', #5811, #3412, #3374 ) ;
#3664 = LINE ( 'NONE', #618, #4536 ) ;
#3665 = DIRECTION ( 'NONE',  ( -1.000000000000000000, 0.000000000000000000, 0.000000000000000000 ) ) ;
#3666 = UNCERTAINTY_MEASURE_WITH_UNIT (LENGTH_MEASURE( 1.000000000000000082E-05 ), #5710, 'distance_accuracy_value', 'NONE');
#3667 =( NAMED_UNIT ( * ) PLANE_ANGLE_UNIT ( ) SI_UNIT ( $, .RADIAN. ) );
#3668 = ORIENTED_EDGE ( 'NONE', *, *, #4371, .T. ) ;
#3669 = PRESENTATION_LAYER_ASSIGNMENT (  '', '', ( #7166 ) ) ;
#3670 = CYLINDRICAL_SURFACE ( 'NONE', #857, 0.1500000000000301092 ) ;
#3671 = FILL_AREA_STYLE_COLOUR ( '', #4253 ) ;
#3672 = DIRECTION ( 'NONE',  ( 0.000000000000000000, 0.000000000000000000, -1.000000000000000000 ) ) ;
#3673 = COLOUR_RGB ( '',0.2509803921568627416, 0.2509803921568627416, 0.2509803921568627416 ) ;
#3674 = EDGE_CURVE ( 'NONE', #605, #2851, #3872, .T. ) ;
#3675 = PRESENTATION_LAYER_ASSIGNMENT (  '', '', ( #4586 ) ) ;
#3676 = CARTESIAN_POINT ( 'NONE',  ( 1.475000000000000311, 0.4499999999999999001, 0.9000000000000005773 ) ) ;
#3677 = ORIENTED_EDGE ( 'NONE', *, *, #6678, .T. ) ;
#3678 = SURFACE_SIDE_STYLE ('',( #1800 ) ) ;
#3679 = PRESENTATION_STYLE_ASSIGNMENT (( #3035 ) ) ;
#3680 = STYLED_ITEM ( 'NONE', ( #4875 ), #5185 ) ;
#3681 =( NAMED_UNIT ( * ) SI_UNIT ( $, .STERADIAN. ) SOLID_ANGLE_UNIT ( ) );
#3682 = DIRECTION ( 'NONE',  ( 0.000000000000000000, 0.000000000000000000, -1.000000000000000000 ) ) ;
#3683 = EDGE_CURVE ( 'NONE', #4302, #868, #3443, .T. ) ;
#3684 = MECHANICAL_DESIGN_GEOMETRIC_PRESENTATION_REPRESENTATION (  '', ( #1863 ), #5916 ) ;
#3685 = ORIENTED_EDGE ( 'NONE', *, *, #3975, .T. ) ;
#3686 = DIRECTION ( 'NONE',  ( 1.807003620809174632E-16, 0.000000000000000000, -1.000000000000000000 ) ) ;
#3687 = ORIENTED_EDGE ( 'NONE', *, *, #1507, .F. ) ;
#3688 = VERTEX_POINT ( 'NONE', #169 ) ;
#3689 = CARTESIAN_POINT ( 'NONE',  ( 0.000000000000000000, 0.4500000000000000666, -1.499999999999999778 ) ) ;
#3690 = DIRECTION ( 'NONE',  ( 1.000000000000000000, 0.000000000000000000, -1.156482317317871133E-15 ) ) ;
#3691 = COLOUR_RGB ( '',0.7529411764705882248, 0.7529411764705882248, 0.7529411764705882248 ) ;
#3692 = EDGE_CURVE ( 'NONE', #1968, #5702, #297, .T. ) ;
#3693 = COLOUR_RGB ( '',1.000000000000000000, 0.8117647058823529438, 0.5019607843137254832 ) ;
#3694 = FILL_AREA_STYLE ('',( #7997 ) ) ;
#3695 = SURFACE_SIDE_STYLE ('',( #6268 ) ) ;
#3696 = ORIENTED_EDGE ( 'NONE', *, *, #4372, .F. ) ;
#3697 = CARTESIAN_POINT ( 'NONE',  ( 1.199999999999999734, 1.100000000000000089, 1.199999999999997735 ) ) ;
#3698 = DIRECTION ( 'NONE',  ( -1.000000000000000000, -0.000000000000000000, -0.000000000000000000 ) ) ;
#3699 = MECHANICAL_DESIGN_GEOMETRIC_PRESENTATION_REPRESENTATION (  '', ( #1615 ), #3060 ) ;
#3700 = LINE ( 'NONE', #2413, #5261 ) ;
#3701 = ORIENTED_EDGE ( 'NONE', *, *, #5348, .F. ) ;
#3702 = COLOUR_RGB ( '',0.2509803921568627416, 0.2509803921568627416, 0.2509803921568627416 ) ;
#3703 = LINE ( 'NONE', #622, #6298 ) ;
#3704 =( NAMED_UNIT ( * ) SI_UNIT ( $, .STERADIAN. ) SOLID_ANGLE_UNIT ( ) );
#3705 =( NAMED_UNIT ( * ) PLANE_ANGLE_UNIT ( ) SI_UNIT ( $, .RADIAN. ) );
#3706 =( GEOMETRIC_REPRESENTATION_CONTEXT ( 3 ) GLOBAL_UNCERTAINTY_ASSIGNED_CONTEXT ( ( #3012 ) ) GLOBAL_UNIT_ASSIGNED_CONTEXT ( ( #3164, #5021, #6251 ) ) REPRESENTATION_CONTEXT ( 'NONE', 'WORKASPACE' ) );
#3707 = COLOUR_RGB ( '',1.000000000000000000, 0.8117647058823529438, 0.5019607843137254832 ) ;
#3708 = EDGE_LOOP ( 'NONE', ( #2027, #5739, #4360, #966 ) ) ;
#3709 = DIRECTION ( 'NONE',  ( 0.000000000000000000, 0.000000000000000000, -1.000000000000000000 ) ) ;
#3710 = VECTOR ( 'NONE', #5927, 1000.000000000000000 ) ;
#3711 = ORIENTED_EDGE ( 'NONE', *, *, #752, .T. ) ;
#3712 = SURFACE_STYLE_FILL_AREA ( #5556 ) ;
#3713 = AXIS2_PLACEMENT_3D ( 'NONE', #2517, #6338, #7413 ) ;
#3714 =( NAMED_UNIT ( * ) SI_UNIT ( $, .STERADIAN. ) SOLID_ANGLE_UNIT ( ) );
#3715 = EDGE_CURVE ( 'NONE', #3056, #1872, #7993, .T. ) ;
#3716 = STYLED_ITEM ( 'NONE', ( #2974 ), #3302 ) ;
#3717 = CYLINDRICAL_SURFACE ( 'NONE', #3541, 0.1499999999999999667 ) ;
#3718 = DIRECTION ( 'NONE',  ( 0.000000000000000000, -1.000000000000000000, 0.000000000000000000 ) ) ;
#3719 = ORIENTED_EDGE ( 'NONE', *, *, #5575, .T. ) ;
#3720 = FILL_AREA_STYLE_COLOUR ( '', #891 ) ;
#3721 = ORIENTED_EDGE ( 'NONE', *, *, #4684, .T. ) ;
#3722 = ORIENTED_EDGE ( 'NONE', *, *, #1849, .F. ) ;
#3723 = DIRECTION ( 'NONE',  ( -5.421010862427523156E-16, 0.000000000000000000, -1.000000000000000000 ) ) ;
#3724 = DIRECTION ( 'NONE',  ( -0.000000000000000000, 1.000000000000000000, 0.000000000000000000 ) ) ;
#3725 = AXIS2_PLACEMENT_3D ( 'NONE', #5711, #7356, #7396 ) ;
#3726 = EDGE_CURVE ( 'NONE', #7565, #4538, #2624, .T. ) ;
#3727 = PRESENTATION_STYLE_ASSIGNMENT (( #3224 ) ) ;
#3728 = DIRECTION ( 'NONE',  ( 0.000000000000000000, 0.000000000000000000, -1.000000000000000000 ) ) ;
#3729 = MECHANICAL_DESIGN_GEOMETRIC_PRESENTATION_REPRESENTATION (  '', ( #5830 ), #4383 ) ;
#3730 = SURFACE_SIDE_STYLE ('',( #2488 ) ) ;
#3731 = ORIENTED_EDGE ( 'NONE', *, *, #5120, .F. ) ;
#3732 = DIRECTION ( 'NONE',  ( 0.000000000000000000, 0.000000000000000000, -1.000000000000000000 ) ) ;
#3733 = ORIENTED_EDGE ( 'NONE', *, *, #1348, .F. ) ;
#3734 = FILL_AREA_STYLE_COLOUR ( '', #1011 ) ;
#3735 = SURFACE_STYLE_USAGE ( .BOTH. , #7425 ) ;
#3736 = LINE ( 'NONE', #6147, #5855 ) ;
#3737 = EDGE_CURVE ( 'NONE', #6622, #5586, #7730, .T. ) ;
#3738 =( NAMED_UNIT ( * ) PLANE_ANGLE_UNIT ( ) SI_UNIT ( $, .RADIAN. ) );
#3739 = CIRCLE ( 'NONE', #5975, 0.1499999999999999667 ) ;
#3740 = FILL_AREA_STYLE_COLOUR ( '', #1341 ) ;
#3741 = EDGE_LOOP ( 'NONE', ( #4259, #6229, #397, #7394, #4175, #1268, #2526, #4670, #6351, #4009, #6104, #3839 ) ) ;
#3742 = VECTOR ( 'NONE', #1979, 1000.000000000000000 ) ;
#3743 = PRESENTATION_LAYER_ASSIGNMENT (  '', '', ( #4916 ) ) ;
#3744 = AXIS2_PLACEMENT_3D ( 'NONE', #7518, #3113, #7433 ) ;
#3745 =( LENGTH_UNIT ( ) NAMED_UNIT ( * ) SI_UNIT ( .MILLI., .METRE. ) );
#3746 =( NAMED_UNIT ( * ) PLANE_ANGLE_UNIT ( ) SI_UNIT ( $, .RADIAN. ) );
#3747 = CARTESIAN_POINT ( 'NONE',  ( 1.499999999999999778, 0.000000000000000000, 3.122502256758252770E-14 ) ) ;
#3748 =( GEOMETRIC_REPRESENTATION_CONTEXT ( 3 ) GLOBAL_UNCERTAINTY_ASSIGNED_CONTEXT ( ( #2551 ) ) GLOBAL_UNIT_ASSIGNED_CONTEXT ( ( #1630, #5349, #1060 ) ) REPRESENTATION_CONTEXT ( 'NONE', 'WORKASPACE' ) );
#3749 = ORIENTED_EDGE ( 'NONE', *, *, #5432, .T. ) ;
#3750 = CARTESIAN_POINT ( 'NONE',  ( 1.399999999999999689, 0.9000000000000002442, 1.400000000000000133 ) ) ;
#3751 = DIRECTION ( 'NONE',  ( 0.000000000000000000, 1.000000000000000000, 0.000000000000000000 ) ) ;
#3752 = MECHANICAL_DESIGN_GEOMETRIC_PRESENTATION_REPRESENTATION (  '', ( #6099 ), #6875 ) ;
#3753 = EDGE_LOOP ( 'NONE', ( #2636, #3796, #6673, #7818 ) ) ;
#3754 =( NAMED_UNIT ( * ) SI_UNIT ( $, .STERADIAN. ) SOLID_ANGLE_UNIT ( ) );
#3755 = UNCERTAINTY_MEASURE_WITH_UNIT (LENGTH_MEASURE( 1.000000000000000082E-05 ), #6328, 'distance_accuracy_value', 'NONE');
#3756 = AXIS2_PLACEMENT_3D ( 'NONE', #7113, #2769, #6951 ) ;
#3757 = LINE ( 'NONE', #7448, #6937 ) ;
#3758 = COLOUR_RGB ( '',0.2509803921568627416, 0.2509803921568627416, 0.2509803921568627416 ) ;
#3759 = ORIENTED_EDGE ( 'NONE', *, *, #4919, .T. ) ;
#3760 = PRESENTATION_STYLE_ASSIGNMENT (( #7055 ) ) ;
#3761 = VERTEX_POINT ( 'NONE', #3953 ) ;
#3762 = DIRECTION ( 'NONE',  ( 1.548860246407863583E-16, -0.000000000000000000, 1.000000000000000000 ) ) ;
#3763 = DIRECTION ( 'NONE',  ( 0.000000000000000000, -1.000000000000000000, 0.000000000000000000 ) ) ;
#3764 = CYLINDRICAL_SURFACE ( 'NONE', #3371, 0.1750000000000310196 ) ;
#3765 = EDGE_CURVE ( 'NONE', #7153, #1872, #3407, .T. ) ;
#3766 = FILL_AREA_STYLE ('',( #4612 ) ) ;
#3767 = ADVANCED_FACE ( 'NONE', ( #5224 ), #5884, .T. ) ;
#3768 = VERTEX_POINT ( 'NONE', #5801 ) ;
#3769 = LINE ( 'NONE', #6228, #1294 ) ;
#3770 = ORIENTED_EDGE ( 'NONE', *, *, #7098, .F. ) ;
#3771 = CARTESIAN_POINT ( 'NONE',  ( 1.326794919243081905, 0.4499999999999999001, 1.474999999999999645 ) ) ;
#3772 = DIRECTION ( 'NONE',  ( 5.421010862427523156E-16, 0.000000000000000000, -1.000000000000000000 ) ) ;
#3773 = DIRECTION ( 'NONE',  ( 0.000000000000000000, 0.000000000000000000, -1.000000000000000000 ) ) ;
#3774 = ORIENTED_EDGE ( 'NONE', *, *, #193, .T. ) ;
#3775 = EDGE_CURVE ( 'NONE', #4460, #3228, #5188, .T. ) ;
#3776 = CYLINDRICAL_SURFACE ( 'NONE', #1230, 0.1000000000000000472 ) ;
#3777 = LINE ( 'NONE', #623, #3186 ) ;
#3778 = DIRECTION ( 'NONE',  ( 0.000000000000000000, 0.000000000000000000, -1.000000000000000000 ) ) ;
#3779 = DIRECTION ( 'NONE',  ( 0.000000000000000000, 0.000000000000000000, -1.000000000000000000 ) ) ;
#3780 = ORIENTED_EDGE ( 'NONE', *, *, #3965, .F. ) ;
#3781 =( NAMED_UNIT ( * ) PLANE_ANGLE_UNIT ( ) SI_UNIT ( $, .RADIAN. ) );
#3782 = LINE ( 'NONE', #2588, #5617 ) ;
#3783 = EDGE_CURVE ( 'NONE', #4881, #3218, #2255, .T. ) ;
#3784 = DIRECTION ( 'NONE',  ( 0.000000000000000000, 0.000000000000000000, -1.000000000000000000 ) ) ;
#3785 = ORIENTED_EDGE ( 'NONE', *, *, #105, .T. ) ;
#3786 = AXIS2_PLACEMENT_3D ( 'NONE', #1450, #5208, #4091 ) ;
#3787 = SURFACE_SIDE_STYLE ('',( #7944 ) ) ;
#3788 =( NAMED_UNIT ( * ) PLANE_ANGLE_UNIT ( ) SI_UNIT ( $, .RADIAN. ) );
#3789 = UNCERTAINTY_MEASURE_WITH_UNIT (LENGTH_MEASURE( 1.000000000000000082E-05 ), #973, 'distance_accuracy_value', 'NONE');
#3790 = FILL_AREA_STYLE ('',( #4406 ) ) ;
#3791 = CARTESIAN_POINT ( 'NONE',  ( 0.000000000000000000, 0.4500000000000000666, 0.000000000000000000 ) ) ;
#3792 =( NAMED_UNIT ( * ) PLANE_ANGLE_UNIT ( ) SI_UNIT ( $, .RADIAN. ) );
#3793 = SURFACE_STYLE_FILL_AREA ( #7531 ) ;
#3794 = VERTEX_POINT ( 'NONE', #5309 ) ;
#3795 =( LENGTH_UNIT ( ) NAMED_UNIT ( * ) SI_UNIT ( .MILLI., .METRE. ) );
#3796 = ORIENTED_EDGE ( 'NONE', *, *, #396, .T. ) ;
#3797 = ORIENTED_EDGE ( 'NONE', *, *, #5841, .T. ) ;
#3799 = STYLED_ITEM ( 'NONE', ( #1696 ), #5237 ) ;
#3798 = DIRECTION ( 'NONE',  ( -0.000000000000000000, 1.000000000000000000, 0.000000000000000000 ) ) ;
#3800 =( NAMED_UNIT ( * ) SI_UNIT ( $, .STERADIAN. ) SOLID_ANGLE_UNIT ( ) );
#3801 = DIRECTION ( 'NONE',  ( 3.614007241618441955E-16, 0.000000000000000000, 1.000000000000000000 ) ) ;
#3802 = MECHANICAL_DESIGN_GEOMETRIC_PRESENTATION_REPRESENTATION (  '', ( #2270 ), #2138 ) ;
#3803 = VERTEX_POINT ( 'NONE', #2872 ) ;
#3804 =( NAMED_UNIT ( * ) PLANE_ANGLE_UNIT ( ) SI_UNIT ( $, .RADIAN. ) );
#3805 = ORIENTED_EDGE ( 'NONE', *, *, #2543, .F. ) ;
#3806 = VECTOR ( 'NONE', #7042, 1000.000000000000000 ) ;
#3807 =( GEOMETRIC_REPRESENTATION_CONTEXT ( 3 ) GLOBAL_UNCERTAINTY_ASSIGNED_CONTEXT ( ( #268 ) ) GLOBAL_UNIT_ASSIGNED_CONTEXT ( ( #1888, #4445, #6213 ) ) REPRESENTATION_CONTEXT ( 'NONE', 'WORKASPACE' ) );
#3808 = EDGE_CURVE ( 'NONE', #5332, #7022, #4240, .T. ) ;
#3809 =( GEOMETRIC_REPRESENTATION_CONTEXT ( 3 ) GLOBAL_UNCERTAINTY_ASSIGNED_CONTEXT ( ( #7392 ) ) GLOBAL_UNIT_ASSIGNED_CONTEXT ( ( #7117, #7678, #3398 ) ) REPRESENTATION_CONTEXT ( 'NONE', 'WORKASPACE' ) );
#3810 = UNCERTAINTY_MEASURE_WITH_UNIT (LENGTH_MEASURE( 1.000000000000000082E-05 ), #1087, 'distance_accuracy_value', 'NONE');
#3811 = CARTESIAN_POINT ( 'NONE',  ( 0.7499999999999997780, 0.4500000000000001221, -0.9000000000000005773 ) ) ;
#3812 = ORIENTED_EDGE ( 'NONE', *, *, #5536, .F. ) ;
#3813 = PRESENTATION_LAYER_ASSIGNMENT (  '', '', ( #4861 ) ) ;
#3814 = SURFACE_SIDE_STYLE ('',( #2775 ) ) ;
#3815 = VECTOR ( 'NONE', #7024, 1000.000000000000000 ) ;
#3816 =( NAMED_UNIT ( * ) SI_UNIT ( $, .STERADIAN. ) SOLID_ANGLE_UNIT ( ) );
#3817 = CARTESIAN_POINT ( 'NONE',  ( 1.475000000000000311, 0.4500000000000000666, 0.3000000000000002109 ) ) ;
#3818 = UNCERTAINTY_MEASURE_WITH_UNIT (LENGTH_MEASURE( 1.000000000000000082E-05 ), #2330, 'distance_accuracy_value', 'NONE');
#3819 =( GEOMETRIC_REPRESENTATION_CONTEXT ( 3 ) GLOBAL_UNCERTAINTY_ASSIGNED_CONTEXT ( ( #3789 ) ) GLOBAL_UNIT_ASSIGNED_CONTEXT ( ( #973, #3396, #7834 ) ) REPRESENTATION_CONTEXT ( 'NONE', 'WORKASPACE' ) );
#3820 = EDGE_CURVE ( 'NONE', #2703, #1043, #7476, .T. ) ;
#3821 = VERTEX_POINT ( 'NONE', #7928 ) ;
#3822 = COLOUR_RGB ( '',1.000000000000000000, 0.8117647058823529438, 0.5019607843137254832 ) ;
#3823 = CARTESIAN_POINT ( 'NONE',  ( -1.500000000000000222, 2.065549442140357073, 1.499999999999999556 ) ) ;
#3824 = PRESENTATION_LAYER_ASSIGNMENT (  '', '', ( #6690 ) ) ;
#3825 = LINE ( 'NONE', #5601, #7618 ) ;
#3826 = ORIENTED_EDGE ( 'NONE', *, *, #2902, .T. ) ;
#3827 = PRESENTATION_STYLE_ASSIGNMENT (( #1123 ) ) ;
#3828 = AXIS2_PLACEMENT_3D ( 'NONE', #3537, #4177, #6598 ) ;
#3829 = DIRECTION ( 'NONE',  ( 0.000000000000000000, -1.000000000000000000, -0.000000000000000000 ) ) ;
#3830 = SURFACE_SIDE_STYLE ('',( #1396 ) ) ;
#3831 = PRESENTATION_STYLE_ASSIGNMENT (( #1397 ) ) ;
#3832 = CIRCLE ( 'NONE', #6695, 0.1750000000000000167 ) ;
#3833 = ADVANCED_FACE ( 'NONE', ( #2903 ), #4159, .F. ) ;
#3834 = STYLED_ITEM ( 'NONE', ( #4928 ), #7639 ) ;
#3835 = DIRECTION ( 'NONE',  ( 0.000000000000000000, 0.000000000000000000, -1.000000000000000000 ) ) ;
#3836 = COLOUR_RGB ( '',1.000000000000000000, 0.8117647058823529438, 0.5019607843137254832 ) ;
#3837 = CARTESIAN_POINT ( 'NONE',  ( -0.1749999999999998501, 0.4500000000000000666, -1.499999999999999778 ) ) ;
#3838 =( NAMED_UNIT ( * ) SI_UNIT ( $, .STERADIAN. ) SOLID_ANGLE_UNIT ( ) );
#3839 = ORIENTED_EDGE ( 'NONE', *, *, #1485, .F. ) ;
#3840 = CARTESIAN_POINT ( 'NONE',  ( 1.475000000000000311, 0.4500000000000001221, 0.3000000000000000999 ) ) ;
#3841 = ORIENTED_EDGE ( 'NONE', *, *, #3919, .F. ) ;
#3842 = ORIENTED_EDGE ( 'NONE', *, *, #5767, .F. ) ;
#3843 = CARTESIAN_POINT ( 'NONE',  ( -0.7499999999999994449, 2.065549442140357073, -0.2999999999999999334 ) ) ;
#3844 = DIRECTION ( 'NONE',  ( 5.421010862427523156E-16, 0.000000000000000000, -1.000000000000000000 ) ) ;
#3845 = UNCERTAINTY_MEASURE_WITH_UNIT (LENGTH_MEASURE( 1.000000000000000082E-05 ), #4619, 'distance_accuracy_value', 'NONE');
#3846 = VECTOR ( 'NONE', #5845, 1000.000000000000000 ) ;
#3847 = SURFACE_STYLE_USAGE ( .BOTH. , #2485 ) ;
#3848 = FILL_AREA_STYLE ('',( #6900 ) ) ;
#3849 = FILL_AREA_STYLE_COLOUR ( '', #3563 ) ;
#3850 = VERTEX_POINT ( 'NONE', #3519 ) ;
#3851 = SURFACE_STYLE_USAGE ( .BOTH. , #6948 ) ;
#3852 = EDGE_LOOP ( 'NONE', ( #6808, #5480, #6505, #892 ) ) ;
#3853 = CARTESIAN_POINT ( 'NONE',  ( 1.499999999999999778, 0.000000000000000000, 3.122502256758252770E-14 ) ) ;
#3854 = DIRECTION ( 'NONE',  ( 0.000000000000000000, 0.000000000000000000, 1.000000000000000000 ) ) ;
#3855 = CARTESIAN_POINT ( 'NONE',  ( -1.500000000000000222, 0.000000000000000000, -0.1750000000000000722 ) ) ;
#3856 = VECTOR ( 'NONE', #6266, 1000.000000000000000 ) ;
#3857 = LINE ( 'NONE', #7474, #6047 ) ;
#3858 = ORIENTED_EDGE ( 'NONE', *, *, #3897, .F. ) ;
#3859 = AXIS2_PLACEMENT_3D ( 'NONE', #5000, #1954, #616 ) ;
#3860 = DIRECTION ( 'NONE',  ( 0.000000000000000000, -1.000000000000000000, -0.000000000000000000 ) ) ;
#3861 = CARTESIAN_POINT ( 'NONE',  ( 0.7499999999999991118, 2.065549442140357073, 0.9000000000000005773 ) ) ;
#3862 = MECHANICAL_DESIGN_GEOMETRIC_PRESENTATION_REPRESENTATION (  '', ( #7359 ), #5430 ) ;
#3863 = DIRECTION ( 'NONE',  ( 0.000000000000000000, 0.000000000000000000, 1.000000000000000000 ) ) ;
#3864 = CARTESIAN_POINT ( 'NONE',  ( 0.000000000000000000, 0.000000000000000000, 0.3000000000000004330 ) ) ;
#3865 = STYLED_ITEM ( 'NONE', ( #4712 ), #1786 ) ;
#3866 = PRESENTATION_STYLE_ASSIGNMENT (( #130 ) ) ;
#3867 =( LENGTH_UNIT ( ) NAMED_UNIT ( * ) SI_UNIT ( .MILLI., .METRE. ) );
#3868 = ORIENTED_EDGE ( 'NONE', *, *, #2742, .T. ) ;
#3869 = MECHANICAL_DESIGN_GEOMETRIC_PRESENTATION_REPRESENTATION (  '', ( #7489 ), #5840 ) ;
#3870 = SURFACE_STYLE_USAGE ( .BOTH. , #6032 ) ;
#3871 = CARTESIAN_POINT ( 'NONE',  ( -1.232363423129054558, 1.100000000000000089, -1.061983382606559445 ) ) ;
#3872 = LINE ( 'NONE', #6495, #2028 ) ;
#3873 = EDGE_CURVE ( 'NONE', #6710, #5292, #2338, .T. ) ;
#3874 = EDGE_CURVE ( 'NONE', #4140, #299, #2828, .T. ) ;
#3875 = ORIENTED_EDGE ( 'NONE', *, *, #6795, .T. ) ;
#3876 =( NAMED_UNIT ( * ) PLANE_ANGLE_UNIT ( ) SI_UNIT ( $, .RADIAN. ) );
#3877 = CARTESIAN_POINT ( 'NONE',  ( -1.475000000000000089, 2.065549442140357073, 0.9000000000000005773 ) ) ;
#3878 =( NAMED_UNIT ( * ) SI_UNIT ( $, .STERADIAN. ) SOLID_ANGLE_UNIT ( ) );
#3879 = STYLED_ITEM ( 'NONE', ( #7598 ), #6755 ) ;
#3880 = VECTOR ( 'NONE', #5947, 1000.000000000000000 ) ;
#3881 = FACE_OUTER_BOUND ( 'NONE', #6406, .T. ) ;
#3882 = CARTESIAN_POINT ( 'NONE',  ( 0.7499999999999992228, 0.4500000000000000666, 1.474999999999999645 ) ) ;
#3883 = EDGE_CURVE ( 'NONE', #4428, #6103, #6004, .T. ) ;
#3884 = EDGE_LOOP ( 'NONE', ( #2966, #4089, #5507, #2965 ) ) ;
#3885 = SURFACE_STYLE_FILL_AREA ( #4576 ) ;
#3886 = ORIENTED_EDGE ( 'NONE', *, *, #2164, .F. ) ;
#3887 = ORIENTED_EDGE ( 'NONE', *, *, #1507, .T. ) ;
#3888 = LINE ( 'NONE', #4578, #586 ) ;
#3889 = CARTESIAN_POINT ( 'NONE',  ( 0.000000000000000000, 0.4500000000000000666, 0.000000000000000000 ) ) ;
#3890 = CIRCLE ( 'NONE', #4154, 0.04999999999999991257 ) ;
#3891 = PRESENTATION_LAYER_ASSIGNMENT (  '', '', ( #7383 ) ) ;
#3892 = SURFACE_STYLE_FILL_AREA ( #186 ) ;
#3893 = ORIENTED_EDGE ( 'NONE', *, *, #2697, .T. ) ;
#3894 = CARTESIAN_POINT ( 'NONE',  ( 1.199999999999999734, 1.000000000000000000, -1.499999999999998002 ) ) ;
#3895 = CARTESIAN_POINT ( 'NONE',  ( 0.1499999999999998279, 0.4500000000000000666, 1.500000000000000222 ) ) ;
#3896 = VECTOR ( 'NONE', #161, 1000.000000000000000 ) ;
#3897 = EDGE_CURVE ( 'NONE', #1454, #6734, #5382, .T. ) ;
#3898 = ORIENTED_EDGE ( 'NONE', *, *, #7899, .F. ) ;
#3899 = CARTESIAN_POINT ( 'NONE',  ( 1.199999999999999734, 0.9000000000000001332, -1.499999999999999556 ) ) ;
#3900 = ORIENTED_EDGE ( 'NONE', *, *, #6519, .T. ) ;
#3901 = CARTESIAN_POINT ( 'NONE',  ( -0.1732050807568898676, 2.065549442140357073, -1.475000000000000311 ) ) ;
#3902 = CARTESIAN_POINT ( 'NONE',  ( 1.324999999999969758, 0.000000000000000000, -1.499999999999999778 ) ) ;
#3903 = SURFACE_STYLE_FILL_AREA ( #1420 ) ;
#3904 = DIRECTION ( 'NONE',  ( 0.000000000000000000, 0.000000000000000000, -1.000000000000000000 ) ) ;
#3905 = UNCERTAINTY_MEASURE_WITH_UNIT (LENGTH_MEASURE( 1.000000000000000082E-05 ), #4000, 'distance_accuracy_value', 'NONE');
#3906 = FACE_OUTER_BOUND ( 'NONE', #1112, .T. ) ;
#3907 = FILL_AREA_STYLE_COLOUR ( '', #7264 ) ;
#3908 = LINE ( 'NONE', #289, #4905 ) ;
#3909 =( NAMED_UNIT ( * ) PLANE_ANGLE_UNIT ( ) SI_UNIT ( $, .RADIAN. ) );
#3910 = CARTESIAN_POINT ( 'NONE',  ( -1.475000000000000089, 0.000000000000000000, -1.326794919243112769 ) ) ;
#3911 = ORIENTED_EDGE ( 'NONE', *, *, #752, .F. ) ;
#3912 = DIRECTION ( 'NONE',  ( -1.000000000000000000, -0.000000000000000000, 0.000000000000000000 ) ) ;
#3913 =( LENGTH_UNIT ( ) NAMED_UNIT ( * ) SI_UNIT ( .MILLI., .METRE. ) );
#3914 = ORIENTED_EDGE ( 'NONE', *, *, #3597, .T. ) ;
#3915 = LINE ( 'NONE', #4074, #3064 ) ;
#3916 =( NAMED_UNIT ( * ) SI_UNIT ( $, .STERADIAN. ) SOLID_ANGLE_UNIT ( ) );
#3917 = CARTESIAN_POINT ( 'NONE',  ( -1.500000000000000222, 0.4500000000000000111, 0.1500000000000001887 ) ) ;
#3918 = VECTOR ( 'NONE', #1152, 1000.000000000000000 ) ;
#3919 = EDGE_CURVE ( 'NONE', #4545, #5106, #7163, .T. ) ;
#3920 = FACE_OUTER_BOUND ( 'NONE', #4930, .T. ) ;
#3921 = FILL_AREA_STYLE_COLOUR ( '', #1576 ) ;
#3922 = DIRECTION ( 'NONE',  ( 0.000000000000000000, -1.000000000000000000, 0.000000000000000000 ) ) ;
#3923 = LINE ( 'NONE', #5236, #609 ) ;
#3924 = EDGE_LOOP ( 'NONE', ( #4413, #131, #3222, #3516 ) ) ;
#3925 = VERTEX_POINT ( 'NONE', #7768 ) ;
#3926 = CARTESIAN_POINT ( 'NONE',  ( -0.1500000000000002442, 0.000000000000000000, 1.500000000000000222 ) ) ;
#3927 =( NAMED_UNIT ( * ) SI_UNIT ( $, .STERADIAN. ) SOLID_ANGLE_UNIT ( ) );
#3928 = DIRECTION ( 'NONE',  ( -0.000000000000000000, -1.000000000000000000, -0.000000000000000000 ) ) ;
#3929 = ORIENTED_EDGE ( 'NONE', *, *, #1246, .F. ) ;
#3930 = EDGE_CURVE ( 'NONE', #7183, #6496, #210, .T. ) ;
#3931 =( NAMED_UNIT ( * ) PLANE_ANGLE_UNIT ( ) SI_UNIT ( $, .RADIAN. ) );
#3932 = VERTEX_POINT ( 'NONE', #2296 ) ;
#3933 = COLOUR_RGB ( '',0.2509803921568627416, 0.2509803921568627416, 0.2509803921568627416 ) ;
#3934 = ORIENTED_EDGE ( 'NONE', *, *, #3919, .T. ) ;
#3935 = DIRECTION ( 'NONE',  ( -0.000000000000000000, 1.000000000000000000, -0.000000000000000000 ) ) ;
#3936 =( LENGTH_UNIT ( ) NAMED_UNIT ( * ) SI_UNIT ( .MILLI., .METRE. ) );
#3937 =( LENGTH_UNIT ( ) NAMED_UNIT ( * ) SI_UNIT ( .MILLI., .METRE. ) );
#3938 =( NAMED_UNIT ( * ) SI_UNIT ( $, .STERADIAN. ) SOLID_ANGLE_UNIT ( ) );
#3939 = ADVANCED_FACE ( 'NONE', ( #1588 ), #6569, .T. ) ;
#3940 = VECTOR ( 'NONE', #3281, 1000.000000000000000 ) ;
#3941 = FILL_AREA_STYLE_COLOUR ( '', #1362 ) ;
#3942 = DIRECTION ( 'NONE',  ( 0.000000000000000000, -1.000000000000000000, 0.000000000000000000 ) ) ;
#3943 = AXIS2_PLACEMENT_3D ( 'NONE', #6122, #3633, #697 ) ;
#3944 = LINE ( 'NONE', #5257, #877 ) ;
#3945 = AXIS2_PLACEMENT_3D ( 'NONE', #1686, #3569, #6057 ) ;
#3946 = PLANE ( 'NONE',  #1415 ) ;
#3947 = FACE_OUTER_BOUND ( 'NONE', #4079, .T. ) ;
#3948 = SURFACE_STYLE_FILL_AREA ( #1301 ) ;
#3949 = PRESENTATION_LAYER_ASSIGNMENT (  '', '', ( #3448 ) ) ;
#3950 =( LENGTH_UNIT ( ) NAMED_UNIT ( * ) SI_UNIT ( .MILLI., .METRE. ) );
#3951 = DIRECTION ( 'NONE',  ( 0.000000000000000000, 1.000000000000000000, 0.000000000000000000 ) ) ;
#3952 = CIRCLE ( 'NONE', #2921, 0.1750000000000000167 ) ;
#3953 = CARTESIAN_POINT ( 'NONE',  ( -1.500000000000000222, 0.4500000000000000111, -1.349999999999999867 ) ) ;
#3954 = VERTEX_POINT ( 'NONE', #5628 ) ;
#3955 = CARTESIAN_POINT ( 'NONE',  ( -1.200000000000002398, 0.9000000000000000222, 1.499999999999998224 ) ) ;
#3956 = COLOUR_RGB ( '',0.2509803921568627416, 0.2509803921568627416, 0.2509803921568627416 ) ;
#3957 = CARTESIAN_POINT ( 'NONE',  ( -1.326794919243112547, 2.065549442140357073, 1.474999999999999645 ) ) ;
#3958 = DIRECTION ( 'NONE',  ( 0.000000000000000000, -0.000000000000000000, 1.000000000000000000 ) ) ;
#3959 = PLANE ( 'NONE',  #3030 ) ;
#3960 = CIRCLE ( 'NONE', #4224, 0.04999999999999991257 ) ;
#3961 = DIRECTION ( 'NONE',  ( 1.000000000000000000, -0.000000000000000000, 0.000000000000000000 ) ) ;
#3962 = ORIENTED_EDGE ( 'NONE', *, *, #5961, .F. ) ;
#3963 =( NAMED_UNIT ( * ) PLANE_ANGLE_UNIT ( ) SI_UNIT ( $, .RADIAN. ) );
#3964 = VERTEX_POINT ( 'NONE', #43 ) ;
#3965 = EDGE_CURVE ( 'NONE', #1279, #4376, #6930, .T. ) ;
#3966 = LINE ( 'NONE', #5160, #5270 ) ;
#3967 = AXIS2_PLACEMENT_3D ( 'NONE', #1438, #221, #3958 ) ;
#3968 = CARTESIAN_POINT ( 'NONE',  ( -1.326794919243112769, 0.000000000000000000, -1.474999999999999645 ) ) ;
#3969 = VECTOR ( 'NONE', #7773, 1000.000000000000000 ) ;
#3970 = ORIENTED_EDGE ( 'NONE', *, *, #1495, .T. ) ;
#3971 = PRESENTATION_STYLE_ASSIGNMENT (( #7104 ) ) ;
#3972 =( NAMED_UNIT ( * ) SI_UNIT ( $, .STERADIAN. ) SOLID_ANGLE_UNIT ( ) );
#3973 = VERTEX_POINT ( 'NONE', #4395 ) ;
#3974 =( GEOMETRIC_REPRESENTATION_CONTEXT ( 3 ) GLOBAL_UNCERTAINTY_ASSIGNED_CONTEXT ( ( #2615 ) ) GLOBAL_UNIT_ASSIGNED_CONTEXT ( ( #4288, #6760, #749 ) ) REPRESENTATION_CONTEXT ( 'NONE', 'WORKASPACE' ) );
#3975 = EDGE_CURVE ( 'NONE', #3190, #7653, #173, .T. ) ;
#3976 = ORIENTED_EDGE ( 'NONE', *, *, #5466, .T. ) ;
#3977 = EDGE_CURVE ( 'NONE', #7653, #7007, #3777, .T. ) ;
#3978 = SURFACE_STYLE_USAGE ( .BOTH. , #1493 ) ;
#3979 =( NAMED_UNIT ( * ) SI_UNIT ( $, .STERADIAN. ) SOLID_ANGLE_UNIT ( ) );
#3980 = CARTESIAN_POINT ( 'NONE',  ( -1.474999999999999867, 0.000000000000000000, -0.3000000000000004885 ) ) ;
#3981 = SURFACE_STYLE_FILL_AREA ( #2892 ) ;
#3982 = CIRCLE ( 'NONE', #6979, 0.1750000000000000167 ) ;
#3983 =( NAMED_UNIT ( * ) SI_UNIT ( $, .STERADIAN. ) SOLID_ANGLE_UNIT ( ) );
#3984 = DIRECTION ( 'NONE',  ( -0.000000000000000000, -1.000000000000000000, -0.000000000000000000 ) ) ;
#3985 = ADVANCED_FACE ( 'NONE', ( #3192 ), #7431, .F. ) ;
#3986 = FILL_AREA_STYLE_COLOUR ( '', #95 ) ;
#3987 = DIRECTION ( 'NONE',  ( 0.000000000000000000, 0.000000000000000000, -1.000000000000000000 ) ) ;
#3988 = PRESENTATION_STYLE_ASSIGNMENT (( #825 ) ) ;
#3989 = CIRCLE ( 'NONE', #349, 0.1000000000000000472 ) ;
#3990 = ORIENTED_EDGE ( 'NONE', *, *, #6179, .F. ) ;
#3991 = VECTOR ( 'NONE', #4381, 1000.000000000000000 ) ;
#3992 = CARTESIAN_POINT ( 'NONE',  ( 1.500000000000001554, 0.9000000000000000222, -1.199999999999997957 ) ) ;
#3993 = UNCERTAINTY_MEASURE_WITH_UNIT (LENGTH_MEASURE( 1.000000000000000082E-05 ), #5609, 'distance_accuracy_value', 'NONE');
#3994 = DIRECTION ( 'NONE',  ( -0.000000000000000000, -1.000000000000000000, -0.000000000000000000 ) ) ;
#3995 = AXIS2_PLACEMENT_3D ( 'NONE', #5955, #5290, #3504 ) ;
#3996 = EDGE_CURVE ( 'NONE', #7756, #1993, #3154, .T. ) ;
#3997 = EDGE_LOOP ( 'NONE', ( #5458, #5121, #5034, #3722, #7627, #7985, #7688, #1724 ) ) ;
#3998 = CARTESIAN_POINT ( 'NONE',  ( -1.500000000000000222, 0.9000000000000000222, 1.199999999999997513 ) ) ;
#3999 = CARTESIAN_POINT ( 'NONE',  ( 1.499999999999999778, 0.000000000000000000, -3.122502256758252770E-14 ) ) ;
#4000 =( LENGTH_UNIT ( ) NAMED_UNIT ( * ) SI_UNIT ( .MILLI., .METRE. ) );
#4001 = MECHANICAL_DESIGN_GEOMETRIC_PRESENTATION_REPRESENTATION (  '', ( #5314 ), #7759 ) ;
#4002 =( NAMED_UNIT ( * ) SI_UNIT ( $, .STERADIAN. ) SOLID_ANGLE_UNIT ( ) );
#4003 = UNCERTAINTY_MEASURE_WITH_UNIT (LENGTH_MEASURE( 1.000000000000000082E-05 ), #6922, 'distance_accuracy_value', 'NONE');
#4004 =( GEOMETRIC_REPRESENTATION_CONTEXT ( 3 ) GLOBAL_UNCERTAINTY_ASSIGNED_CONTEXT ( ( #5735 ) ) GLOBAL_UNIT_ASSIGNED_CONTEXT ( ( #3340, #6898, #1409 ) ) REPRESENTATION_CONTEXT ( 'NONE', 'WORKASPACE' ) );
#4005 = DIRECTION ( 'NONE',  ( -0.000000000000000000, 1.000000000000000000, -0.000000000000000000 ) ) ;
#4006 = CIRCLE ( 'NONE', #6362, 0.1750000000000299372 ) ;
#4007 = ORIENTED_EDGE ( 'NONE', *, *, #5589, .F. ) ;
#4008 = CARTESIAN_POINT ( 'NONE',  ( 1.475000000000000311, 0.4500000000000000666, 0.000000000000000000 ) ) ;
#4009 = ORIENTED_EDGE ( 'NONE', *, *, #3543, .F. ) ;
#4010 = FILL_AREA_STYLE_COLOUR ( '', #63 ) ;
#4011 = SURFACE_SIDE_STYLE ('',( #2193 ) ) ;
#4012 = DIRECTION ( 'NONE',  ( 1.000000000000000000, -0.000000000000000000, 0.000000000000000000 ) ) ;
#4013 = FILL_AREA_STYLE_COLOUR ( '', #3618 ) ;
#4014 = EDGE_LOOP ( 'NONE', ( #6841, #3183, #6792, #5802 ) ) ;
#4015 = COLOUR_RGB ( '',1.000000000000000000, 0.8117647058823529438, 0.5019607843137254832 ) ;
#4016 = FACE_OUTER_BOUND ( 'NONE', #804, .T. ) ;
#4017 = CARTESIAN_POINT ( 'NONE',  ( 1.374481588870376303, 0.9000000000000002442, 1.445656712928479415 ) ) ;
#4018 = ORIENTED_EDGE ( 'NONE', *, *, #5027, .F. ) ;
#4019 = UNCERTAINTY_MEASURE_WITH_UNIT (LENGTH_MEASURE( 1.000000000000000082E-05 ), #7831, 'distance_accuracy_value', 'NONE');
#4020 = PLANE ( 'NONE',  #2059 ) ;
#4021 = VECTOR ( 'NONE', #1037, 1000.000000000000000 ) ;
#4022 = ORIENTED_EDGE ( 'NONE', *, *, #6394, .F. ) ;
#4023 =( NAMED_UNIT ( * ) SI_UNIT ( $, .STERADIAN. ) SOLID_ANGLE_UNIT ( ) );
#4024 = LINE ( 'NONE', #7186, #1838 ) ;
#4025 = CYLINDRICAL_SURFACE ( 'NONE', #5388, 0.1750000000000000167 ) ;
#4026 = EDGE_CURVE ( 'NONE', #6012, #299, #6878, .T. ) ;
#4027 = CARTESIAN_POINT ( 'NONE',  ( 1.341421356237309181, 0.9000000000000003553, 1.441421356237307272 ) ) ;
#4028 = CARTESIAN_POINT ( 'NONE',  ( 0.000000000000000000, 0.4500000000000000666, -0.2999999999999999334 ) ) ;
#4029 = SURFACE_STYLE_USAGE ( .BOTH. , #7884 ) ;
#4030 = AXIS2_PLACEMENT_3D ( 'NONE', #6036, #4800, #4686 ) ;
#4031 = CARTESIAN_POINT ( 'NONE',  ( 0.7499999999999997780, 0.4500000000000000666, 0.2999999999999999334 ) ) ;
#4032 = FILL_AREA_STYLE ('',( #2090 ) ) ;
#4033 = SURFACE_STYLE_USAGE ( .BOTH. , #4559 ) ;
#4034 = ORIENTED_EDGE ( 'NONE', *, *, #862, .T. ) ;
#4035 = ADVANCED_FACE ( 'NONE', ( #663 ), #7521, .T. ) ;
#4036 = FILL_AREA_STYLE_COLOUR ( '', #3424 ) ;
#4037 = ORIENTED_EDGE ( 'NONE', *, *, #7908, .F. ) ;
#4038 = CARTESIAN_POINT ( 'NONE',  ( -1.375735931288073255, 0.8999999999999999112, 1.499999999999996891 ) ) ;
#4039 = CYLINDRICAL_SURFACE ( 'NONE', #340, 0.1499999999999999667 ) ;
#4040 = DIRECTION ( 'NONE',  ( 0.000000000000000000, -1.000000000000000000, 0.000000000000000000 ) ) ;
#4041 = EDGE_CURVE ( 'NONE', #1809, #6496, #4434, .T. ) ;
#4042 = SURFACE_SIDE_STYLE ('',( #1595 ) ) ;
#4043 = UNCERTAINTY_MEASURE_WITH_UNIT (LENGTH_MEASURE( 1.000000000000000082E-05 ), #304, 'distance_accuracy_value', 'NONE');
#4044 = CARTESIAN_POINT ( 'NONE',  ( -1.474999999999999867, 0.4500000000000001221, 0.9000000000000005773 ) ) ;
#4045 = PRESENTATION_STYLE_ASSIGNMENT (( #2063 ) ) ;
#4046 = VERTEX_POINT ( 'NONE', #5093 ) ;
#4047 = MECHANICAL_DESIGN_GEOMETRIC_PRESENTATION_REPRESENTATION (  '', ( #1972 ), #6527 ) ;
#4048 = CYLINDRICAL_SURFACE ( 'NONE', #4526, 0.2000000000000000944 ) ;
#4049 = CARTESIAN_POINT ( 'NONE',  ( 1.399999999999999689, 0.9000000000000002442, 1.499999999999999112 ) ) ;
#4050 =( NAMED_UNIT ( * ) SI_UNIT ( $, .STERADIAN. ) SOLID_ANGLE_UNIT ( ) );
#4051 =( NAMED_UNIT ( * ) SI_UNIT ( $, .STERADIAN. ) SOLID_ANGLE_UNIT ( ) );
#4052 = ORIENTED_EDGE ( 'NONE', *, *, #1900, .F. ) ;
#4053 = LINE ( 'NONE', #926, #6142 ) ;
#4054 = CIRCLE ( 'NONE', #5094, 0.1999999999999998723 ) ;
#4055 =( LENGTH_UNIT ( ) NAMED_UNIT ( * ) SI_UNIT ( .MILLI., .METRE. ) );
#4056 = ORIENTED_EDGE ( 'NONE', *, *, #5767, .T. ) ;
#4057 = DIRECTION ( 'NONE',  ( 9.912705577010349018E-15, 0.000000000000000000, -1.000000000000000000 ) ) ;
#4058 = EDGE_LOOP ( 'NONE', ( #3893, #2638, #2558, #4867 ) ) ;
#4059 = CARTESIAN_POINT ( 'NONE',  ( 0.7499999999999997780, 2.065549442140357073, -4.065758146820642121E-16 ) ) ;
#4060 = DIRECTION ( 'NONE',  ( 0.000000000000000000, -1.000000000000000000, 0.000000000000000000 ) ) ;
#4061 = SURFACE_STYLE_USAGE ( .BOTH. , #1577 ) ;
#4062 = MECHANICAL_DESIGN_GEOMETRIC_PRESENTATION_REPRESENTATION (  '', ( #2383 ), #689 ) ;
#4063 = CARTESIAN_POINT ( 'NONE',  ( 0.7499999999999998890, 0.000000000000000000, 0.3000000000000002109 ) ) ;
#4064 = DIRECTION ( 'NONE',  ( -1.156482317317871922E-15, 0.000000000000000000, -1.000000000000000000 ) ) ;
#4065 =( NAMED_UNIT ( * ) SI_UNIT ( $, .STERADIAN. ) SOLID_ANGLE_UNIT ( ) );
#4066 = DIRECTION ( 'NONE',  ( -1.000000000000000000, 0.000000000000000000, -0.000000000000000000 ) ) ;
#4067 = EDGE_CURVE ( 'NONE', #4331, #2479, #6920, .T. ) ;
#4068 = PRESENTATION_STYLE_ASSIGNMENT (( #2219 ) ) ;
#4069 = VERTEX_POINT ( 'NONE', #3910 ) ;
#4070 = AXIS2_PLACEMENT_3D ( 'NONE', #4762, #5968, #7843 ) ;
#4071 = CARTESIAN_POINT ( 'NONE',  ( 1.199999999999999734, 0.9000000000000000222, -1.499999999999999556 ) ) ;
#4072 = COLOUR_RGB ( '',0.2509803921568627416, 0.2509803921568627416, 0.2509803921568627416 ) ;
#4073 = DIRECTION ( 'NONE',  ( 0.000000000000000000, -1.000000000000000000, 0.000000000000000000 ) ) ;
#4074 = CARTESIAN_POINT ( 'NONE',  ( -1.500000000000000222, 2.065549442140357073, -1.349999999999999867 ) ) ;
#4075 = ADVANCED_FACE ( 'NONE', ( #1332 ), #5181, .F. ) ;
#4076 =( NAMED_UNIT ( * ) PLANE_ANGLE_UNIT ( ) SI_UNIT ( $, .RADIAN. ) );
#4077 = DIRECTION ( 'NONE',  ( -0.000000000000000000, -1.000000000000000000, -0.000000000000000000 ) ) ;
#4078 = PRESENTATION_LAYER_ASSIGNMENT (  '', '', ( #5516 ) ) ;
#4079 = EDGE_LOOP ( 'NONE', ( #5085, #6874, #278, #6418 ) ) ;
#4080 = FILL_AREA_STYLE ('',( #6014 ) ) ;
#4081 = UNCERTAINTY_MEASURE_WITH_UNIT (LENGTH_MEASURE( 1.000000000000000082E-05 ), #6163, 'distance_accuracy_value', 'NONE');
#4082 = CIRCLE ( 'NONE', #2283, 0.1750000000000295208 ) ;
#4083 = DIRECTION ( 'NONE',  ( 0.000000000000000000, 0.000000000000000000, 1.000000000000000000 ) ) ;
#4084 = EDGE_CURVE ( 'NONE', #1079, #3161, #2583, .T. ) ;
#4085 = DIRECTION ( 'NONE',  ( 0.000000000000000000, 0.000000000000000000, 1.000000000000000000 ) ) ;
#4086 = SURFACE_SIDE_STYLE ('',( #5360 ) ) ;
#4087 = CARTESIAN_POINT ( 'NONE',  ( 1.399999999999999689, 6.159797974644664720, 1.199999999999997735 ) ) ;
#4088 = AXIS2_PLACEMENT_3D ( 'NONE', #5228, #4568, #5805 ) ;
#4089 = ORIENTED_EDGE ( 'NONE', *, *, #216, .F. ) ;
#4090 = CIRCLE ( 'NONE', #3786, 0.1750000000000310196 ) ;
#4091 = DIRECTION ( 'NONE',  ( 0.000000000000000000, 0.000000000000000000, -1.000000000000000000 ) ) ;
#4092 = CARTESIAN_POINT ( 'NONE',  ( 1.329742048183544023, 0.9000000000000003553, 1.470647158618949790 ) ) ;
#4093 = ORIENTED_EDGE ( 'NONE', *, *, #4693, .T. ) ;
#4094 = PRESENTATION_LAYER_ASSIGNMENT (  '', '', ( #6865 ) ) ;
#4095 = AXIS2_PLACEMENT_3D ( 'NONE', #5850, #3369, #874 ) ;
#4096 = ORIENTED_EDGE ( 'NONE', *, *, #4026, .F. ) ;
#4097 =( NAMED_UNIT ( * ) PLANE_ANGLE_UNIT ( ) SI_UNIT ( $, .RADIAN. ) );
#4098 = VECTOR ( 'NONE', #7154, 1000.000000000000000 ) ;
#4099 = DIRECTION ( 'NONE',  ( -0.000000000000000000, 1.000000000000000000, -0.000000000000000000 ) ) ;
#4100 = STYLED_ITEM ( 'NONE', ( #7035 ), #7793 ) ;
#4101 = FILL_AREA_STYLE_COLOUR ( '', #2281 ) ;
#4102 = STYLED_ITEM ( 'NONE', ( #1098 ), #3833 ) ;
#4103 = CARTESIAN_POINT ( 'NONE',  ( -1.475000000000000089, 0.4500000000000000666, 0.000000000000000000 ) ) ;
#4104 = COLOUR_RGB ( '',0.7529411764705882248, 0.7529411764705882248, 0.7529411764705882248 ) ;
#4105 =( GEOMETRIC_REPRESENTATION_CONTEXT ( 3 ) GLOBAL_UNCERTAINTY_ASSIGNED_CONTEXT ( ( #4649 ) ) GLOBAL_UNIT_ASSIGNED_CONTEXT ( ( #7932, #7316, #2879 ) ) REPRESENTATION_CONTEXT ( 'NONE', 'WORKASPACE' ) );
#4106 = FILL_AREA_STYLE_COLOUR ( '', #1392 ) ;
#4107 = CARTESIAN_POINT ( 'NONE',  ( -1.500000000000000222, 0.000000000000000000, 0.000000000000000000 ) ) ;
#4108 = VECTOR ( 'NONE', #3370, 1000.000000000000000 ) ;
#4109 =( LENGTH_UNIT ( ) NAMED_UNIT ( * ) SI_UNIT ( .MILLI., .METRE. ) );
#4110 = ORIENTED_EDGE ( 'NONE', *, *, #4541, .F. ) ;
#4111 = ADVANCED_FACE ( 'NONE', ( #5674 ), #2045, .F. ) ;
#4112 = CARTESIAN_POINT ( 'NONE',  ( -1.426517246685784723, 0.9000000000000002442, 1.397882038470432908 ) ) ;
#4113 =( LENGTH_UNIT ( ) NAMED_UNIT ( * ) SI_UNIT ( .MILLI., .METRE. ) );
#4114 =( GEOMETRIC_REPRESENTATION_CONTEXT ( 3 ) GLOBAL_UNCERTAINTY_ASSIGNED_CONTEXT ( ( #82 ) ) GLOBAL_UNIT_ASSIGNED_CONTEXT ( ( #5489, #6184, #7919 ) ) REPRESENTATION_CONTEXT ( 'NONE', 'WORKASPACE' ) );
#4115 = DIRECTION ( 'NONE',  ( -1.000000000000000000, 0.000000000000000000, -0.000000000000000000 ) ) ;
#4116 =( NAMED_UNIT ( * ) SI_UNIT ( $, .STERADIAN. ) SOLID_ANGLE_UNIT ( ) );
#4117 = SURFACE_SIDE_STYLE ('',( #5851 ) ) ;
#4118 = PRESENTATION_STYLE_ASSIGNMENT (( #1105 ) ) ;
#4119 = ADVANCED_FACE ( 'NONE', ( #3404 ), #1055, .T. ) ;
#4120 = COLOUR_RGB ( '',0.2509803921568627416, 0.2509803921568627416, 0.2509803921568627416 ) ;
#4121 = CYLINDRICAL_SURFACE ( 'NONE', #1052, 0.2000000000000000944 ) ;
#4122 = EDGE_CURVE ( 'NONE', #802, #5940, #5259, .T. ) ;
#4123 = CARTESIAN_POINT ( 'NONE',  ( 0.000000000000000000, 0.4500000000000000666, 0.9000000000000005773 ) ) ;
#4124 = ORIENTED_EDGE ( 'NONE', *, *, #7748, .T. ) ;
#4125 =( LENGTH_UNIT ( ) NAMED_UNIT ( * ) SI_UNIT ( .MILLI., .METRE. ) );
#4126 = FACE_OUTER_BOUND ( 'NONE', #7404, .T. ) ;
#4127 = DIRECTION ( 'NONE',  ( 0.000000000000000000, -1.000000000000000000, 0.000000000000000000 ) ) ;
#4128 =( NAMED_UNIT ( * ) PLANE_ANGLE_UNIT ( ) SI_UNIT ( $, .RADIAN. ) );
#4129 = FACE_OUTER_BOUND ( 'NONE', #6260, .T. ) ;
#4130 = MECHANICAL_DESIGN_GEOMETRIC_PRESENTATION_REPRESENTATION (  '', ( #1532 ), #3502 ) ;
#4131 = DIRECTION ( 'NONE',  ( 0.000000000000000000, -0.000000000000000000, 1.000000000000000000 ) ) ;
#4132 = ORIENTED_EDGE ( 'NONE', *, *, #1018, .T. ) ;
#4133 = DIRECTION ( 'NONE',  ( 1.000000000000000000, -0.000000000000000000, 0.000000000000000000 ) ) ;
#4134 =( GEOMETRIC_REPRESENTATION_CONTEXT ( 3 ) GLOBAL_UNCERTAINTY_ASSIGNED_CONTEXT ( ( #4408 ) ) GLOBAL_UNIT_ASSIGNED_CONTEXT ( ( #2272, #7904, #3496 ) ) REPRESENTATION_CONTEXT ( 'NONE', 'WORKASPACE' ) );
#4135 = CARTESIAN_POINT ( 'NONE',  ( 1.475000000000000311, 0.4500000000000000111, -1.326794919243081905 ) ) ;
#4136 = EDGE_CURVE ( 'NONE', #4334, #10, #1554, .T. ) ;
#4137 = VECTOR ( 'NONE', #5860, 1000.000000000000000 ) ;
#4138 = VERTEX_POINT ( 'NONE', #941 ) ;
#4139 = CARTESIAN_POINT ( 'NONE',  ( -1.475000000000000089, 0.000000000000000000, 0.1732050807568877582 ) ) ;
#4140 = VERTEX_POINT ( 'NONE', #5920 ) ;
#4141 = CARTESIAN_POINT ( 'NONE',  ( -1.500000000000000222, 0.000000000000000000, -1.499999999999999778 ) ) ;
#4142 = SURFACE_STYLE_USAGE ( .BOTH. , #2360 ) ;
#4143 = MECHANICAL_DESIGN_GEOMETRIC_PRESENTATION_REPRESENTATION (  '', ( #6860 ), #4004 ) ;
#4144 = CIRCLE ( 'NONE', #3385, 0.1750000000000303813 ) ;
#4145 = DIRECTION ( 'NONE',  ( 0.000000000000000000, 0.000000000000000000, -1.000000000000000000 ) ) ;
#4146 = DIRECTION ( 'NONE',  ( -9.035018104045885485E-17, -0.000000000000000000, 1.000000000000000000 ) ) ;
#4147 = EDGE_CURVE ( 'NONE', #4321, #6714, #7683, .T. ) ;
#4148 = VECTOR ( 'NONE', #7271, 1000.000000000000000 ) ;
#4149 = SURFACE_SIDE_STYLE ('',( #7229 ) ) ;
#4150 =( NAMED_UNIT ( * ) PLANE_ANGLE_UNIT ( ) SI_UNIT ( $, .RADIAN. ) );
#4151 = PLANE ( 'NONE',  #7252 ) ;
#4152 =( NAMED_UNIT ( * ) PLANE_ANGLE_UNIT ( ) SI_UNIT ( $, .RADIAN. ) );
#4153 = PLANE ( 'NONE',  #597 ) ;
#4154 = AXIS2_PLACEMENT_3D ( 'NONE', #4634, #4553, #1538 ) ;
#4155 =( NAMED_UNIT ( * ) SI_UNIT ( $, .STERADIAN. ) SOLID_ANGLE_UNIT ( ) );
#4156 = ORIENTED_EDGE ( 'NONE', *, *, #2044, .T. ) ;
#4157 = CARTESIAN_POINT ( 'NONE',  ( -1.499999999999999778, 0.9000000000000001332, 1.199999999999997957 ) ) ;
#4158 =( GEOMETRIC_REPRESENTATION_CONTEXT ( 3 ) GLOBAL_UNCERTAINTY_ASSIGNED_CONTEXT ( ( #1866 ) ) GLOBAL_UNIT_ASSIGNED_CONTEXT ( ( #5175, #2088, #2170 ) ) REPRESENTATION_CONTEXT ( 'NONE', 'WORKASPACE' ) );
#4159 = PLANE ( 'NONE',  #2689 ) ;
#4160 = SURFACE_SIDE_STYLE ('',( #7849 ) ) ;
#4161 =( NAMED_UNIT ( * ) PLANE_ANGLE_UNIT ( ) SI_UNIT ( $, .RADIAN. ) );
#4162 = FILL_AREA_STYLE ('',( #4848 ) ) ;
#4163 =( LENGTH_UNIT ( ) NAMED_UNIT ( * ) SI_UNIT ( .MILLI., .METRE. ) );
#4164 = CARTESIAN_POINT ( 'NONE',  ( 1.199999999999999734, 1.000000000000000000, -1.399999999999998135 ) ) ;
#4165 = ORIENTED_EDGE ( 'NONE', *, *, #7642, .F. ) ;
#4166 = PLANE ( 'NONE',  #7857 ) ;
#4167 = DIRECTION ( 'NONE',  ( 1.000000000000000000, -0.000000000000000000, 0.000000000000000000 ) ) ;
#4168 = EDGE_CURVE ( 'NONE', #7495, #1860, #50, .T. ) ;
#4169 = DIRECTION ( 'NONE',  ( -1.000000000000000000, -0.000000000000000000, -0.000000000000000000 ) ) ;
#4170 = ORIENTED_EDGE ( 'NONE', *, *, #7763, .T. ) ;
#4171 = DIRECTION ( 'NONE',  ( 0.000000000000000000, 0.000000000000000000, -1.000000000000000000 ) ) ;
#4172 = SURFACE_SIDE_STYLE ('',( #1118 ) ) ;
#4173 = VECTOR ( 'NONE', #3600, 1000.000000000000000 ) ;
#4174 = ORIENTED_EDGE ( 'NONE', *, *, #6043, .F. ) ;
#4175 = ORIENTED_EDGE ( 'NONE', *, *, #5600, .F. ) ;
#4176 = ORIENTED_EDGE ( 'NONE', *, *, #7001, .F. ) ;
#4177 = DIRECTION ( 'NONE',  ( 0.000000000000000000, 1.000000000000000000, 0.000000000000000000 ) ) ;
#4178 = EDGE_CURVE ( 'NONE', #3973, #1924, #1084, .T. ) ;
#4179 = FILL_AREA_STYLE_COLOUR ( '', #1135 ) ;
#4180 = UNCERTAINTY_MEASURE_WITH_UNIT (LENGTH_MEASURE( 1.000000000000000082E-05 ), #1320, 'distance_accuracy_value', 'NONE');
#4181 = FACE_OUTER_BOUND ( 'NONE', #7401, .T. ) ;
#4182 = DIRECTION ( 'NONE',  ( -0.000000000000000000, 1.000000000000000000, -0.000000000000000000 ) ) ;
#4183 = CARTESIAN_POINT ( 'NONE',  ( 1.199999999999999512, 0.9000000000000004663, 1.441421356237307050 ) ) ;
#4184 = DIRECTION ( 'NONE',  ( -1.000000000000000000, 0.000000000000000000, -2.323290369611795497E-16 ) ) ;
#4185 = AXIS2_PLACEMENT_3D ( 'NONE', #4492, #6848, #715 ) ;
#4186 = LINE ( 'NONE', #6668, #789 ) ;
#4187 = ORIENTED_EDGE ( 'NONE', *, *, #3099, .T. ) ;
#4188 =( NAMED_UNIT ( * ) SI_UNIT ( $, .STERADIAN. ) SOLID_ANGLE_UNIT ( ) );
#4189 = SURFACE_SIDE_STYLE ('',( #1700 ) ) ;
#4190 = ADVANCED_FACE ( 'NONE', ( #5305 ), #6566, .T. ) ;
#4191 = PRESENTATION_STYLE_ASSIGNMENT (( #2983 ) ) ;
#4192 = CARTESIAN_POINT ( 'NONE',  ( 1.349999999999999867, 1.050000000000000044, 1.219727444046194460E-16 ) ) ;
#4193 =( GEOMETRIC_REPRESENTATION_CONTEXT ( 3 ) GLOBAL_UNCERTAINTY_ASSIGNED_CONTEXT ( ( #950 ) ) GLOBAL_UNIT_ASSIGNED_CONTEXT ( ( #705, #2468, #1795 ) ) REPRESENTATION_CONTEXT ( 'NONE', 'WORKASPACE' ) );
#4194 = ORIENTED_EDGE ( 'NONE', *, *, #3996, .T. ) ;
#4195 = DIRECTION ( 'NONE',  ( 0.000000000000000000, -0.000000000000000000, 1.000000000000000000 ) ) ;
#4196 = DIRECTION ( 'NONE',  ( 1.000000000000000000, 0.000000000000000000, 0.000000000000000000 ) ) ;
#4197 = PRESENTATION_LAYER_ASSIGNMENT (  '', '', ( #3680 ) ) ;
#4198 = LINE ( 'NONE', #5463, #2726 ) ;
#4199 = SURFACE_STYLE_USAGE ( .BOTH. , #1712 ) ;
#4200 = CARTESIAN_POINT ( 'NONE',  ( 0.000000000000000000, 2.065549442140357073, 1.500000000000000222 ) ) ;
#4201 = UNCERTAINTY_MEASURE_WITH_UNIT (LENGTH_MEASURE( 1.000000000000000082E-05 ), #6232, 'distance_accuracy_value', 'NONE');
#4202 = DIRECTION ( 'NONE',  ( 0.000000000000000000, 0.000000000000000000, -1.000000000000000000 ) ) ;
#4203 = ORIENTED_EDGE ( 'NONE', *, *, #4866, .F. ) ;
#4204 = PRESENTATION_LAYER_ASSIGNMENT (  '', '', ( #1863 ) ) ;
#4205 = CARTESIAN_POINT ( 'NONE',  ( 1.499999999999999778, 0.4500000000000000666, 1.400000000000000133 ) ) ;
#4206 = DIRECTION ( 'NONE',  ( 0.000000000000000000, 0.000000000000000000, -1.000000000000000000 ) ) ;
#4208 = AXIS2_PLACEMENT_3D ( 'NONE', #2436, #676, #717 ) ;
#4207 = FILL_AREA_STYLE_COLOUR ( '', #1275 ) ;
#4209 =( NAMED_UNIT ( * ) SI_UNIT ( $, .STERADIAN. ) SOLID_ANGLE_UNIT ( ) );
#4210 = STYLED_ITEM ( 'NONE', ( #1827 ), #1075 ) ;
#4211 = DIRECTION ( 'NONE',  ( 1.000000000000000000, -0.000000000000000000, 0.000000000000000000 ) ) ;
#4212 = CARTESIAN_POINT ( 'NONE',  ( 1.461138650793186722, 0.9000000000000003553, -1.348042955612609672 ) ) ;
#4213 = FILL_AREA_STYLE ('',( #7326 ) ) ;
#4214 = EDGE_CURVE ( 'NONE', #7251, #1168, #3700, .T. ) ;
#4215 = ORIENTED_EDGE ( 'NONE', *, *, #3411, .F. ) ;
#4216 = DIRECTION ( 'NONE',  ( 1.000000000000000000, 0.000000000000000000, -0.000000000000000000 ) ) ;
#4217 = FACE_OUTER_BOUND ( 'NONE', #853, .T. ) ;
#4218 = VERTEX_POINT ( 'NONE', #1825 ) ;
#4219 = ORIENTED_EDGE ( 'NONE', *, *, #1557, .F. ) ;
#4220 = CARTESIAN_POINT ( 'NONE',  ( 1.199999999999999734, 1.050000000000000488, 1.199999999999997735 ) ) ;
#4221 = VECTOR ( 'NONE', #1482, 1000.000000000000000 ) ;
#4222 = DIRECTION ( 'NONE',  ( 0.000000000000000000, 1.000000000000000000, 0.000000000000000000 ) ) ;
#4223 = SURFACE_STYLE_FILL_AREA ( #6665 ) ;
#4224 = AXIS2_PLACEMENT_3D ( 'NONE', #9, #5091, #701 ) ;
#4225 = EDGE_CURVE ( 'NONE', #3973, #3042, #329, .T. ) ;
#4226 = DIRECTION ( 'NONE',  ( 0.000000000000000000, 0.000000000000000000, -1.000000000000000000 ) ) ;
#4227 = ADVANCED_FACE ( 'NONE', ( #6149 ), #3589, .F. ) ;
#4228 = MECHANICAL_DESIGN_GEOMETRIC_PRESENTATION_REPRESENTATION (  '', ( #6693 ), #2674 ) ;
#4229 = VERTEX_POINT ( 'NONE', #5496 ) ;
#4230 =( GEOMETRIC_REPRESENTATION_CONTEXT ( 3 ) GLOBAL_UNCERTAINTY_ASSIGNED_CONTEXT ( ( #577 ) ) GLOBAL_UNIT_ASSIGNED_CONTEXT ( ( #1788, #5590, #4277 ) ) REPRESENTATION_CONTEXT ( 'NONE', 'WORKASPACE' ) );
#4231 = DIRECTION ( 'NONE',  ( -1.000000000000000000, 0.000000000000000000, 0.000000000000000000 ) ) ;
#4232 = FILL_AREA_STYLE_COLOUR ( '', #3467 ) ;
#4233 = SURFACE_STYLE_USAGE ( .BOTH. , #5417 ) ;
#4234 = ORIENTED_EDGE ( 'NONE', *, *, #1889, .F. ) ;
#4235 = MECHANICAL_DESIGN_GEOMETRIC_PRESENTATION_REPRESENTATION (  '', ( #5560 ), #4359 ) ;
#4236 = CARTESIAN_POINT ( 'NONE',  ( -1.492978830106242993, 0.9000000000000002442, 1.275422565054532109 ) ) ;
#4237 = ADVANCED_FACE ( 'NONE', ( #578 ), #5540, .F. ) ;
#4238 = CARTESIAN_POINT ( 'NONE',  ( -1.475000000000000089, 0.000000000000000000, 0.000000000000000000 ) ) ;
#4239 = VECTOR ( 'NONE', #5214, 1000.000000000000000 ) ;
#4240 = LINE ( 'NONE', #2376, #607 ) ;
#4241 = LINE ( 'NONE', #6046, #1276 ) ;
#4242 = CARTESIAN_POINT ( 'NONE',  ( -2.168404344971008868E-16, 0.4500000000000000666, -1.500000000000015321 ) ) ;
#4243 =( GEOMETRIC_REPRESENTATION_CONTEXT ( 3 ) GLOBAL_UNCERTAINTY_ASSIGNED_CONTEXT ( ( #6451 ) ) GLOBAL_UNIT_ASSIGNED_CONTEXT ( ( #7020, #879, #1521 ) ) REPRESENTATION_CONTEXT ( 'NONE', 'WORKASPACE' ) );
#4244 = AXIS2_PLACEMENT_3D ( 'NONE', #6775, #4995, #4226 ) ;
#4245 = LINE ( 'NONE', #6127, #1451 ) ;
#4246 = EDGE_CURVE ( 'NONE', #7565, #3090, #3189, .T. ) ;
#4247 = FACE_OUTER_BOUND ( 'NONE', #809, .T. ) ;
#4248 = VERTEX_POINT ( 'NONE', #1324 ) ;
#4249 = CARTESIAN_POINT ( 'NONE',  ( 1.499999999999999778, 2.065549442140357073, 0.000000000000000000 ) ) ;
#4250 = CARTESIAN_POINT ( 'NONE',  ( -1.348042955612619886, 0.9000000000000003553, -1.461138650793177396 ) ) ;
#4251 = VECTOR ( 'NONE', #7931, 1000.000000000000000 ) ;
#4252 = PRESENTATION_STYLE_ASSIGNMENT (( #3646 ) ) ;
#4253 = COLOUR_RGB ( '',0.2509803921568627416, 0.2509803921568627416, 0.2509803921568627416 ) ;
#4254 = FILL_AREA_STYLE ('',( #6766 ) ) ;
#4255 = STYLED_ITEM ( 'NONE', ( #4993 ), #6220 ) ;
#4256 = ORIENTED_EDGE ( 'NONE', *, *, #503, .F. ) ;
#4257 = CARTESIAN_POINT ( 'NONE',  ( 0.000000000000000000, 2.065549442140357073, 1.474999999999999645 ) ) ;
#4258 = EDGE_LOOP ( 'NONE', ( #2252, #282, #5170, #7844, #1194, #532, #1004, #5980 ) ) ;
#4259 = ORIENTED_EDGE ( 'NONE', *, *, #4522, .F. ) ;
#4260 = PRESENTATION_STYLE_ASSIGNMENT (( #8030 ) ) ;
#4261 = FILL_AREA_STYLE ('',( #1244 ) ) ;
#4262 = SURFACE_STYLE_FILL_AREA ( #2399 ) ;
#4263 = VECTOR ( 'NONE', #5435, 1000.000000000000000 ) ;
#4264 =( NAMED_UNIT ( * ) PLANE_ANGLE_UNIT ( ) SI_UNIT ( $, .RADIAN. ) );
#4265 = VECTOR ( 'NONE', #4332, 1000.000000000000000 ) ;
#4266 = SURFACE_SIDE_STYLE ('',( #4223 ) ) ;
#4267 = DIRECTION ( 'NONE',  ( -2.323290369611795497E-16, 0.000000000000000000, 1.000000000000000000 ) ) ;
#4268 = PRESENTATION_STYLE_ASSIGNMENT (( #2406 ) ) ;
#4269 = ORIENTED_EDGE ( 'NONE', *, *, #2153, .T. ) ;
#4270 = SURFACE_STYLE_FILL_AREA ( #1821 ) ;
#4271 = CARTESIAN_POINT ( 'NONE',  ( 0.000000000000000000, 0.000000000000000000, -1.499999999999999778 ) ) ;
#4272 = FILL_AREA_STYLE ('',( #1824 ) ) ;
#4273 = EDGE_CURVE ( 'NONE', #280, #294, #2531, .T. ) ;
#4274 = VERTEX_POINT ( 'NONE', #2616 ) ;
#4275 = PRESENTATION_LAYER_ASSIGNMENT (  '', '', ( #2730 ) ) ;
#4276 = STYLED_ITEM ( 'NONE', ( #6689 ), #995 ) ;
#4277 =( NAMED_UNIT ( * ) SI_UNIT ( $, .STERADIAN. ) SOLID_ANGLE_UNIT ( ) );
#4278 = CARTESIAN_POINT ( 'NONE',  ( 1.499999999999999778, 0.000000000000000000, 1.499999999999999556 ) ) ;
#4279 = DIRECTION ( 'NONE',  ( 9.035018104045885485E-17, 0.000000000000000000, -1.000000000000000000 ) ) ;
#4280 =( LENGTH_UNIT ( ) NAMED_UNIT ( * ) SI_UNIT ( .MILLI., .METRE. ) );
#4281 = MECHANICAL_DESIGN_GEOMETRIC_PRESENTATION_REPRESENTATION (  '', ( #2218 ), #1031 ) ;
#4282 = COLOUR_RGB ( '',1.000000000000000000, 0.8117647058823529438, 0.5019607843137254832 ) ;
#4283 = PRESENTATION_STYLE_ASSIGNMENT (( #3551 ) ) ;
#4284 = DIRECTION ( 'NONE',  ( 1.000000000000000000, 0.000000000000000000, -0.000000000000000000 ) ) ;
#4285 = EDGE_CURVE ( 'NONE', #4428, #6753, #5781, .T. ) ;
#4286 =( GEOMETRIC_REPRESENTATION_CONTEXT ( 3 ) GLOBAL_UNCERTAINTY_ASSIGNED_CONTEXT ( ( #3105 ) ) GLOBAL_UNIT_ASSIGNED_CONTEXT ( ( #1206, #7998, #7883 ) ) REPRESENTATION_CONTEXT ( 'NONE', 'WORKASPACE' ) );
#4287 =( LENGTH_UNIT ( ) NAMED_UNIT ( * ) SI_UNIT ( .MILLI., .METRE. ) );
#4288 =( LENGTH_UNIT ( ) NAMED_UNIT ( * ) SI_UNIT ( .MILLI., .METRE. ) );
#4289 = ORIENTED_EDGE ( 'NONE', *, *, #7001, .T. ) ;
#4290 =( LENGTH_UNIT ( ) NAMED_UNIT ( * ) SI_UNIT ( .MILLI., .METRE. ) );
#4291 = DIRECTION ( 'NONE',  ( 1.000000000000000000, 0.000000000000000000, 0.000000000000000000 ) ) ;
#4292 = FILL_AREA_STYLE_COLOUR ( '', #4466 ) ;
#4293 = EDGE_CURVE ( 'NONE', #2441, #5646, #962, .T. ) ;
#4294 = CARTESIAN_POINT ( 'NONE',  ( 1.500000000000000000, 0.9000000000000001332, -1.199999999999997957 ) ) ;
#4295 = CARTESIAN_POINT ( 'NONE',  ( -1.500000000000000222, 0.4499999999999999001, -1.500000000000000444 ) ) ;
#4296 = ORIENTED_EDGE ( 'NONE', *, *, #4414, .F. ) ;
#4297 = FACE_OUTER_BOUND ( 'NONE', #1850, .T. ) ;
#4298 = ORIENTED_EDGE ( 'NONE', *, *, #2034, .F. ) ;
#4299 = EDGE_LOOP ( 'NONE', ( #4676, #4801, #805, #3422 ) ) ;
#4300 = UNCERTAINTY_MEASURE_WITH_UNIT (LENGTH_MEASURE( 1.000000000000000082E-05 ), #4770, 'distance_accuracy_value', 'NONE');
#4301 = DIRECTION ( 'NONE',  ( 0.000000000000000000, 0.000000000000000000, 1.000000000000000000 ) ) ;
#4302 = VERTEX_POINT ( 'NONE', #5003 ) ;
#4303 = LINE ( 'NONE', #8035, #7447 ) ;
#4304 = DIRECTION ( 'NONE',  ( 0.000000000000000000, 0.000000000000000000, 1.000000000000000000 ) ) ;
#4305 = FILL_AREA_STYLE ('',( #1857 ) ) ;
#4306 = CARTESIAN_POINT ( 'NONE',  ( 1.475000000000002753, 0.4499999999999999001, -0.1732050807568882578 ) ) ;
#4307 = CARTESIAN_POINT ( 'NONE',  ( -1.475000000000000089, 2.065549442140357073, -0.9000000000000005773 ) ) ;
#4308 = ORIENTED_EDGE ( 'NONE', *, *, #5425, .F. ) ;
#4309 = SURFACE_STYLE_USAGE ( .BOTH. , #1955 ) ;
#4310 = SURFACE_STYLE_USAGE ( .BOTH. , #7426 ) ;
#4311 = DIRECTION ( 'NONE',  ( 2.323290369611795497E-16, -0.000000000000000000, -1.000000000000000000 ) ) ;
#4312 = UNCERTAINTY_MEASURE_WITH_UNIT (LENGTH_MEASURE( 1.000000000000000082E-05 ), #5007, 'distance_accuracy_value', 'NONE');
#4313 = ORIENTED_EDGE ( 'NONE', *, *, #4572, .F. ) ;
#4314 = DIRECTION ( 'NONE',  ( 0.000000000000000000, 0.000000000000000000, -1.000000000000000000 ) ) ;
#4315 = DIRECTION ( 'NONE',  ( 0.000000000000000000, 1.000000000000000000, -0.000000000000000000 ) ) ;
#4316 = EDGE_CURVE ( 'NONE', #2870, #1769, #3857, .T. ) ;
#4317 = CARTESIAN_POINT ( 'NONE',  ( 0.000000000000000000, 2.065549442140357073, 1.474999999999999645 ) ) ;
#4318 = CARTESIAN_POINT ( 'NONE',  ( -1.399999999999999911, 6.159797974644664720, -1.199999999999998179 ) ) ;
#4319 = CARTESIAN_POINT ( 'NONE',  ( 1.499999999999999778, 2.065549442140357073, 1.499999999999999556 ) ) ;
#4320 =( GEOMETRIC_REPRESENTATION_CONTEXT ( 3 ) GLOBAL_UNCERTAINTY_ASSIGNED_CONTEXT ( ( #4698 ) ) GLOBAL_UNIT_ASSIGNED_CONTEXT ( ( #5246, #4625, #1685 ) ) REPRESENTATION_CONTEXT ( 'NONE', 'WORKASPACE' ) );
#4321 = VERTEX_POINT ( 'NONE', #7513 ) ;
#4322 = EDGE_CURVE ( 'NONE', #2703, #2358, #5706, .T. ) ;
#4323 = ORIENTED_EDGE ( 'NONE', *, *, #5074, .T. ) ;
#4324 = CARTESIAN_POINT ( 'NONE',  ( -1.500000000000000222, 2.065549442140357073, -1.325000000000000400 ) ) ;
#4325 = CARTESIAN_POINT ( 'NONE',  ( 0.000000000000000000, 0.000000000000000000, 1.500000000000000222 ) ) ;
#4326 = STYLED_ITEM ( 'NONE', ( #2780 ), #5065 ) ;
#4327 = SURFACE_STYLE_FILL_AREA ( #6337 ) ;
#4328 = CARTESIAN_POINT ( 'NONE',  ( -1.074453692516220027, 1.100000000000000089, -1.250172871369988892 ) ) ;
#4329 = VECTOR ( 'NONE', #341, 1000.000000000000000 ) ;
#4330 = EDGE_CURVE ( 'NONE', #6590, #3535, #4468, .T. ) ;
#4331 = VERTEX_POINT ( 'NONE', #6235 ) ;
#4332 = DIRECTION ( 'NONE',  ( -0.000000000000000000, 0.000000000000000000, -1.000000000000000000 ) ) ;
#4333 = ORIENTED_EDGE ( 'NONE', *, *, #5679, .F. ) ;
#4334 = VERTEX_POINT ( 'NONE', #3811 ) ;
#4335 = CARTESIAN_POINT ( 'NONE',  ( -0.7499999999999992228, 0.4500000000000001221, 0.9000000000000005773 ) ) ;
#4336 = FILL_AREA_STYLE ('',( #606 ) ) ;
#4337 = CARTESIAN_POINT ( 'NONE',  ( -0.7499999999999991118, 2.065549442140357073, 0.9000000000000005773 ) ) ;
#4338 = AXIS2_PLACEMENT_3D ( 'NONE', #7037, #2035, #1421 ) ;
#4339 = CARTESIAN_POINT ( 'NONE',  ( -1.400000000000000133, 0.8500000000000000888, -1.499999999999999778 ) ) ;
#4340 = SURFACE_STYLE_FILL_AREA ( #4797 ) ;
#4341 = AXIS2_PLACEMENT_3D ( 'NONE', #3791, #6080, #1097 ) ;
#4342 = SURFACE_STYLE_FILL_AREA ( #6820 ) ;
#4343 =( GEOMETRIC_REPRESENTATION_CONTEXT ( 3 ) GLOBAL_UNCERTAINTY_ASSIGNED_CONTEXT ( ( #3487 ) ) GLOBAL_UNIT_ASSIGNED_CONTEXT ( ( #1855, #4994, #7460 ) ) REPRESENTATION_CONTEXT ( 'NONE', 'WORKASPACE' ) );
#4344 = EDGE_LOOP ( 'NONE', ( #641, #2643, #7103, #5602 ) ) ;
#4345 = SURFACE_SIDE_STYLE ('',( #1322 ) ) ;
#4346 = DIRECTION ( 'NONE',  ( 0.000000000000000000, 0.000000000000000000, 1.000000000000000000 ) ) ;
#4347 = DIRECTION ( 'NONE',  ( 0.000000000000000000, 0.000000000000000000, -1.000000000000000000 ) ) ;
#4348 = VECTOR ( 'NONE', #6015, 1000.000000000000000 ) ;
#4349 = CARTESIAN_POINT ( 'NONE',  ( 0.000000000000000000, 0.000000000000000000, 1.500000000000000222 ) ) ;
#4350 =( NAMED_UNIT ( * ) PLANE_ANGLE_UNIT ( ) SI_UNIT ( $, .RADIAN. ) );
#4351 = ORIENTED_EDGE ( 'NONE', *, *, #1889, .T. ) ;
#4352 = COLOUR_RGB ( '',1.000000000000000000, 0.8117647058823529438, 0.5019607843137254832 ) ;
#4353 = VECTOR ( 'NONE', #2511, 1000.000000000000000 ) ;
#4354 = FACE_OUTER_BOUND ( 'NONE', #7699, .T. ) ;
#4355 = MECHANICAL_DESIGN_GEOMETRIC_PRESENTATION_REPRESENTATION (  '', ( #461 ), #4747 ) ;
#4356 = LINE ( 'NONE', #6833, #6368 ) ;
#4357 = CIRCLE ( 'NONE', #463, 0.1500000000000298872 ) ;
#4358 = CARTESIAN_POINT ( 'NONE',  ( 1.199999999999999734, 1.000000000000000000, -1.399999999999998135 ) ) ;
#4359 =( GEOMETRIC_REPRESENTATION_CONTEXT ( 3 ) GLOBAL_UNCERTAINTY_ASSIGNED_CONTEXT ( ( #4478 ) ) GLOBAL_UNIT_ASSIGNED_CONTEXT ( ( #3184, #8041, #6780 ) ) REPRESENTATION_CONTEXT ( 'NONE', 'WORKASPACE' ) );
#4360 = ORIENTED_EDGE ( 'NONE', *, *, #750, .T. ) ;
#4361 = VECTOR ( 'NONE', #1566, 1000.000000000000000 ) ;
#4362 = COLOUR_RGB ( '',1.000000000000000000, 0.8117647058823529438, 0.5019607843137254832 ) ;
#4363 = SURFACE_SIDE_STYLE ('',( #12 ) ) ;
#4364 = SURFACE_STYLE_FILL_AREA ( #667 ) ;
#4365 = CARTESIAN_POINT ( 'NONE',  ( 1.199999999999999734, 1.050000000000000488, 1.349999999999997868 ) ) ;
#4366 = VECTOR ( 'NONE', #7651, 1000.000000000000000 ) ;
#4367 = ORIENTED_EDGE ( 'NONE', *, *, #739, .F. ) ;
#4368 = DIRECTION ( 'NONE',  ( 0.000000000000000000, 0.000000000000000000, -1.000000000000000000 ) ) ;
#4369 = MECHANICAL_DESIGN_GEOMETRIC_PRESENTATION_REPRESENTATION (  '', ( #6196 ), #6830 ) ;
#4370 = DIRECTION ( 'NONE',  ( 0.000000000000000000, -1.000000000000000000, 0.000000000000000000 ) ) ;
#4371 = EDGE_CURVE ( 'NONE', #3964, #497, #3314, .T. ) ;
#4372 = EDGE_CURVE ( 'NONE', #5200, #7565, #7069, .T. ) ;
#4373 =( NAMED_UNIT ( * ) SI_UNIT ( $, .STERADIAN. ) SOLID_ANGLE_UNIT ( ) );
#4374 = DIRECTION ( 'NONE',  ( 0.000000000000000000, 0.000000000000000000, -1.000000000000000000 ) ) ;
#4375 = VERTEX_POINT ( 'NONE', #1909 ) ;
#4376 = VERTEX_POINT ( 'NONE', #6310 ) ;
#4377 = ORIENTED_EDGE ( 'NONE', *, *, #7465, .F. ) ;
#4378 = LINE ( 'NONE', #2560, #7313 ) ;
#4379 = CARTESIAN_POINT ( 'NONE',  ( 1.399999999999999689, 1.000000000000000000, -1.199999999999997957 ) ) ;
#4380 = MECHANICAL_DESIGN_GEOMETRIC_PRESENTATION_REPRESENTATION (  '', ( #5423 ), #6603 ) ;
#4381 = DIRECTION ( 'NONE',  ( -0.000000000000000000, 1.000000000000000000, 0.000000000000000000 ) ) ;
#4382 = EDGE_CURVE ( 'NONE', #1924, #4436, #3149, .T. ) ;
#4383 =( GEOMETRIC_REPRESENTATION_CONTEXT ( 3 ) GLOBAL_UNCERTAINTY_ASSIGNED_CONTEXT ( ( #1733 ) ) GLOBAL_UNIT_ASSIGNED_CONTEXT ( ( #6102, #2519, #1808 ) ) REPRESENTATION_CONTEXT ( 'NONE', 'WORKASPACE' ) );
#4384 = ORIENTED_EDGE ( 'NONE', *, *, #3364, .T. ) ;
#4385 = LINE ( 'NONE', #1818, #4687 ) ;
#4386 = EDGE_LOOP ( 'NONE', ( #7606, #4176, #1573, #2955 ) ) ;
#4387 = CARTESIAN_POINT ( 'NONE',  ( 0.7499999999999998890, 0.000000000000000000, -0.9000000000000005773 ) ) ;
#4388 = PRESENTATION_LAYER_ASSIGNMENT (  '', '', ( #7359 ) ) ;
#4389 = CARTESIAN_POINT ( 'NONE',  ( -1.500000000000000000, 0.9000000000000001332, -1.199999999999997957 ) ) ;
#4390 = PRESENTATION_STYLE_ASSIGNMENT (( #5002 ) ) ;
#4391 = EDGE_CURVE ( 'NONE', #6002, #4449, #5128, .T. ) ;
#4392 = DIRECTION ( 'NONE',  ( -0.000000000000000000, 1.000000000000000000, -0.000000000000000000 ) ) ;
#4393 = ORIENTED_EDGE ( 'NONE', *, *, #6394, .T. ) ;
#4394 = COLOUR_RGB ( '',0.2509803921568627416, 0.2509803921568627416, 0.2509803921568627416 ) ;
#4395 = CARTESIAN_POINT ( 'NONE',  ( -1.199999999999999956, 1.050000000000000488, 1.399999999999998135 ) ) ;
#4396 =( LENGTH_UNIT ( ) NAMED_UNIT ( * ) SI_UNIT ( .MILLI., .METRE. ) );
#4397 = DIRECTION ( 'NONE',  ( 0.000000000000000000, 0.000000000000000000, -1.000000000000000000 ) ) ;
#4398 =( GEOMETRIC_REPRESENTATION_CONTEXT ( 3 ) GLOBAL_UNCERTAINTY_ASSIGNED_CONTEXT ( ( #5641 ) ) GLOBAL_UNIT_ASSIGNED_CONTEXT ( ( #7309, #1751, #2256 ) ) REPRESENTATION_CONTEXT ( 'NONE', 'WORKASPACE' ) );
#4399 = FILL_AREA_STYLE_COLOUR ( '', #6674 ) ;
#4400 = ORIENTED_EDGE ( 'NONE', *, *, #412, .F. ) ;
#4401 = PRESENTATION_STYLE_ASSIGNMENT (( #6837 ) ) ;
#4402 = COLOUR_RGB ( '',1.000000000000000000, 0.8117647058823529438, 0.5019607843137254832 ) ;
#4403 = MECHANICAL_DESIGN_GEOMETRIC_PRESENTATION_REPRESENTATION (  '', ( #1154 ), #7133 ) ;
#4404 = ORIENTED_EDGE ( 'NONE', *, *, #2300, .F. ) ;
#4405 = FILL_AREA_STYLE_COLOUR ( '', #238 ) ;
#4406 = FILL_AREA_STYLE_COLOUR ( '', #1750 ) ;
#4407 = MECHANICAL_DESIGN_GEOMETRIC_PRESENTATION_REPRESENTATION (  '', ( #6507 ), #7144 ) ;
#4408 = UNCERTAINTY_MEASURE_WITH_UNIT (LENGTH_MEASURE( 1.000000000000000082E-05 ), #2272, 'distance_accuracy_value', 'NONE');
#4409 = CARTESIAN_POINT ( 'NONE',  ( -2.168404344971008868E-16, 0.4500000000000000666, 1.499999999999984679 ) ) ;
#4410 =( GEOMETRIC_REPRESENTATION_CONTEXT ( 3 ) GLOBAL_UNCERTAINTY_ASSIGNED_CONTEXT ( ( #6703 ) ) GLOBAL_UNIT_ASSIGNED_CONTEXT ( ( #3542, #489, #2367 ) ) REPRESENTATION_CONTEXT ( 'NONE', 'WORKASPACE' ) );
#4411 = ORIENTED_EDGE ( 'NONE', *, *, #5075, .T. ) ;
#4412 = EDGE_CURVE ( 'NONE', #1238, #4545, #5626, .T. ) ;
#4413 = ORIENTED_EDGE ( 'NONE', *, *, #5935, .F. ) ;
#4414 = EDGE_CURVE ( 'NONE', #4825, #7495, #7589, .T. ) ;
#4415 =( LENGTH_UNIT ( ) NAMED_UNIT ( * ) SI_UNIT ( .MILLI., .METRE. ) );
#4416 = SURFACE_STYLE_USAGE ( .BOTH. , #2021 ) ;
#4417 = DIRECTION ( 'NONE',  ( 0.000000000000000000, -1.000000000000000000, -0.000000000000000000 ) ) ;
#4418 = EDGE_LOOP ( 'NONE', ( #2145, #6267, #2767, #763 ) ) ;
#4419 = FACE_OUTER_BOUND ( 'NONE', #511, .T. ) ;
#4420 = CARTESIAN_POINT ( 'NONE',  ( -1.400000000000000133, 0.9000000000000002442, 1.499999999999999112 ) ) ;
#4421 = VERTEX_POINT ( 'NONE', #2651 ) ;
#4422 = FILL_AREA_STYLE ('',( #4510 ) ) ;
#4423 = ORIENTED_EDGE ( 'NONE', *, *, #3313, .F. ) ;
#4424 = EDGE_CURVE ( 'NONE', #1393, #3688, #7837, .T. ) ;
#4425 = FACE_OUTER_BOUND ( 'NONE', #2115, .T. ) ;
#4426 = CARTESIAN_POINT ( 'NONE',  ( -1.500000000000000000, 0.9000000000000002442, -1.399999999999999689 ) ) ;
#4427 = DIRECTION ( 'NONE',  ( 0.000000000000000000, -0.000000000000000000, -1.000000000000000000 ) ) ;
#4428 = VERTEX_POINT ( 'NONE', #820 ) ;
#4429 = CARTESIAN_POINT ( 'NONE',  ( 1.499999999999999778, 0.4500000000000001221, -1.324999999999969980 ) ) ;
#4430 = COLOUR_RGB ( '',0.2509803921568627416, 0.2509803921568627416, 0.2509803921568627416 ) ;
#4431 =( NAMED_UNIT ( * ) PLANE_ANGLE_UNIT ( ) SI_UNIT ( $, .RADIAN. ) );
#4432 = ADVANCED_FACE ( 'NONE', ( #4555 ), #6272, .F. ) ;
#4433 = DIRECTION ( 'NONE',  ( -1.000000000000000000, 0.000000000000000000, 0.000000000000000000 ) ) ;
#4434 = LINE ( 'NONE', #1386, #3440 ) ;
#4435 = VECTOR ( 'NONE', #7036, 1000.000000000000000 ) ;
#4436 = VERTEX_POINT ( 'NONE', #2818 ) ;
#4437 = PRESENTATION_STYLE_ASSIGNMENT (( #1875 ) ) ;
#4438 = ORIENTED_EDGE ( 'NONE', *, *, #2364, .T. ) ;
#4439 = SURFACE_SIDE_STYLE ('',( #6698 ) ) ;
#4440 = DIRECTION ( 'NONE',  ( 1.000000000000000000, 0.000000000000000000, -1.156482317317871133E-15 ) ) ;
#4441 = FILL_AREA_STYLE ('',( #5101 ) ) ;
#4442 = UNCERTAINTY_MEASURE_WITH_UNIT (LENGTH_MEASURE( 1.000000000000000082E-05 ), #5714, 'distance_accuracy_value', 'NONE');
#4443 = FACE_OUTER_BOUND ( 'NONE', #4418, .T. ) ;
#4444 =( GEOMETRIC_REPRESENTATION_CONTEXT ( 3 ) GLOBAL_UNCERTAINTY_ASSIGNED_CONTEXT ( ( #2835 ) ) GLOBAL_UNIT_ASSIGNED_CONTEXT ( ( #4772, #7856, #2906 ) ) REPRESENTATION_CONTEXT ( 'NONE', 'WORKASPACE' ) );
#4445 =( NAMED_UNIT ( * ) PLANE_ANGLE_UNIT ( ) SI_UNIT ( $, .RADIAN. ) );
#4446 = SURFACE_SIDE_STYLE ('',( #3793 ) ) ;
#4447 = ORIENTED_EDGE ( 'NONE', *, *, #3579, .F. ) ;
#4448 = CARTESIAN_POINT ( 'NONE',  ( -2.168404344971008868E-16, 0.4499999999999999001, -1.499999999999984901 ) ) ;
#4449 = VERTEX_POINT ( 'NONE', #2122 ) ;
#4450 = ORIENTED_EDGE ( 'NONE', *, *, #5248, .T. ) ;
#4451 = DIRECTION ( 'NONE',  ( -0.000000000000000000, -1.000000000000000000, -0.000000000000000000 ) ) ;
#4453 = AXIS2_PLACEMENT_3D ( 'NONE', #3622, #2325, #3014 ) ;
#4452 = PRESENTATION_STYLE_ASSIGNMENT (( #5691 ) ) ;
#4454 = SURFACE_STYLE_FILL_AREA ( #31 ) ;
#4455 = PLANE ( 'NONE',  #4998 ) ;
#4456 = VECTOR ( 'NONE', #6279, 1000.000000000000000 ) ;
#4457 = DIRECTION ( 'NONE',  ( -1.000000000000000000, 0.000000000000000000, -0.000000000000000000 ) ) ;
#4458 = COLOUR_RGB ( '',1.000000000000000000, 0.8117647058823529438, 0.5019607843137254832 ) ;
#4459 = ORIENTED_EDGE ( 'NONE', *, *, #1335, .T. ) ;
#4460 = VERTEX_POINT ( 'NONE', #4639 ) ;
#4461 = PRESENTATION_STYLE_ASSIGNMENT (( #122 ) ) ;
#4462 = LINE ( 'NONE', #1372, #5183 ) ;
#4463 = AXIS2_PLACEMENT_3D ( 'NONE', #4192, #6752, #7393 ) ;
#4464 = DIRECTION ( 'NONE',  ( -1.000000000000000000, 0.000000000000000000, 0.000000000000000000 ) ) ;
#4465 = CIRCLE ( 'NONE', #2401, 0.09999999999999917288 ) ;
#4466 = COLOUR_RGB ( '',0.2509803921568627416, 0.2509803921568627416, 0.2509803921568627416 ) ;
#4467 = UNCERTAINTY_MEASURE_WITH_UNIT (LENGTH_MEASURE( 1.000000000000000082E-05 ), #4113, 'distance_accuracy_value', 'NONE');
#4468 = LINE ( 'NONE', #157, #6682 ) ;
#4469 = VERTEX_POINT ( 'NONE', #1461 ) ;
#4470 = ADVANCED_FACE ( 'NONE', ( #6601 ), #7073, .T. ) ;
#4471 = ADVANCED_FACE ( 'NONE', ( #5912 ), #4025, .T. ) ;
#4472 = CIRCLE ( 'NONE', #3055, 0.1999999999999998723 ) ;
#4473 =( NAMED_UNIT ( * ) PLANE_ANGLE_UNIT ( ) SI_UNIT ( $, .RADIAN. ) );
#4474 = FACE_OUTER_BOUND ( 'NONE', #3924, .T. ) ;
#4475 = CARTESIAN_POINT ( 'NONE',  ( -1.499999999999999556, 0.8500000000000000888, 1.400000000000000133 ) ) ;
#4476 = FILL_AREA_STYLE_COLOUR ( '', #5891 ) ;
#4477 = MECHANICAL_DESIGN_GEOMETRIC_PRESENTATION_REPRESENTATION (  '', ( #6690 ), #2812 ) ;
#4478 = UNCERTAINTY_MEASURE_WITH_UNIT (LENGTH_MEASURE( 1.000000000000000082E-05 ), #3184, 'distance_accuracy_value', 'NONE');
#4479 = PRESENTATION_LAYER_ASSIGNMENT (  '', '', ( #5138 ) ) ;
#4480 = CARTESIAN_POINT ( 'NONE',  ( 3.469446951953604821E-16, 0.000000000000000000, 0.2999999999999990452 ) ) ;
#4481 = ORIENTED_EDGE ( 'NONE', *, *, #4122, .T. ) ;
#4482 = COLOUR_RGB ( '',1.000000000000000000, 0.8117647058823529438, 0.5019607843137254832 ) ;
#4483 = EDGE_CURVE ( 'NONE', #1769, #7370, #7074, .T. ) ;
#4484 = SURFACE_STYLE_FILL_AREA ( #4650 ) ;
#4485 = ORIENTED_EDGE ( 'NONE', *, *, #6616, .F. ) ;
#4486 =( NAMED_UNIT ( * ) SI_UNIT ( $, .STERADIAN. ) SOLID_ANGLE_UNIT ( ) );
#4487 = PRESENTATION_LAYER_ASSIGNMENT (  '', '', ( #6957 ) ) ;
#4488 = LINE ( 'NONE', #3877, #2940 ) ;
#4489 = DIRECTION ( 'NONE',  ( 1.000000000000000000, 0.000000000000000000, -0.000000000000000000 ) ) ;
#4490 = AXIS2_PLACEMENT_3D ( 'NONE', #285, #2650, #7070 ) ;
#4491 = EDGE_CURVE ( 'NONE', #5332, #6103, #332, .T. ) ;
#4492 = CARTESIAN_POINT ( 'NONE',  ( 0.000000000000000000, 2.065549442140357073, 1.500000000000000222 ) ) ;
#4493 =( GEOMETRIC_REPRESENTATION_CONTEXT ( 3 ) GLOBAL_UNCERTAINTY_ASSIGNED_CONTEXT ( ( #1958 ) ) GLOBAL_UNIT_ASSIGNED_CONTEXT ( ( #3913, #7009, #6971 ) ) REPRESENTATION_CONTEXT ( 'NONE', 'WORKASPACE' ) );
#4494 = CIRCLE ( 'NONE', #6965, 0.1750000000000303813 ) ;
#4495 = PLANE ( 'NONE',  #321 ) ;
#4496 = ORIENTED_EDGE ( 'NONE', *, *, #7492, .F. ) ;
#4497 = VECTOR ( 'NONE', #2232, 1000.000000000000000 ) ;
#4498 = DIRECTION ( 'NONE',  ( -0.000000000000000000, 1.000000000000000000, -0.000000000000000000 ) ) ;
#4499 = ORIENTED_EDGE ( 'NONE', *, *, #6616, .T. ) ;
#4500 = ORIENTED_EDGE ( 'NONE', *, *, #5699, .F. ) ;
#4501 = CARTESIAN_POINT ( 'NONE',  ( -0.7499999999999991118, 0.4500000000000000666, 0.000000000000000000 ) ) ;
#4502 = UNCERTAINTY_MEASURE_WITH_UNIT (LENGTH_MEASURE( 1.000000000000000082E-05 ), #2629, 'distance_accuracy_value', 'NONE');
#4503 =( GEOMETRIC_REPRESENTATION_CONTEXT ( 3 ) GLOBAL_UNCERTAINTY_ASSIGNED_CONTEXT ( ( #3273 ) ) GLOBAL_UNIT_ASSIGNED_CONTEXT ( ( #7420, #4955, #2365 ) ) REPRESENTATION_CONTEXT ( 'NONE', 'WORKASPACE' ) );
#4504 = FILL_AREA_STYLE ('',( #7573 ) ) ;
#4505 = ORIENTED_EDGE ( 'NONE', *, *, #2637, .F. ) ;
#4506 = FACE_OUTER_BOUND ( 'NONE', #4386, .T. ) ;
#4507 = SURFACE_SIDE_STYLE ('',( #7578 ) ) ;
#4508 = AXIS2_PLACEMENT_3D ( 'NONE', #5351, #5930, #7814 ) ;
#4509 = ORIENTED_EDGE ( 'NONE', *, *, #1584, .F. ) ;
#4510 = FILL_AREA_STYLE_COLOUR ( '', #6211 ) ;
#4511 = ORIENTED_EDGE ( 'NONE', *, *, #1384, .T. ) ;
#4512 =( BOUNDED_SURFACE ( )  B_SPLINE_SURFACE ( 3, 3, ( 
 ( #6634, #7718, #1697, #7882 ),
 ( #4183, #4027, #6666, #7227 ),
 ( #7190, #375, #1048, #4683 ),
 ( #5962, #5373, #2213, #287 ) ),
 .UNSPECIFIED., .F., .F., .T. ) 
 B_SPLINE_SURFACE_WITH_KNOTS ( ( 4, 4 ),
 ( 4, 4 ),
 ( 0.000000000000000000, 1.000000000000000000 ),
 ( 0.000000000000000000, 1.000000000000000000 ),
 .UNSPECIFIED. ) 
 GEOMETRIC_REPRESENTATION_ITEM ( )  RATIONAL_B_SPLINE_SURFACE ( (
 ( 1.000000000000000000, 0.8047378541243652705, 0.8047378541243652705, 1.000000000000000000),
 ( 0.8047378541243666028, 0.6476030138606893027, 0.6476030138606893027, 0.8047378541243666028),
 ( 0.8047378541243666028, 0.6476030138606893027, 0.6476030138606893027, 0.8047378541243666028),
 ( 1.000000000000000000, 0.8047378541243652705, 0.8047378541243652705, 1.000000000000000000) ) ) 
 REPRESENTATION_ITEM ( '' )  SURFACE ( )  );
#4513 = DIRECTION ( 'NONE',  ( -0.000000000000000000, -0.000000000000000000, 1.000000000000000000 ) ) ;
#4514 = SURFACE_STYLE_FILL_AREA ( #199 ) ;
#4515 = DIRECTION ( 'NONE',  ( -0.000000000000000000, 1.000000000000000000, 0.000000000000000000 ) ) ;
#4516 =( GEOMETRIC_REPRESENTATION_CONTEXT ( 3 ) GLOBAL_UNCERTAINTY_ASSIGNED_CONTEXT ( ( #5713 ) ) GLOBAL_UNIT_ASSIGNED_CONTEXT ( ( #413, #6563, #2248 ) ) REPRESENTATION_CONTEXT ( 'NONE', 'WORKASPACE' ) );
#4517 = PLANE ( 'NONE',  #3395 ) ;
#4518 = AXIS2_PLACEMENT_3D ( 'NONE', #1014, #5782, #3353 ) ;
#4519 = DIRECTION ( 'NONE',  ( -0.000000000000000000, -1.000000000000000000, 0.000000000000000000 ) ) ;
#4520 = EDGE_CURVE ( 'NONE', #2441, #621, #4472, .T. ) ;
#4521 = CARTESIAN_POINT ( 'NONE',  ( -2.168404344971008868E-16, 0.4500000000000000666, 1.349999999999984768 ) ) ;
#4522 = EDGE_CURVE ( 'NONE', #7022, #3056, #2323, .T. ) ;
#4523 = ORIENTED_EDGE ( 'NONE', *, *, #3444, .F. ) ;
#4524 = MECHANICAL_DESIGN_GEOMETRIC_PRESENTATION_REPRESENTATION (  '', ( #2064 ), #4134 ) ;
#4525 = CARTESIAN_POINT ( 'NONE',  ( -1.326794919243112769, 2.065549442140357073, -1.474999999999999645 ) ) ;
#4526 = AXIS2_PLACEMENT_3D ( 'NONE', #2912, #1034, #7173 ) ;
#4527 = LINE ( 'NONE', #1471, #5956 ) ;
#4528 = ORIENTED_EDGE ( 'NONE', *, *, #819, .F. ) ;
#4529 = FILL_AREA_STYLE_COLOUR ( '', #1149 ) ;
#4530 = STYLED_ITEM ( 'NONE', ( #1069 ), #7344 ) ;
#4531 =( GEOMETRIC_REPRESENTATION_CONTEXT ( 3 ) GLOBAL_UNCERTAINTY_ASSIGNED_CONTEXT ( ( #3755 ) ) GLOBAL_UNIT_ASSIGNED_CONTEXT ( ( #6328, #6059, #2964 ) ) REPRESENTATION_CONTEXT ( 'NONE', 'WORKASPACE' ) );
#4532 = DIRECTION ( 'NONE',  ( 0.000000000000000000, 1.000000000000000000, 0.000000000000000000 ) ) ;
#4533 = EDGE_CURVE ( 'NONE', #604, #3821, #3540, .T. ) ;
#4534 = CARTESIAN_POINT ( 'NONE',  ( 1.349999999999969891, 0.4500000000000000111, -1.499999999999999778 ) ) ;
#4535 = VECTOR ( 'NONE', #2822, 1000.000000000000000 ) ;
#4536 = VECTOR ( 'NONE', #5205, 1000.000000000000000 ) ;
#4537 = SURFACE_STYLE_USAGE ( .BOTH. , #4042 ) ;
#4538 = VERTEX_POINT ( 'NONE', #1735 ) ;
#4539 = PRESENTATION_STYLE_ASSIGNMENT (( #5070 ) ) ;
#4540 = ORIENTED_EDGE ( 'NONE', *, *, #6484, .T. ) ;
#4541 = EDGE_CURVE ( 'NONE', #2479, #7701, #5527, .T. ) ;
#4542 = CARTESIAN_POINT ( 'NONE',  ( 1.199999999999999734, 1.000000000000000000, 1.499999999999997780 ) ) ;
#4543 = PRESENTATION_LAYER_ASSIGNMENT (  '', '', ( #2605 ) ) ;
#4544 =( NAMED_UNIT ( * ) SI_UNIT ( $, .STERADIAN. ) SOLID_ANGLE_UNIT ( ) );
#4545 = VERTEX_POINT ( 'NONE', #4835 ) ;
#4546 =( LENGTH_UNIT ( ) NAMED_UNIT ( * ) SI_UNIT ( .MILLI., .METRE. ) );
#4547 =( NAMED_UNIT ( * ) SI_UNIT ( $, .STERADIAN. ) SOLID_ANGLE_UNIT ( ) );
#4548 = STYLED_ITEM ( 'NONE', ( #1658 ), #1434 ) ;
#4549 = ORIENTED_EDGE ( 'NONE', *, *, #4938, .F. ) ;
#4550 = CARTESIAN_POINT ( 'NONE',  ( 0.000000000000000000, 2.065549442140357073, -1.499999999999999778 ) ) ;
#4551 = EDGE_LOOP ( 'NONE', ( #2881, #6746, #6994, #1665 ) ) ;
#4552 = DIRECTION ( 'NONE',  ( 0.000000000000000000, 0.000000000000000000, 1.000000000000000000 ) ) ;
#4553 = DIRECTION ( 'NONE',  ( 0.000000000000000000, 0.000000000000000000, -1.000000000000000000 ) ) ;
#4554 = FACE_OUTER_BOUND ( 'NONE', #7990, .T. ) ;
#4555 = FACE_OUTER_BOUND ( 'NONE', #6828, .T. ) ;
#4556 = UNCERTAINTY_MEASURE_WITH_UNIT (LENGTH_MEASURE( 1.000000000000000082E-05 ), #2773, 'distance_accuracy_value', 'NONE');
#4557 = PLANE ( 'NONE',  #7017 ) ;
#4558 = SURFACE_STYLE_FILL_AREA ( #4032 ) ;
#4559 = SURFACE_SIDE_STYLE ('',( #209 ) ) ;
#4560 = CARTESIAN_POINT ( 'NONE',  ( 0.000000000000000000, 0.000000000000000000, 0.000000000000000000 ) ) ;
#4561 = ORIENTED_EDGE ( 'NONE', *, *, #4246, .F. ) ;
#4562 = DIRECTION ( 'NONE',  ( -0.000000000000000000, 1.000000000000000000, -0.000000000000000000 ) ) ;
#4563 = COLOUR_RGB ( '',0.7529411764705882248, 0.7529411764705882248, 0.7529411764705882248 ) ;
#4564 = ADVANCED_FACE ( 'NONE', ( #6180 ), #563, .F. ) ;
#4565 = DIRECTION ( 'NONE',  ( 0.000000000000000000, 0.000000000000000000, -1.000000000000000000 ) ) ;
#4566 = ORIENTED_EDGE ( 'NONE', *, *, #3549, .T. ) ;
#4567 = CARTESIAN_POINT ( 'NONE',  ( -1.400000000000000133, 0.9414213562373097144, 1.317157287525377862 ) ) ;
#4568 = DIRECTION ( 'NONE',  ( -0.000000000000000000, 1.000000000000000000, 0.000000000000000000 ) ) ;
#4569 = FILL_AREA_STYLE_COLOUR ( '', #2291 ) ;
#4570 = EDGE_CURVE ( 'NONE', #3850, #7455, #4303, .T. ) ;
#4571 = FACE_OUTER_BOUND ( 'NONE', #3306, .T. ) ;
#4572 = EDGE_CURVE ( 'NONE', #2838, #2067, #6568, .T. ) ;
#4573 = PRESENTATION_LAYER_ASSIGNMENT (  '', '', ( #30 ) ) ;
#4574 = CARTESIAN_POINT ( 'NONE',  ( 0.000000000000000000, 0.4500000000000000666, -1.499999999999999778 ) ) ;
#4575 = ORIENTED_EDGE ( 'NONE', *, *, #6871, .T. ) ;
#4576 = FILL_AREA_STYLE ('',( #3336 ) ) ;
#4577 = ORIENTED_EDGE ( 'NONE', *, *, #6134, .F. ) ;
#4578 = CARTESIAN_POINT ( 'NONE',  ( 0.000000000000000000, 0.000000000000000000, -1.499999999999999778 ) ) ;
#4579 = DIRECTION ( 'NONE',  ( 0.000000000000000000, 0.000000000000000000, -1.000000000000000000 ) ) ;
#4580 = SURFACE_STYLE_FILL_AREA ( #6587 ) ;
#4581 = ORIENTED_EDGE ( 'NONE', *, *, #3062, .F. ) ;
#4582 = DIRECTION ( 'NONE',  ( -0.000000000000000000, 1.000000000000000000, -0.000000000000000000 ) ) ;
#4583 =( LENGTH_UNIT ( ) NAMED_UNIT ( * ) SI_UNIT ( .MILLI., .METRE. ) );
#4584 = ADVANCED_FACE ( 'NONE', ( #4181 ), #4917, .F. ) ;
#4585 = VERTEX_POINT ( 'NONE', #4339 ) ;
#4586 = STYLED_ITEM ( 'NONE', ( #1757 ), #4969 ) ;
#4587 = UNCERTAINTY_MEASURE_WITH_UNIT (LENGTH_MEASURE( 1.000000000000000082E-05 ), #2506, 'distance_accuracy_value', 'NONE');
#4588 = ORIENTED_EDGE ( 'NONE', *, *, #6923, .T. ) ;
#4589 = FILL_AREA_STYLE ('',( #2117 ) ) ;
#4590 = VECTOR ( 'NONE', #2662, 1000.000000000000000 ) ;
#4591 = ADVANCED_FACE ( 'NONE', ( #3138 ), #4455, .T. ) ;
#4592 = FACE_OUTER_BOUND ( 'NONE', #1223, .T. ) ;
#4593 = FACE_OUTER_BOUND ( 'NONE', #144, .T. ) ;
#4594 = AXIS2_PLACEMENT_3D ( 'NONE', #4599, #4690, #7078 ) ;
#4595 = CARTESIAN_POINT ( 'NONE',  ( -0.1500000000000002442, 2.065549442140357073, -1.499999999999999778 ) ) ;
#4596 = STYLED_ITEM ( 'NONE', ( #3140 ), #5321 ) ;
#4597 = DIRECTION ( 'NONE',  ( -0.000000000000000000, 1.000000000000000000, -0.000000000000000000 ) ) ;
#4598 = FILL_AREA_STYLE_COLOUR ( '', #4282 ) ;
#4599 = CARTESIAN_POINT ( 'NONE',  ( 1.199999999999999734, 1.050000000000000488, -1.199999999999997957 ) ) ;
#4600 = ORIENTED_EDGE ( 'NONE', *, *, #4491, .T. ) ;
#4601 = MECHANICAL_DESIGN_GEOMETRIC_PRESENTATION_REPRESENTATION (  '', ( #6301 ), #5125 ) ;
#4602 =( NAMED_UNIT ( * ) PLANE_ANGLE_UNIT ( ) SI_UNIT ( $, .RADIAN. ) );
#4603 = SURFACE_STYLE_USAGE ( .BOTH. , #5925 ) ;
#4604 = DIRECTION ( 'NONE',  ( -0.000000000000000000, 1.000000000000000000, -0.000000000000000000 ) ) ;
#4605 = EDGE_LOOP ( 'NONE', ( #3858, #6172, #1940, #2664, #3573, #1761 ) ) ;
#4606 = CARTESIAN_POINT ( 'NONE',  ( -1.341421356237310958, 0.8999999999999996891, 1.441421356237306384 ) ) ;
#4607 = PRESENTATION_LAYER_ASSIGNMENT (  '', '', ( #1222 ) ) ;
#4608 = CARTESIAN_POINT ( 'NONE',  ( -1.474999999999999867, 0.000000000000000000, -0.9000000000000005773 ) ) ;
#4609 = CYLINDRICAL_SURFACE ( 'NONE', #2303, 0.1750000000000295208 ) ;
#4610 = PRESENTATION_LAYER_ASSIGNMENT (  '', '', ( #1873 ) ) ;
#4611 = SURFACE_STYLE_USAGE ( .BOTH. , #2714 ) ;
#4612 = FILL_AREA_STYLE_COLOUR ( '', #2706 ) ;
#4613 = FACE_OUTER_BOUND ( 'NONE', #2429, .T. ) ;
#4614 = EDGE_LOOP ( 'NONE', ( #3297, #1417, #4713, #882 ) ) ;
#4615 = COLOUR_RGB ( '',1.000000000000000000, 0.8117647058823529438, 0.5019607843137254832 ) ;
#4616 = PRESENTATION_STYLE_ASSIGNMENT (( #2146 ) ) ;
#4617 = VERTEX_POINT ( 'NONE', #6224 ) ;
#4618 = SURFACE_STYLE_FILL_AREA ( #2192 ) ;
#4619 =( LENGTH_UNIT ( ) NAMED_UNIT ( * ) SI_UNIT ( .MILLI., .METRE. ) );
#4620 = CYLINDRICAL_SURFACE ( 'NONE', #7772, 0.1500000000000298872 ) ;
#4621 = EDGE_CURVE ( 'NONE', #3228, #2133, #7845, .T. ) ;
#4622 = CARTESIAN_POINT ( 'NONE',  ( 1.399999999999999689, 0.4500000000000000111, 1.500000000000000222 ) ) ;
#4623 = ORIENTED_EDGE ( 'NONE', *, *, #6571, .T. ) ;
#4624 = AXIS2_PLACEMENT_3D ( 'NONE', #7424, #2571, #1175 ) ;
#4625 =( NAMED_UNIT ( * ) PLANE_ANGLE_UNIT ( ) SI_UNIT ( $, .RADIAN. ) );
#4626 = TOROIDAL_SURFACE ( 'NONE', #3217, 0.1500000000000001055, 0.05000000000000000278 ) ;
#4627 = DIRECTION ( 'NONE',  ( 1.000000000000000000, 0.000000000000000000, 1.156482317317872317E-15 ) ) ;
#4628 =( GEOMETRIC_REPRESENTATION_CONTEXT ( 3 ) GLOBAL_UNCERTAINTY_ASSIGNED_CONTEXT ( ( #257 ) ) GLOBAL_UNIT_ASSIGNED_CONTEXT ( ( #3937, #7713, #3216 ) ) REPRESENTATION_CONTEXT ( 'NONE', 'WORKASPACE' ) );
#4629 = ORIENTED_EDGE ( 'NONE', *, *, #5339, .F. ) ;
#4630 = FACE_OUTER_BOUND ( 'NONE', #1905, .T. ) ;
#4631 = VECTOR ( 'NONE', #7275, 1000.000000000000000 ) ;
#4632 = ORIENTED_EDGE ( 'NONE', *, *, #899, .F. ) ;
#4633 =( NAMED_UNIT ( * ) PLANE_ANGLE_UNIT ( ) SI_UNIT ( $, .RADIAN. ) );
#4634 = CARTESIAN_POINT ( 'NONE',  ( -1.349999999999999867, 1.050000000000000488, 1.199999999999997735 ) ) ;
#4635 = ADVANCED_FACE ( 'NONE', ( #4506 ), #811, .F. ) ;
#4636 = SURFACE_STYLE_USAGE ( .BOTH. , #156 ) ;
#4637 = AXIS2_PLACEMENT_3D ( 'NONE', #7817, #427, #2264 ) ;
#4638 = CARTESIAN_POINT ( 'NONE',  ( -1.199999999999999956, 0.8999999999999996891, -1.441421356237307272 ) ) ;
#4639 = CARTESIAN_POINT ( 'NONE',  ( 1.499999999999998890, 0.8500000000000000888, 1.400000000000000133 ) ) ;
#4640 = SURFACE_STYLE_USAGE ( .BOTH. , #5256 ) ;
#4641 = PRESENTATION_STYLE_ASSIGNMENT (( #865 ) ) ;
#4642 = CARTESIAN_POINT ( 'NONE',  ( 0.000000000000000000, 0.4500000000000000666, 0.000000000000000000 ) ) ;
#4643 = MECHANICAL_DESIGN_GEOMETRIC_PRESENTATION_REPRESENTATION (  '', ( #2184 ), #2446 ) ;
#4644 = ADVANCED_FACE ( 'NONE', ( #4419 ), #6549, .T. ) ;
#4645 = STYLED_ITEM ( 'NONE', ( #7640 ), #2253 ) ;
#4646 = ORIENTED_EDGE ( 'NONE', *, *, #3151, .F. ) ;
#4647 = FACE_OUTER_BOUND ( 'NONE', #695, .T. ) ;
#4648 = DIRECTION ( 'NONE',  ( -0.000000000000000000, 1.000000000000000000, -0.000000000000000000 ) ) ;
#4649 = UNCERTAINTY_MEASURE_WITH_UNIT (LENGTH_MEASURE( 1.000000000000000082E-05 ), #7932, 'distance_accuracy_value', 'NONE');
#4650 = FILL_AREA_STYLE ('',( #7556 ) ) ;
#4651 = AXIS2_PLACEMENT_3D ( 'NONE', #6396, #6474, #6430 ) ;
#4652 = ORIENTED_EDGE ( 'NONE', *, *, #8001, .T. ) ;
#4653 = SURFACE_STYLE_USAGE ( .BOTH. , #873 ) ;
#4654 = LINE ( 'NONE', #7134, #6312 ) ;
#4655 = CARTESIAN_POINT ( 'NONE',  ( 1.324999999999969758, 0.4499999999999999001, -1.499999999999999778 ) ) ;
#4656 = AXIS2_PLACEMENT_3D ( 'NONE', #7323, #433, #4131 ) ;
#4657 = STYLED_ITEM ( 'NONE', ( #2394 ), #1876 ) ;
#4658 = FILL_AREA_STYLE_COLOUR ( '', #3933 ) ;
#4659 = UNCERTAINTY_MEASURE_WITH_UNIT (LENGTH_MEASURE( 1.000000000000000082E-05 ), #2524, 'distance_accuracy_value', 'NONE');
#4660 = VECTOR ( 'NONE', #3471, 1000.000000000000000 ) ;
#4661 = CARTESIAN_POINT ( 'NONE',  ( -1.326794919243112769, 0.4500000000000001221, 1.474999999999999645 ) ) ;
#4662 = SURFACE_SIDE_STYLE ('',( #1477 ) ) ;
#4663 = ORIENTED_EDGE ( 'NONE', *, *, #7696, .F. ) ;
#4664 = DIRECTION ( 'NONE',  ( 0.000000000000000000, 0.000000000000000000, -1.000000000000000000 ) ) ;
#4665 = ORIENTED_EDGE ( 'NONE', *, *, #3195, .T. ) ;
#4666 = CARTESIAN_POINT ( 'NONE',  ( -1.475000000000000089, 0.000000000000000000, 0.000000000000000000 ) ) ;
#4667 = DIRECTION ( 'NONE',  ( 1.156482317317871331E-15, 0.000000000000000000, -1.000000000000000000 ) ) ;
#4668 = PRESENTATION_STYLE_ASSIGNMENT (( #3528 ) ) ;
#4669 =( NAMED_UNIT ( * ) PLANE_ANGLE_UNIT ( ) SI_UNIT ( $, .RADIAN. ) );
#4670 = ORIENTED_EDGE ( 'NONE', *, *, #7940, .T. ) ;
#4671 = COLOUR_RGB ( '',1.000000000000000000, 0.8117647058823529438, 0.5019607843137254832 ) ;
#4672 = MECHANICAL_DESIGN_GEOMETRIC_PRESENTATION_REPRESENTATION (  '', ( #5450 ), #6624 ) ;
#4673 =( NAMED_UNIT ( * ) PLANE_ANGLE_UNIT ( ) SI_UNIT ( $, .RADIAN. ) );
#4674 = EDGE_CURVE ( 'NONE', #4912, #497, #1606, .T. ) ;
#4675 = EDGE_CURVE ( 'NONE', #5479, #1315, #4090, .T. ) ;
#4676 = ORIENTED_EDGE ( 'NONE', *, *, #59, .T. ) ;
#4677 = LINE ( 'NONE', #7152, #5566 ) ;
#4678 =( GEOMETRIC_REPRESENTATION_CONTEXT ( 3 ) GLOBAL_UNCERTAINTY_ASSIGNED_CONTEXT ( ( #4775 ) ) GLOBAL_UNIT_ASSIGNED_CONTEXT ( ( #1906, #6271, #5657 ) ) REPRESENTATION_CONTEXT ( 'NONE', 'WORKASPACE' ) );
#4679 = EDGE_LOOP ( 'NONE', ( #3934, #6299, #3346, #2091 ) ) ;
#4680 = PRESENTATION_STYLE_ASSIGNMENT (( #7222 ) ) ;
#4681 = CARTESIAN_POINT ( 'NONE',  ( 1.499999999999999778, 0.4500000000000000111, -0.1500000000000311917 ) ) ;
#4682 =( GEOMETRIC_REPRESENTATION_CONTEXT ( 3 ) GLOBAL_UNCERTAINTY_ASSIGNED_CONTEXT ( ( #3666 ) ) GLOBAL_UNIT_ASSIGNED_CONTEXT ( ( #5710, #4473, #7804 ) ) REPRESENTATION_CONTEXT ( 'NONE', 'WORKASPACE' ) );
#4683 = CARTESIAN_POINT ( 'NONE',  ( 1.399999999999999911, 0.9414213562373099364, 1.199999999999997513 ) ) ;
#4684 = EDGE_CURVE ( 'NONE', #5662, #5389, #4053, .T. ) ;
#4685 = FACE_OUTER_BOUND ( 'NONE', #149, .T. ) ;
#4686 = DIRECTION ( 'NONE',  ( 1.000000000000000000, 0.000000000000000000, -0.000000000000000000 ) ) ;
#4687 = VECTOR ( 'NONE', #3143, 1000.000000000000000 ) ;
#4688 =( NAMED_UNIT ( * ) SI_UNIT ( $, .STERADIAN. ) SOLID_ANGLE_UNIT ( ) );
#4689 = PRESENTATION_STYLE_ASSIGNMENT (( #4720 ) ) ;
#4690 = DIRECTION ( 'NONE',  ( 0.000000000000000000, -1.000000000000000000, -0.000000000000000000 ) ) ;
#4691 = ORIENTED_EDGE ( 'NONE', *, *, #7757, .T. ) ;
#4692 = SURFACE_STYLE_USAGE ( .BOTH. , #2221 ) ;
#4693 = EDGE_CURVE ( 'NONE', #7183, #5681, #888, .T. ) ;
#4694 = CARTESIAN_POINT ( 'NONE',  ( -1.500000000000000222, 0.8999999999999999112, 1.375735931288068592 ) ) ;
#4695 = LINE ( 'NONE', #1592, #7318 ) ;
#4696 = DIRECTION ( 'NONE',  ( 1.000000000000000000, 0.000000000000000000, -0.000000000000000000 ) ) ;
#4697 = FILL_AREA_STYLE ('',( #2793 ) ) ;
#4698 = UNCERTAINTY_MEASURE_WITH_UNIT (LENGTH_MEASURE( 1.000000000000000082E-05 ), #5246, 'distance_accuracy_value', 'NONE');
#4699 = FILL_AREA_STYLE_COLOUR ( '', #7879 ) ;
#4700 = ORIENTED_EDGE ( 'NONE', *, *, #649, .F. ) ;
#4701 = VECTOR ( 'NONE', #5197, 1000.000000000000000 ) ;
#4702 = DIRECTION ( 'NONE',  ( 0.000000000000000000, 0.000000000000000000, 1.000000000000000000 ) ) ;
#4703 = DIRECTION ( 'NONE',  ( -0.000000000000000000, 1.000000000000000000, 0.000000000000000000 ) ) ;
#4704 = SURFACE_STYLE_USAGE ( .BOTH. , #2309 ) ;
#4705 = CYLINDRICAL_SURFACE ( 'NONE', #386, 0.1499999999999999667 ) ;
#4706 = PRESENTATION_STYLE_ASSIGNMENT (( #472 ) ) ;
#4707 = ORIENTED_EDGE ( 'NONE', *, *, #5726, .F. ) ;
#4708 = CARTESIAN_POINT ( 'NONE',  ( 0.000000000000000000, 0.4500000000000000666, -1.499999999999999778 ) ) ;
#4709 = MECHANICAL_DESIGN_GEOMETRIC_PRESENTATION_REPRESENTATION (  '', ( #7166 ), #2895 ) ;
#4710 = CARTESIAN_POINT ( 'NONE',  ( 1.397882038470442900, 0.9000000000000003553, 1.426517246685774731 ) ) ;
#4711 = ORIENTED_EDGE ( 'NONE', *, *, #7810, .T. ) ;
#4712 = PRESENTATION_STYLE_ASSIGNMENT (( #2850 ) ) ;
#4713 = ORIENTED_EDGE ( 'NONE', *, *, #2191, .T. ) ;
#4714 = FILL_AREA_STYLE ('',( #3428 ) ) ;
#4716 = PRESENTATION_LAYER_ASSIGNMENT (  '', '', ( #7684 ) ) ;
#4715 = PLANE ( 'NONE',  #3247 ) ;
#4717 = CARTESIAN_POINT ( 'NONE',  ( -1.399999999999999467, 1.000000000000000000, -1.199999999999998179 ) ) ;
#4718 = SURFACE_STYLE_FILL_AREA ( #2861 ) ;
#4719 = PRESENTATION_STYLE_ASSIGNMENT (( #7836 ) ) ;
#4720 = SURFACE_STYLE_USAGE ( .BOTH. , #1742 ) ;
#4721 = EDGE_CURVE ( 'NONE', #1435, #3132, #848, .T. ) ;
#4722 = EDGE_CURVE ( 'NONE', #7701, #3932, #5951, .T. ) ;
#4723 = VERTEX_POINT ( 'NONE', #318 ) ;
#4724 = AXIS2_PLACEMENT_3D ( 'NONE', #4278, #3022, #5667 ) ;
#4725 = VECTOR ( 'NONE', #1805, 1000.000000000000000 ) ;
#4726 = DIRECTION ( 'NONE',  ( 1.000000000000000000, -0.000000000000000000, 0.000000000000000000 ) ) ;
#4727 = CARTESIAN_POINT ( 'NONE',  ( 1.399999999999999689, 0.9000000000000002442, -1.399999999999999689 ) ) ;
#4728 = CARTESIAN_POINT ( 'NONE',  ( 1.499999999999999778, 2.065549442140357073, 0.000000000000000000 ) ) ;
#4729 = LINE ( 'NONE', #2832, #2179 ) ;
#4730 = EDGE_CURVE ( 'NONE', #666, #603, #425, .T. ) ;
#4731 = STYLED_ITEM ( 'NONE', ( #7927 ), #1045 ) ;
#4732 = CARTESIAN_POINT ( 'NONE',  ( 1.499999999999999778, 0.000000000000000000, -1.349999999999969891 ) ) ;
#4733 = DIRECTION ( 'NONE',  ( 0.000000000000000000, 0.000000000000000000, -1.000000000000000000 ) ) ;
#4734 = PRODUCT_CONTEXT ( 'NONE', #471, 'mechanical' ) ;
#4735 = STYLED_ITEM ( 'NONE', ( #5695 ), #4591 ) ;
#4736 = VERTEX_POINT ( 'NONE', #2847 ) ;
#4737 = LINE ( 'NONE', #5280, #7632 ) ;
#4738 = ORIENTED_EDGE ( 'NONE', *, *, #1138, .F. ) ;
#4739 = SURFACE_STYLE_FILL_AREA ( #1002 ) ;
#4740 = FILL_AREA_STYLE ('',( #6509 ) ) ;
#4741 = EDGE_CURVE ( 'NONE', #5492, #802, #7422, .T. ) ;
#4742 = ORIENTED_EDGE ( 'NONE', *, *, #7939, .T. ) ;
#4743 = SURFACE_STYLE_USAGE ( .BOTH. , #2435 ) ;
#4744 = STYLED_ITEM ( 'NONE', ( #1516 ), #3089 ) ;
#4745 = LINE ( 'NONE', #2884, #4850 ) ;
#4746 = ORIENTED_EDGE ( 'NONE', *, *, #3637, .F. ) ;
#4747 =( GEOMETRIC_REPRESENTATION_CONTEXT ( 3 ) GLOBAL_UNCERTAINTY_ASSIGNED_CONTEXT ( ( #4502 ) ) GLOBAL_UNIT_ASSIGNED_CONTEXT ( ( #2629, #2010, #3878 ) ) REPRESENTATION_CONTEXT ( 'NONE', 'WORKASPACE' ) );
#4748 = DIRECTION ( 'NONE',  ( 1.000000000000000000, 0.000000000000000000, -7.518805289812394929E-16 ) ) ;
#4749 = ORIENTED_EDGE ( 'NONE', *, *, #5119, .F. ) ;
#4750 = FILL_AREA_STYLE_COLOUR ( '', #4880 ) ;
#4751 = PRESENTATION_STYLE_ASSIGNMENT (( #4142 ) ) ;
#4752 = MECHANICAL_DESIGN_GEOMETRIC_PRESENTATION_REPRESENTATION (  '', ( #7861 ), #2553 ) ;
#4753 = PRESENTATION_LAYER_ASSIGNMENT (  '', '', ( #7473 ) ) ;
#4754 = FILL_AREA_STYLE_COLOUR ( '', #6434 ) ;
#4755 = COLOUR_RGB ( '',1.000000000000000000, 0.8117647058823529438, 0.5019607843137254832 ) ;
#4756 = SURFACE_STYLE_USAGE ( .BOTH. , #410 ) ;
#4757 = PLANE ( 'NONE',  #3335 ) ;
#4758 = PLANE ( 'NONE',  #1562 ) ;
#4759 = VECTOR ( 'NONE', #2186, 1000.000000000000000 ) ;
#4760 =( NAMED_UNIT ( * ) PLANE_ANGLE_UNIT ( ) SI_UNIT ( $, .RADIAN. ) );
#4761 = CIRCLE ( 'NONE', #4508, 0.1000000000000000472 ) ;
#4762 = CARTESIAN_POINT ( 'NONE',  ( -1.199999999999999956, 1.000000000000000000, 1.199999999999997957 ) ) ;
#4763 = ORIENTED_EDGE ( 'NONE', *, *, #2894, .T. ) ;
#4764 = CARTESIAN_POINT ( 'NONE',  ( -1.199999999999999956, 0.9000000000000001332, 1.499999999999999112 ) ) ;
#4765 = FILL_AREA_STYLE ('',( #5419 ) ) ;
#4766 = ADVANCED_FACE ( 'NONE', ( #4016 ), #5287, .T. ) ;
#4767 = EDGE_CURVE ( 'NONE', #1626, #3614, #5401, .T. ) ;
#4768 = DIRECTION ( 'NONE',  ( 0.000000000000000000, 0.000000000000000000, -1.000000000000000000 ) ) ;
#4769 = AXIS2_PLACEMENT_3D ( 'NONE', #938, #7720, #3435 ) ;
#4770 =( LENGTH_UNIT ( ) NAMED_UNIT ( * ) SI_UNIT ( .MILLI., .METRE. ) );
#4771 = LINE ( 'NONE', #7236, #5163 ) ;
#4772 =( LENGTH_UNIT ( ) NAMED_UNIT ( * ) SI_UNIT ( .MILLI., .METRE. ) );
#4773 = PRESENTATION_LAYER_ASSIGNMENT (  '', '', ( #7620 ) ) ;
#4774 = CARTESIAN_POINT ( 'NONE',  ( -1.475000000000000089, 0.000000000000000000, 0.000000000000000000 ) ) ;
#4775 = UNCERTAINTY_MEASURE_WITH_UNIT (LENGTH_MEASURE( 1.000000000000000082E-05 ), #1906, 'distance_accuracy_value', 'NONE');
#4776 = DIRECTION ( 'NONE',  ( 0.000000000000000000, -1.000000000000000000, -0.000000000000000000 ) ) ;
#4777 = EDGE_CURVE ( 'NONE', #5613, #2190, #7980, .T. ) ;
#4778 = VERTEX_POINT ( 'NONE', #1804 ) ;
#4779 =( GEOMETRIC_REPRESENTATION_CONTEXT ( 3 ) GLOBAL_UNCERTAINTY_ASSIGNED_CONTEXT ( ( #3126 ) ) GLOBAL_UNIT_ASSIGNED_CONTEXT ( ( #1529, #5818, #2761 ) ) REPRESENTATION_CONTEXT ( 'NONE', 'WORKASPACE' ) );
#4780 = PRESENTATION_STYLE_ASSIGNMENT (( #4704 ) ) ;
#4781 = FILL_AREA_STYLE_COLOUR ( '', #3252 ) ;
#4782 = CARTESIAN_POINT ( 'NONE',  ( -1.400000000000000133, 0.4500000000000000666, -1.499999999999999778 ) ) ;
#4783 = ORIENTED_EDGE ( 'NONE', *, *, #7492, .T. ) ;
#4784 = FACE_OUTER_BOUND ( 'NONE', #4299, .T. ) ;
#4785 = COLOUR_RGB ( '',0.2509803921568627416, 0.2509803921568627416, 0.2509803921568627416 ) ;
#4786 = PRESENTATION_LAYER_ASSIGNMENT (  '', '', ( #7494 ) ) ;
#4787 = COLOUR_RGB ( '',0.2509803921568627416, 0.2509803921568627416, 0.2509803921568627416 ) ;
#4788 = ADVANCED_FACE ( 'NONE', ( #4784 ), #1117, .F. ) ;
#4789 = ORIENTED_EDGE ( 'NONE', *, *, #1280, .F. ) ;
#4790 = DIRECTION ( 'NONE',  ( 0.000000000000000000, 1.000000000000000000, -0.000000000000000000 ) ) ;
#4791 = ORIENTED_EDGE ( 'NONE', *, *, #277, .T. ) ;
#4792 = CARTESIAN_POINT ( 'NONE',  ( 1.326794919243081683, 0.000000000000000000, -1.475000000000000533 ) ) ;
#4793 = AXIS2_PLACEMENT_3D ( 'NONE', #1526, #4667, #2269 ) ;
#4794 = COLOUR_RGB ( '',1.000000000000000000, 0.8117647058823529438, 0.5019607843137254832 ) ;
#4795 = UNCERTAINTY_MEASURE_WITH_UNIT (LENGTH_MEASURE( 1.000000000000000082E-05 ), #939, 'distance_accuracy_value', 'NONE');
#4796 = CARTESIAN_POINT ( 'NONE',  ( -2.168404344971008868E-16, 0.4500000000000000666, 1.499999999999984679 ) ) ;
#4797 = FILL_AREA_STYLE ('',( #564 ) ) ;
#4798 = VECTOR ( 'NONE', #5983, 1000.000000000000000 ) ;
#4799 = PLANE ( 'NONE',  #657 ) ;
#4800 = DIRECTION ( 'NONE',  ( 0.000000000000000000, 0.000000000000000000, 1.000000000000000000 ) ) ;
#4801 = ORIENTED_EDGE ( 'NONE', *, *, #6816, .T. ) ;
#4802 = CARTESIAN_POINT ( 'NONE',  ( 0.000000000000000000, 0.4500000000000000666, 1.474999999999999645 ) ) ;
#4803 =( NAMED_UNIT ( * ) SI_UNIT ( $, .STERADIAN. ) SOLID_ANGLE_UNIT ( ) );
#4804 = PRESENTATION_LAYER_ASSIGNMENT (  '', '', ( #2871 ) ) ;
#4805 = VECTOR ( 'NONE', #6478, 1000.000000000000000 ) ;
#4806 = ORIENTED_EDGE ( 'NONE', *, *, #7119, .T. ) ;
#4807 = CARTESIAN_POINT ( 'NONE',  ( -1.354591185036682077, 0.9000000000000003553, 1.469132017898081122 ) ) ;
#4808 = VECTOR ( 'NONE', #531, 1000.000000000000000 ) ;
#4809 = FILL_AREA_STYLE_COLOUR ( '', #2790 ) ;
#4810 = CARTESIAN_POINT ( 'NONE',  ( -1.499999999999999334, 0.9000000000000002442, 1.400000000000000133 ) ) ;
#4811 = DIRECTION ( 'NONE',  ( 0.000000000000000000, 1.000000000000000000, -0.000000000000000000 ) ) ;
#4812 = CARTESIAN_POINT ( 'NONE',  ( 1.499999999999999778, 2.065549442140357073, 3.122502256758252770E-14 ) ) ;
#4813 = SURFACE_STYLE_FILL_AREA ( #4162 ) ;
#4814 = EDGE_CURVE ( 'NONE', #7298, #5158, #1041, .T. ) ;
#4815 = CARTESIAN_POINT ( 'NONE',  ( -1.325000000000000178, 0.4500000000000001221, -1.499999999999999778 ) ) ;
#4816 = LINE ( 'NONE', #4123, #364 ) ;
#4817 = ORIENTED_EDGE ( 'NONE', *, *, #3975, .F. ) ;
#4818 = DIRECTION ( 'NONE',  ( 0.000000000000000000, 1.000000000000000000, 0.000000000000000000 ) ) ;
#4819 = FILL_AREA_STYLE_COLOUR ( '', #3333 ) ;
#4820 = SURFACE_STYLE_FILL_AREA ( #7936 ) ;
#4821 = SURFACE_STYLE_USAGE ( .BOTH. , #1803 ) ;
#4822 = ADVANCED_FACE ( 'NONE', ( #1073 ), #4860, .F. ) ;
#4823 = EDGE_CURVE ( 'NONE', #7455, #3307, #6212, .T. ) ;
#4824 = CARTESIAN_POINT ( 'NONE',  ( 1.475425905371850144, 0.9000000000000003553, -1.319179874822071552 ) ) ;
#4825 = VERTEX_POINT ( 'NONE', #138 ) ;
#4826 =( LENGTH_UNIT ( ) NAMED_UNIT ( * ) SI_UNIT ( .MILLI., .METRE. ) );
#4827 = VERTEX_POINT ( 'NONE', #4984 ) ;
#4828 = ORIENTED_EDGE ( 'NONE', *, *, #1453, .F. ) ;
#4829 = CARTESIAN_POINT ( 'NONE',  ( 0.1499999999999998279, 0.000000000000000000, 1.500000000000000222 ) ) ;
#4830 = AXIS2_PLACEMENT_3D ( 'NONE', #4642, #2776, #3401 ) ;
#4831 = PRESENTATION_LAYER_ASSIGNMENT (  '', '', ( #7546 ) ) ;
#4832 = CARTESIAN_POINT ( 'NONE',  ( -1.475000000000000089, 0.4500000000000001221, 0.1732050807568877582 ) ) ;
#4833 = UNCERTAINTY_MEASURE_WITH_UNIT (LENGTH_MEASURE( 1.000000000000000082E-05 ), #4125, 'distance_accuracy_value', 'NONE');
#4834 = ADVANCED_FACE ( 'NONE', ( #757 ), #2515, .T. ) ;
#4835 = CARTESIAN_POINT ( 'NONE',  ( 0.7499999999999997780, 0.000000000000000000, -0.2999999999999999334 ) ) ;
#4836 = CARTESIAN_POINT ( 'NONE',  ( 0.7499999999999996669, 0.000000000000000000, -1.475000000000000533 ) ) ;
#4837 = SURFACE_STYLE_USAGE ( .BOTH. , #1131 ) ;
#4838 = AXIS2_PLACEMENT_3D ( 'NONE', #2805, #1005, #2727 ) ;
#4839 = CARTESIAN_POINT ( 'NONE',  ( -1.500000000000000000, 0.9000000000000002442, -1.399999999999999689 ) ) ;
#4840 = ORIENTED_EDGE ( 'NONE', *, *, #5271, .F. ) ;
#4841 = FILL_AREA_STYLE ('',( #4106 ) ) ;
#4842 = CARTESIAN_POINT ( 'NONE',  ( 1.475000000000000311, 0.000000000000000000, -1.326794919243081905 ) ) ;
#4843 = ADVANCED_FACE ( 'NONE', ( #4443 ), #3717, .F. ) ;
#4844 = ORIENTED_EDGE ( 'NONE', *, *, #3158, .T. ) ;
#4845 =( NAMED_UNIT ( * ) SI_UNIT ( $, .STERADIAN. ) SOLID_ANGLE_UNIT ( ) );
#4846 = CIRCLE ( 'NONE', #3315, 0.1499999999999999667 ) ;
#4847 = FILL_AREA_STYLE ('',( #2990 ) ) ;
#4848 = FILL_AREA_STYLE_COLOUR ( '', #6713 ) ;
#4849 = CYLINDRICAL_SURFACE ( 'NONE', #7949, 0.09999999999999917288 ) ;
#4850 = VECTOR ( 'NONE', #2200, 1000.000000000000000 ) ;
#4851 = CARTESIAN_POINT ( 'NONE',  ( -0.7499999999999992228, 0.000000000000000000, 1.474999999999999645 ) ) ;
#4852 = CARTESIAN_POINT ( 'NONE',  ( 1.499999999999999778, 0.000000000000000000, 0.1750000000000000444 ) ) ;
#4853 = ORIENTED_EDGE ( 'NONE', *, *, #4322, .T. ) ;
#4854 = COLOUR_RGB ( '',1.000000000000000000, 0.8117647058823529438, 0.5019607843137254832 ) ;
#4855 = CARTESIAN_POINT ( 'NONE',  ( 1.499999999999999778, 2.065549442140357073, 1.499999999999999556 ) ) ;
#4857 = VECTOR ( 'NONE', #3171, 1000.000000000000000 ) ;
#4856 = FILL_AREA_STYLE_COLOUR ( '', #1935 ) ;
#4858 = VECTOR ( 'NONE', #5963, 1000.000000000000000 ) ;
#4859 = CARTESIAN_POINT ( 'NONE',  ( 1.475000000000000311, 0.4500000000000000666, 0.000000000000000000 ) ) ;
#4860 = PLANE ( 'NONE',  #3026 ) ;
#4861 = STYLED_ITEM ( 'NONE', ( #7963 ), #4227 ) ;
#4862 = PRESENTATION_LAYER_ASSIGNMENT (  '', '', ( #6945 ) ) ;
#4863 = VERTEX_POINT ( 'NONE', #637 ) ;
#4864 = FILL_AREA_STYLE ('',( #6136 ) ) ;
#4865 = SURFACE_STYLE_USAGE ( .BOTH. , #7487 ) ;
#4866 = EDGE_CURVE ( 'NONE', #4863, #6947, #2251, .T. ) ;
#4867 = ORIENTED_EDGE ( 'NONE', *, *, #6816, .F. ) ;
#4868 = ADVANCED_FACE ( 'NONE', ( #6167 ), #599, .T. ) ;
#4869 = ORIENTED_EDGE ( 'NONE', *, *, #3139, .F. ) ;
#4870 = CARTESIAN_POINT ( 'NONE',  ( -1.500000000000000000, 0.9000000000000002442, -1.399999999999999689 ) ) ;
#4871 = AXIS2_PLACEMENT_3D ( 'NONE', #1541, #1499, #7156 ) ;
#4872 = DIRECTION ( 'NONE',  ( 0.000000000000000000, -0.000000000000000000, 1.000000000000000000 ) ) ;
#4873 = CIRCLE ( 'NONE', #591, 0.1749999999999687916 ) ;
#4874 = SURFACE_STYLE_USAGE ( .BOTH. , #529 ) ;
#4875 = PRESENTATION_STYLE_ASSIGNMENT (( #2973 ) ) ;
#4876 = STYLED_ITEM ( 'NONE', ( #4390 ), #7624 ) ;
#4877 = SURFACE_SIDE_STYLE ('',( #487 ) ) ;
#4878 = CARTESIAN_POINT ( 'NONE',  ( -1.200000000000000178, 1.100000000000000089, -1.199999999999998179 ) ) ;
#4879 = LINE ( 'NONE', #7346, #2228 ) ;
#4880 = COLOUR_RGB ( '',1.000000000000000000, 0.8117647058823529438, 0.5019607843137254832 ) ;
#4881 = VERTEX_POINT ( 'NONE', #7090 ) ;
#4882 = ADVANCED_FACE ( 'NONE', ( #3920 ), #3959, .T. ) ;
#4883 = MECHANICAL_DESIGN_GEOMETRIC_PRESENTATION_REPRESENTATION (  '', ( #4210 ), #4230 ) ;
#4884 = DIRECTION ( 'NONE',  ( 1.000000000000000000, 0.000000000000000000, 0.000000000000000000 ) ) ;
#4885 = SURFACE_SIDE_STYLE ('',( #980 ) ) ;
#4886 = PRESENTATION_LAYER_ASSIGNMENT (  '', '', ( #5151 ) ) ;
#4887 = DIRECTION ( 'NONE',  ( 0.000000000000000000, -1.000000000000000000, 0.000000000000000000 ) ) ;
#4888 = DIRECTION ( 'NONE',  ( 0.000000000000000000, 0.000000000000000000, 1.000000000000000000 ) ) ;
#4889 = EDGE_LOOP ( 'NONE', ( #7429, #960, #2233, #212 ) ) ;
#4890 = CIRCLE ( 'NONE', #1774, 0.1749999999999687916 ) ;
#4891 = MECHANICAL_DESIGN_GEOMETRIC_PRESENTATION_REPRESENTATION (  '', ( #1361 ), #1369 ) ;
#4892 = SURFACE_SIDE_STYLE ('',( #6197 ) ) ;
#4893 = SURFACE_STYLE_USAGE ( .BOTH. , #7 ) ;
#4894 = ADVANCED_FACE ( 'NONE', ( #3373 ), #7735, .F. ) ;
#4895 = LINE ( 'NONE', #1480, #4137 ) ;
#4896 = MECHANICAL_DESIGN_GEOMETRIC_PRESENTATION_REPRESENTATION (  '', ( #6068 ), #3974 ) ;
#4897 = COLOUR_RGB ( '',0.7529411764705882248, 0.7529411764705882248, 0.7529411764705882248 ) ;
#4898 = DIRECTION ( 'NONE',  ( -0.000000000000000000, -1.000000000000000000, -0.000000000000000000 ) ) ;
#4899 = DIRECTION ( 'NONE',  ( 0.000000000000000000, 0.000000000000000000, -1.000000000000000000 ) ) ;
#4900 = ORIENTED_EDGE ( 'NONE', *, *, #2997, .F. ) ;
#4901 = SURFACE_STYLE_FILL_AREA ( #3642 ) ;
#4902 = LINE ( 'NONE', #8023, #5526 ) ;
#4903 = CARTESIAN_POINT ( 'NONE',  ( -1.319179874822068887, 0.9000000000000003553, -1.475425905371849478 ) ) ;
#4904 = VECTOR ( 'NONE', #1287, 1000.000000000000000 ) ;
#4905 = VECTOR ( 'NONE', #5790, 1000.000000000000000 ) ;
#4906 =( LENGTH_UNIT ( ) NAMED_UNIT ( * ) SI_UNIT ( .MILLI., .METRE. ) );
#4907 = CARTESIAN_POINT ( 'NONE',  ( 0.000000000000000000, 0.000000000000000000, 1.500000000000000222 ) ) ;
#4908 = ORIENTED_EDGE ( 'NONE', *, *, #4273, .F. ) ;
#4909 = CARTESIAN_POINT ( 'NONE',  ( -1.200000000000000178, 1.000000000000000000, -1.399999999999998135 ) ) ;
#4910 = MECHANICAL_DESIGN_GEOMETRIC_PRESENTATION_REPRESENTATION (  '', ( #5427 ), #1648 ) ;
#4911 = VERTEX_POINT ( 'NONE', #4732 ) ;
#4912 = VERTEX_POINT ( 'NONE', #4815 ) ;
#4913 = SURFACE_STYLE_FILL_AREA ( #5521 ) ;
#4914 = CARTESIAN_POINT ( 'NONE',  ( -1.200000000000000178, 1.000000000000000000, -1.199999999999998179 ) ) ;
#4915 = CARTESIAN_POINT ( 'NONE',  ( -1.475000000000000089, 2.065549442140357073, -0.9000000000000005773 ) ) ;
#4916 = STYLED_ITEM ( 'NONE', ( #4706 ), #6382 ) ;
#4917 = CYLINDRICAL_SURFACE ( 'NONE', #3463, 0.1000000000000000472 ) ;
#4918 =( GEOMETRIC_REPRESENTATION_CONTEXT ( 3 ) GLOBAL_UNCERTAINTY_ASSIGNED_CONTEXT ( ( #1083 ) ) GLOBAL_UNIT_ASSIGNED_CONTEXT ( ( #3795, #3963, #6620 ) ) REPRESENTATION_CONTEXT ( 'NONE', 'WORKASPACE' ) );
#4919 = EDGE_CURVE ( 'NONE', #3342, #1968, #6009, .T. ) ;
#4920 = LINE ( 'NONE', #2363, #168 ) ;
#4921 = LINE ( 'NONE', #7955, #256 ) ;
#4922 = DIRECTION ( 'NONE',  ( -1.807003620809174632E-16, -0.000000000000000000, 1.000000000000000000 ) ) ;
#4923 =( GEOMETRIC_REPRESENTATION_CONTEXT ( 3 ) GLOBAL_UNCERTAINTY_ASSIGNED_CONTEXT ( ( #1310 ) ) GLOBAL_UNIT_ASSIGNED_CONTEXT ( ( #7131, #5147, #5190 ) ) REPRESENTATION_CONTEXT ( 'NONE', 'WORKASPACE' ) );
#4924 = ORIENTED_EDGE ( 'NONE', *, *, #242, .F. ) ;
#4925 = SURFACE_SIDE_STYLE ('',( #8002 ) ) ;
#4926 =( NAMED_UNIT ( * ) SI_UNIT ( $, .STERADIAN. ) SOLID_ANGLE_UNIT ( ) );
#4927 = DIRECTION ( 'NONE',  ( -0.000000000000000000, -1.000000000000000000, -0.000000000000000000 ) ) ;
#4928 = PRESENTATION_STYLE_ASSIGNMENT (( #1212 ) ) ;
#4929 = SURFACE_SIDE_STYLE ('',( #2457 ) ) ;
#4930 = EDGE_LOOP ( 'NONE', ( #6327, #3174, #6236, #5320 ) ) ;
#4931 = VECTOR ( 'NONE', #3698, 1000.000000000000000 ) ;
#4932 = EDGE_CURVE ( 'NONE', #6002, #90, #7895, .T. ) ;
#4933 =( NAMED_UNIT ( * ) PLANE_ANGLE_UNIT ( ) SI_UNIT ( $, .RADIAN. ) );
#4934 = DIRECTION ( 'NONE',  ( 0.000000000000000000, -1.000000000000000000, 0.000000000000000000 ) ) ;
#4935 = VECTOR ( 'NONE', #1989, 1000.000000000000000 ) ;
#4936 = ORIENTED_EDGE ( 'NONE', *, *, #2103, .T. ) ;
#4937 = MANIFOLD_SOLID_BREP ( 'Pin 4', #5808 ) ;
#4938 = EDGE_CURVE ( 'NONE', #1406, #6786, #7971, .T. ) ;
#4939 = AXIS2_PLACEMENT_3D ( 'NONE', #2124, #3277, #3399 ) ;
#4940 = DIRECTION ( 'NONE',  ( 0.000000000000000000, 0.000000000000000000, 1.000000000000000000 ) ) ;
#4941 =( LENGTH_UNIT ( ) NAMED_UNIT ( * ) SI_UNIT ( .MILLI., .METRE. ) );
#4942 = ORIENTED_EDGE ( 'NONE', *, *, #661, .T. ) ;
#4943 =( NAMED_UNIT ( * ) SI_UNIT ( $, .STERADIAN. ) SOLID_ANGLE_UNIT ( ) );
#4944 = DIRECTION ( 'NONE',  ( 1.000000000000000000, -0.000000000000000000, 0.000000000000000000 ) ) ;
#4945 = LINE ( 'NONE', #3081, #3631 ) ;
#4946 = SURFACE_SIDE_STYLE ('',( #1164 ) ) ;
#4947 = MANIFOLD_SOLID_BREP ( 'Housing', #6181 ) ;
#4948 = ORIENTED_EDGE ( 'NONE', *, *, #5330, .F. ) ;
#4949 = VERTEX_POINT ( 'NONE', #508 ) ;
#4950 = ORIENTED_EDGE ( 'NONE', *, *, #4273, .T. ) ;
#4951 = SURFACE_STYLE_USAGE ( .BOTH. , #683 ) ;
#4952 = LINE ( 'NONE', #1981, #3991 ) ;
#4953 = STYLED_ITEM ( 'NONE', ( #424 ), #5779 ) ;
#4954 = CARTESIAN_POINT ( 'NONE',  ( 1.499999999999999778, 2.065549442140357073, -1.500000000000000444 ) ) ;
#4955 =( NAMED_UNIT ( * ) PLANE_ANGLE_UNIT ( ) SI_UNIT ( $, .RADIAN. ) );
#4956 = SURFACE_SIDE_STYLE ('',( #4342 ) ) ;
#4957 =( LENGTH_UNIT ( ) NAMED_UNIT ( * ) SI_UNIT ( .MILLI., .METRE. ) );
#4958 = ORIENTED_EDGE ( 'NONE', *, *, #7930, .F. ) ;
#4959 = SURFACE_STYLE_USAGE ( .BOTH. , #4345 ) ;
#4960 = SURFACE_STYLE_FILL_AREA ( #2493 ) ;
#4961 = CARTESIAN_POINT ( 'NONE',  ( 1.499999999999999778, 0.4500000000000000666, 0.1750000000000000722 ) ) ;
#4962 = CARTESIAN_POINT ( 'NONE',  ( 1.475000000000004974, 2.065549442140357073, 0.1732050807568881745 ) ) ;
#4963 = UNCERTAINTY_MEASURE_WITH_UNIT (LENGTH_MEASURE( 1.000000000000000082E-05 ), #7307, 'distance_accuracy_value', 'NONE');
#4964 =( LENGTH_UNIT ( ) NAMED_UNIT ( * ) SI_UNIT ( .MILLI., .METRE. ) );
#4965 = ORIENTED_EDGE ( 'NONE', *, *, #4424, .T. ) ;
#4966 = COLOUR_RGB ( '',0.7529411764705882248, 0.7529411764705882248, 0.7529411764705882248 ) ;
#4967 = FACE_OUTER_BOUND ( 'NONE', #5732, .T. ) ;
#4968 = FACE_OUTER_BOUND ( 'NONE', #7569, .T. ) ;
#4969 = ADVANCED_FACE ( 'NONE', ( #5353 ), #4849, .T. ) ;
#4970 = ADVANCED_FACE ( 'NONE', ( #2505 ), #5014, .T. ) ;
#4971 = MECHANICAL_DESIGN_GEOMETRIC_PRESENTATION_REPRESENTATION (  '', ( #7549 ), #6777 ) ;
#4972 = ORIENTED_EDGE ( 'NONE', *, *, #6076, .F. ) ;
#4973 = DIRECTION ( 'NONE',  ( 0.000000000000000000, 0.000000000000000000, -1.000000000000000000 ) ) ;
#4974 = DIRECTION ( 'NONE',  ( 0.000000000000000000, -1.000000000000000000, 0.000000000000000000 ) ) ;
#4975 = STYLED_ITEM ( 'NONE', ( #352 ), #4882 ) ;
#4976 = CARTESIAN_POINT ( 'NONE',  ( -1.400000000000000133, 0.8500000000000000888, -1.499999999999999556 ) ) ;
#4977 = VERTEX_POINT ( 'NONE', #7402 ) ;
#4978 = DIRECTION ( 'NONE',  ( 0.000000000000000000, -1.000000000000000000, 0.000000000000000000 ) ) ;
#4979 = EDGE_CURVE ( 'NONE', #3503, #4825, #300, .T. ) ;
#4980 = LINE ( 'NONE', #6094, #5446 ) ;
#4981 = FILL_AREA_STYLE_COLOUR ( '', #5919 ) ;
#4982 = AXIS2_PLACEMENT_3D ( 'NONE', #3406, #1388, #295 ) ;
#4983 = UNCERTAINTY_MEASURE_WITH_UNIT (LENGTH_MEASURE( 1.000000000000000082E-05 ), #7059, 'distance_accuracy_value', 'NONE');
#4984 = CARTESIAN_POINT ( 'NONE',  ( 1.349999999999969669, 0.4499999999999999001, 1.500000000000000222 ) ) ;
#4985 = CARTESIAN_POINT ( 'NONE',  ( 1.399999999999999689, 0.9000000000000002442, 1.400000000000000133 ) ) ;
#4986 = CARTESIAN_POINT ( 'NONE',  ( -1.500000000000000222, 0.4499999999999999001, 1.499999999999999556 ) ) ;
#4987 = MECHANICAL_DESIGN_GEOMETRIC_PRESENTATION_REPRESENTATION (  '', ( #1734 ), #2788 ) ;
#4988 = ORIENTED_EDGE ( 'NONE', *, *, #5075, .F. ) ;
#4989 = COLOUR_RGB ( '',1.000000000000000000, 0.8117647058823529438, 0.5019607843137254832 ) ;
#4990 = VERTEX_POINT ( 'NONE', #51 ) ;
#4991 = EDGE_CURVE ( 'NONE', #736, #5646, #6324, .T. ) ;
#4992 = DIRECTION ( 'NONE',  ( 0.000000000000000000, 0.000000000000000000, 1.000000000000000000 ) ) ;
#4993 = PRESENTATION_STYLE_ASSIGNMENT (( #3847 ) ) ;
#4994 =( NAMED_UNIT ( * ) PLANE_ANGLE_UNIT ( ) SI_UNIT ( $, .RADIAN. ) );
#4995 = DIRECTION ( 'NONE',  ( 0.000000000000000000, -1.000000000000000000, 0.000000000000000000 ) ) ;
#4996 = ORIENTED_EDGE ( 'NONE', *, *, #6048, .F. ) ;
#4997 = CARTESIAN_POINT ( 'NONE',  ( 0.000000000000000000, 0.000000000000000000, 1.474999999999999645 ) ) ;
#4998 = AXIS2_PLACEMENT_3D ( 'NONE', #6347, #770, #3264 ) ;
#4999 = ORIENTED_EDGE ( 'NONE', *, *, #7686, .F. ) ;
#5000 = CARTESIAN_POINT ( 'NONE',  ( 1.475000000000000311, 2.065549442140357073, 0.000000000000000000 ) ) ;
#5001 = FILL_AREA_STYLE ('',( #1907 ) ) ;
#5002 = SURFACE_STYLE_USAGE ( .BOTH. , #1908 ) ;
#5003 = CARTESIAN_POINT ( 'NONE',  ( 1.324999999999969758, 0.4500000000000001221, -1.499999999999999778 ) ) ;
#5004 = ORIENTED_EDGE ( 'NONE', *, *, #4424, .F. ) ;
#5005 = CIRCLE ( 'NONE', #6176, 0.1000000000000000472 ) ;
#5006 = AXIS2_PLACEMENT_3D ( 'NONE', #5637, #3328, #2593 ) ;
#5007 =( LENGTH_UNIT ( ) NAMED_UNIT ( * ) SI_UNIT ( .MILLI., .METRE. ) );
#5008 =( GEOMETRIC_REPRESENTATION_CONTEXT ( 3 ) GLOBAL_UNCERTAINTY_ASSIGNED_CONTEXT ( ( #1410 ) ) GLOBAL_UNIT_ASSIGNED_CONTEXT ( ( #3410, #6038, #2334 ) ) REPRESENTATION_CONTEXT ( 'NONE', 'WORKASPACE' ) );
#5009 = SURFACE_SIDE_STYLE ('',( #582 ) ) ;
#5010 = SURFACE_STYLE_USAGE ( .BOTH. , #88 ) ;
#5011 = MECHANICAL_DESIGN_GEOMETRIC_PRESENTATION_REPRESENTATION (  '', ( #860 ), #1500 ) ;
#5012 = DIRECTION ( 'NONE',  ( 0.000000000000000000, -1.000000000000000000, 0.000000000000000000 ) ) ;
#5013 = ORIENTED_EDGE ( 'NONE', *, *, #4026, .T. ) ;
#5014 = CYLINDRICAL_SURFACE ( 'NONE', #694, 0.1750000000000000167 ) ;
#5015 = EDGE_CURVE ( 'NONE', #7509, #2471, #4846, .T. ) ;
#5016 = EDGE_CURVE ( 'NONE', #4827, #1559, #7434, .T. ) ;
#5017 = DIRECTION ( 'NONE',  ( -0.000000000000000000, 1.000000000000000000, -0.000000000000000000 ) ) ;
#5018 = MECHANICAL_DESIGN_GEOMETRIC_PRESENTATION_REPRESENTATION (  '', ( #1896 ), #4493 ) ;
#5019 = ORIENTED_EDGE ( 'NONE', *, *, #2389, .T. ) ;
#5020 = SURFACE_STYLE_FILL_AREA ( #521 ) ;
#5021 =( NAMED_UNIT ( * ) PLANE_ANGLE_UNIT ( ) SI_UNIT ( $, .RADIAN. ) );
#5022 =( NAMED_UNIT ( * ) SI_UNIT ( $, .STERADIAN. ) SOLID_ANGLE_UNIT ( ) );
#5023 = UNCERTAINTY_MEASURE_WITH_UNIT (LENGTH_MEASURE( 1.000000000000000082E-05 ), #2174, 'distance_accuracy_value', 'NONE');
#5024 = AXIS2_PLACEMENT_3D ( 'NONE', #333, #1545, #6521 ) ;
#5025 = SURFACE_STYLE_FILL_AREA ( #2012 ) ;
#5026 = FACE_OUTER_BOUND ( 'NONE', #6864, .T. ) ;
#5027 = EDGE_CURVE ( 'NONE', #2611, #3326, #3241, .T. ) ;
#5028 = MANIFOLD_SOLID_BREP ( 'Pin 3', #3071 ) ;
#5029 = VERTEX_POINT ( 'NONE', #1655 ) ;
#5030 = DIRECTION ( 'NONE',  ( -0.000000000000000000, 1.000000000000000000, -0.000000000000000000 ) ) ;
#5031 = ORIENTED_EDGE ( 'NONE', *, *, #7962, .F. ) ;
#5032 = COLOUR_RGB ( '',1.000000000000000000, 0.8117647058823529438, 0.5019607843137254832 ) ;
#5033 = DIRECTION ( 'NONE',  ( 0.000000000000000000, 0.000000000000000000, -1.000000000000000000 ) ) ;
#5034 = ORIENTED_EDGE ( 'NONE', *, *, #6570, .F. ) ;
#5035 = CARTESIAN_POINT ( 'NONE',  ( -1.475000000000000089, 2.065549442140357073, 0.000000000000000000 ) ) ;
#5036 = STYLED_ITEM ( 'NONE', ( #3539 ), #6165 ) ;
#5037 =( NAMED_UNIT ( * ) PLANE_ANGLE_UNIT ( ) SI_UNIT ( $, .RADIAN. ) );
#5038 = EDGE_CURVE ( 'NONE', #8028, #3503, #5598, .T. ) ;
#5039 =( GEOMETRIC_REPRESENTATION_CONTEXT ( 3 ) GLOBAL_UNCERTAINTY_ASSIGNED_CONTEXT ( ( #7263 ) ) GLOBAL_UNIT_ASSIGNED_CONTEXT ( ( #7371, #6769, #1240 ) ) REPRESENTATION_CONTEXT ( 'NONE', 'WORKASPACE' ) );
#5040 = ORIENTED_EDGE ( 'NONE', *, *, #2750, .T. ) ;
#5041 = DIRECTION ( 'NONE',  ( 0.000000000000000000, -1.000000000000000000, 0.000000000000000000 ) ) ;
#5042 = ORIENTED_EDGE ( 'NONE', *, *, #4178, .T. ) ;
#5043 = PRESENTATION_STYLE_ASSIGNMENT (( #6270 ) ) ;
#5044 = AXIS2_PLACEMENT_3D ( 'NONE', #6054, #4211, #2312 ) ;
#5045 = CARTESIAN_POINT ( 'NONE',  ( 1.499999999999999778, 0.4500000000000000111, -1.324999999999969980 ) ) ;
#5046 = VECTOR ( 'NONE', #954, 1000.000000000000000 ) ;
#5047 = UNCERTAINTY_MEASURE_WITH_UNIT (LENGTH_MEASURE( 1.000000000000000082E-05 ), #2304, 'distance_accuracy_value', 'NONE');
#5048 = DIRECTION ( 'NONE',  ( -0.000000000000000000, -0.000000000000000000, -1.000000000000000000 ) ) ;
#5049 = ORIENTED_EDGE ( 'NONE', *, *, #7240, .T. ) ;
#5050 = STYLED_ITEM ( 'NONE', ( #1220 ), #6625 ) ;
#5051 = DIRECTION ( 'NONE',  ( 0.000000000000000000, -1.000000000000000000, 0.000000000000000000 ) ) ;
#5052 =( NAMED_UNIT ( * ) PLANE_ANGLE_UNIT ( ) SI_UNIT ( $, .RADIAN. ) );
#5053 = DIRECTION ( 'NONE',  ( -1.000000000000000000, -0.000000000000000000, 0.000000000000000000 ) ) ;
#5054 = VECTOR ( 'NONE', #314, 1000.000000000000000 ) ;
#5055 = AXIS2_PLACEMENT_3D ( 'NONE', #2464, #4934, #1870 ) ;
#5056 = AXIS2_PLACEMENT_3D ( 'NONE', #1092, #3586, #2371 ) ;
#5057 = ORIENTED_EDGE ( 'NONE', *, *, #3692, .T. ) ;
#5058 = SURFACE_STYLE_FILL_AREA ( #5599 ) ;
#5059 =( GEOMETRIC_REPRESENTATION_CONTEXT ( 3 ) GLOBAL_UNCERTAINTY_ASSIGNED_CONTEXT ( ( #4201 ) ) GLOBAL_UNIT_ASSIGNED_CONTEXT ( ( #6232, #655, #4926 ) ) REPRESENTATION_CONTEXT ( 'NONE', 'WORKASPACE' ) );
#5060 = VERTEX_POINT ( 'NONE', #5755 ) ;
#5061 = LINE ( 'NONE', #5759, #6452 ) ;
#5062 = SURFACE_STYLE_USAGE ( .BOTH. , #60 ) ;
#5063 = FACE_BOUND ( 'NONE', #2024, .T. ) ;
#5064 = CARTESIAN_POINT ( 'NONE',  ( 1.475000000000002753, 0.4500000000000001221, 0.1732050807568878414 ) ) ;
#5065 = ADVANCED_FACE ( 'NONE', ( #4647 ), #6423, .T. ) ;
#5066 = DIRECTION ( 'NONE',  ( 0.000000000000000000, 0.000000000000000000, -1.000000000000000000 ) ) ;
#5067 = CARTESIAN_POINT ( 'NONE',  ( -1.148341410441135579, 1.100000000000000089, -1.292831965203746769 ) ) ;
#5068 = COLOUR_RGB ( '',1.000000000000000000, 0.8117647058823529438, 0.5019607843137254832 ) ;
#5069 = ORIENTED_EDGE ( 'NONE', *, *, #5271, .T. ) ;
#5070 = SURFACE_STYLE_USAGE ( .BOTH. , #6385 ) ;
#5071 = EDGE_LOOP ( 'NONE', ( #4840, #1586, #7615, #108 ) ) ;
#5072 = EDGE_LOOP ( 'NONE', ( #7273, #4742, #2205, #3361 ) ) ;
#5073 = LINE ( 'NONE', #884, #6491 ) ;
#5074 = EDGE_CURVE ( 'NONE', #1860, #5772, #5262, .T. ) ;
#5075 = EDGE_CURVE ( 'NONE', #3462, #5866, #445, .T. ) ;
#5076 = DIRECTION ( 'NONE',  ( -1.000000000000000000, 0.000000000000000000, -0.000000000000000000 ) ) ;
#5077 = ORIENTED_EDGE ( 'NONE', *, *, #6023, .F. ) ;
#5078 = SURFACE_STYLE_FILL_AREA ( #2569 ) ;
#5079 = ORIENTED_EDGE ( 'NONE', *, *, #5414, .F. ) ;
#5080 = CARTESIAN_POINT ( 'NONE',  ( -1.399999999999999911, 1.000000000000000000, -1.199999999999998179 ) ) ;
#5081 = CARTESIAN_POINT ( 'NONE',  ( 0.000000000000000000, 0.4499999999999999001, 1.474999999999999645 ) ) ;
#5082 = EDGE_CURVE ( 'NONE', #2187, #3246, #5797, .T. ) ;
#5083 = CARTESIAN_POINT ( 'NONE',  ( 1.499999999999999778, 0.000000000000000000, 1.324999999999969980 ) ) ;
#5084 = DIRECTION ( 'NONE',  ( 0.000000000000000000, -0.000000000000000000, 1.000000000000000000 ) ) ;
#5085 = ORIENTED_EDGE ( 'NONE', *, *, #2596, .T. ) ;
#5086 = PRESENTATION_STYLE_ASSIGNMENT (( #205 ) ) ;
#5087 = PRESENTATION_LAYER_ASSIGNMENT (  '', '', ( #1972 ) ) ;
#5088 = CARTESIAN_POINT ( 'NONE',  ( -1.500000000000000000, 0.4500000000000000666, -1.399999999999999689 ) ) ;
#5089 = CARTESIAN_POINT ( 'NONE',  ( -1.500000000000000222, 0.4500000000000001221, 1.499999999999999556 ) ) ;
#5090 = DIRECTION ( 'NONE',  ( 0.000000000000000000, 0.000000000000000000, -1.000000000000000000 ) ) ;
#5091 = DIRECTION ( 'NONE',  ( 0.000000000000000000, 0.000000000000000000, -1.000000000000000000 ) ) ;
#5092 = EDGE_CURVE ( 'NONE', #1872, #2265, #1047, .T. ) ;
#5093 = CARTESIAN_POINT ( 'NONE',  ( -1.500000000000000222, 0.4500000000000001221, -1.325000000000000400 ) ) ;
#5094 = AXIS2_PLACEMENT_3D ( 'NONE', #1556, #4648, #5142 ) ;
#5095 = ORIENTED_EDGE ( 'NONE', *, *, #405, .T. ) ;
#5096 = CARTESIAN_POINT ( 'NONE',  ( 1.324999999999969758, 0.4500000000000000666, 1.500000000000000222 ) ) ;
#5097 = CARTESIAN_POINT ( 'NONE',  ( -1.500000000000000222, 0.4500000000000000666, 0.000000000000000000 ) ) ;
#5098 = ORIENTED_EDGE ( 'NONE', *, *, #908, .F. ) ;
#5099 = MECHANICAL_DESIGN_GEOMETRIC_PRESENTATION_REPRESENTATION (  '', ( #7684 ), #6028 ) ;
#5100 = CARTESIAN_POINT ( 'NONE',  ( -0.7499999999999992228, 0.4500000000000001221, 1.474999999999999645 ) ) ;
#5101 = FILL_AREA_STYLE_COLOUR ( '', #1880 ) ;
#5102 =( NAMED_UNIT ( * ) PLANE_ANGLE_UNIT ( ) SI_UNIT ( $, .RADIAN. ) );
#5103 = SURFACE_STYLE_USAGE ( .BOTH. , #675 ) ;
#5104 = COLOUR_RGB ( '',1.000000000000000000, 0.8117647058823529438, 0.5019607843137254832 ) ;
#5105 = FILL_AREA_STYLE ('',( #758 ) ) ;
#5106 = VERTEX_POINT ( 'NONE', #3362 ) ;
#5107 = EDGE_LOOP ( 'NONE', ( #2725, #5095, #394, #4124 ) ) ;
#5108 = VERTEX_POINT ( 'NONE', #5842 ) ;
#5109 = LINE ( 'NONE', #7570, #6308 ) ;
#5111 =( GEOMETRIC_REPRESENTATION_CONTEXT ( 3 ) GLOBAL_UNCERTAINTY_ASSIGNED_CONTEXT ( ( #7738 ) ) GLOBAL_UNIT_ASSIGNED_CONTEXT ( ( #3950, #4602, #828 ) ) REPRESENTATION_CONTEXT ( 'NONE', 'WORKASPACE' ) );
#5110 = CARTESIAN_POINT ( 'NONE',  ( -0.7499999999999997780, 0.4500000000000000666, 0.000000000000000000 ) ) ;
#5112 = CARTESIAN_POINT ( 'NONE',  ( 0.000000000000000000, 0.4500000000000000666, 0.000000000000000000 ) ) ;
#5113 = VERTEX_POINT ( 'NONE', #6371 ) ;
#5114 =( GEOMETRIC_REPRESENTATION_CONTEXT ( 3 ) GLOBAL_UNCERTAINTY_ASSIGNED_CONTEXT ( ( #7950 ) ) GLOBAL_UNIT_ASSIGNED_CONTEXT ( ( #6245, #1331, #6319 ) ) REPRESENTATION_CONTEXT ( 'NONE', 'WORKASPACE' ) );
#5115 =( NAMED_UNIT ( * ) PLANE_ANGLE_UNIT ( ) SI_UNIT ( $, .RADIAN. ) );
#5116 = MECHANICAL_DESIGN_GEOMETRIC_PRESENTATION_REPRESENTATION (  '', ( #574 ), #7833 ) ;
#5117 = FILL_AREA_STYLE ('',( #3849 ) ) ;
#5118 = VECTOR ( 'NONE', #7369, 1000.000000000000000 ) ;
#5119 = EDGE_CURVE ( 'NONE', #1435, #4863, #790, .T. ) ;
#5120 = EDGE_CURVE ( 'NONE', #3380, #1079, #3437, .T. ) ;
#5121 = ORIENTED_EDGE ( 'NONE', *, *, #6424, .F. ) ;
#5122 = CARTESIAN_POINT ( 'NONE',  ( 0.7499999999999998890, 0.000000000000000000, 0.000000000000000000 ) ) ;
#5123 = ORIENTED_EDGE ( 'NONE', *, *, #3402, .F. ) ;
#5124 = LINE ( 'NONE', #7033, #1887 ) ;
#5125 =( GEOMETRIC_REPRESENTATION_CONTEXT ( 3 ) GLOBAL_UNCERTAINTY_ASSIGNED_CONTEXT ( ( #1930 ) ) GLOBAL_UNIT_ASSIGNED_CONTEXT ( ( #4109, #3667, #1215 ) ) REPRESENTATION_CONTEXT ( 'NONE', 'WORKASPACE' ) );
#5126 = DIRECTION ( 'NONE',  ( 0.000000000000000000, 0.000000000000000000, 1.000000000000000000 ) ) ;
#5127 =( GEOMETRIC_REPRESENTATION_CONTEXT ( 3 ) GLOBAL_UNCERTAINTY_ASSIGNED_CONTEXT ( ( #3 ) ) GLOBAL_UNIT_ASSIGNED_CONTEXT ( ( #5638, #5102, #3167 ) ) REPRESENTATION_CONTEXT ( 'NONE', 'WORKASPACE' ) );
#5128 = LINE ( 'NONE', #1295, #6797 ) ;
#5129 = UNCERTAINTY_MEASURE_WITH_UNIT (LENGTH_MEASURE( 1.000000000000000082E-05 ), #3494, 'distance_accuracy_value', 'NONE');
#5130 = MECHANICAL_DESIGN_GEOMETRIC_PRESENTATION_REPRESENTATION (  '', ( #1222 ), #7717 ) ;
#5131 = EDGE_CURVE ( 'NONE', #2851, #227, #7603, .T. ) ;
#5132 = PRESENTATION_STYLE_ASSIGNMENT (( #1425 ) ) ;
#5133 =( GEOMETRIC_REPRESENTATION_CONTEXT ( 3 ) GLOBAL_UNCERTAINTY_ASSIGNED_CONTEXT ( ( #3276 ) ) GLOBAL_UNIT_ASSIGNED_CONTEXT ( ( #4415, #2603, #6388 ) ) REPRESENTATION_CONTEXT ( 'NONE', 'WORKASPACE' ) );
#5134 = CARTESIAN_POINT ( 'NONE',  ( -0.7499999999999991118, 0.4500000000000000666, 0.000000000000000000 ) ) ;
#5135 = CARTESIAN_POINT ( 'NONE',  ( 0.000000000000000000, 2.065549442140357073, 0.9000000000000005773 ) ) ;
#5136 = CIRCLE ( 'NONE', #2932, 0.1750000000000310196 ) ;
#5137 = UNCERTAINTY_MEASURE_WITH_UNIT (LENGTH_MEASURE( 1.000000000000000082E-05 ), #864, 'distance_accuracy_value', 'NONE');
#5138 = STYLED_ITEM ( 'NONE', ( #3971 ), #4644 ) ;
#5139 = SURFACE_SIDE_STYLE ('',( #6276 ) ) ;
#5140 = VERTEX_POINT ( 'NONE', #2705 ) ;
#5141 = CARTESIAN_POINT ( 'NONE',  ( 1.399999999999999689, 0.4500000000000000666, -1.399999999999999689 ) ) ;
#5142 = DIRECTION ( 'NONE',  ( 0.000000000000000000, 0.000000000000000000, -1.000000000000000000 ) ) ;
#5143 = EDGE_CURVE ( 'NONE', #1706, #6144, #7649, .T. ) ;
#5144 = PRESENTATION_LAYER_ASSIGNMENT (  '', '', ( #4876 ) ) ;
#5145 = AXIS2_PLACEMENT_3D ( 'NONE', #2098, #4532, #947 ) ;
#5146 = ORIENTED_EDGE ( 'NONE', *, *, #6721, .T. ) ;
#5147 =( NAMED_UNIT ( * ) PLANE_ANGLE_UNIT ( ) SI_UNIT ( $, .RADIAN. ) );
#5148 = AXIS2_PLACEMENT_3D ( 'NONE', #3662, #3100, #6823 ) ;
#5149 = DIRECTION ( 'NONE',  ( 0.000000000000000000, 1.000000000000000000, 0.000000000000000000 ) ) ;
#5150 = PLANE ( 'NONE',  #2806 ) ;
#5151 = STYLED_ITEM ( 'NONE', ( #3078 ), #94 ) ;
#5152 = AXIS2_PLACEMENT_3D ( 'NONE', #4986, #640, #6935 ) ;
#5153 = CIRCLE ( 'NONE', #3348, 0.1499999999999999667 ) ;
#5154 = FILL_AREA_STYLE ('',( #7613 ) ) ;
#5155 = FILL_AREA_STYLE ('',( #6462 ) ) ;
#5156 = ORIENTED_EDGE ( 'NONE', *, *, #7301, .T. ) ;
#5157 =( NAMED_UNIT ( * ) SI_UNIT ( $, .STERADIAN. ) SOLID_ANGLE_UNIT ( ) );
#5158 = VERTEX_POINT ( 'NONE', #5449 ) ;
#5159 = ORIENTED_EDGE ( 'NONE', *, *, #4823, .F. ) ;
#5160 = CARTESIAN_POINT ( 'NONE',  ( -4.814824860968089633E-32, 2.065549442140357073, -0.9000000000000005773 ) ) ;
#5161 = CARTESIAN_POINT ( 'NONE',  ( 0.000000000000000000, 0.000000000000000000, 0.9000000000000005773 ) ) ;
#5162 = UNCERTAINTY_MEASURE_WITH_UNIT (LENGTH_MEASURE( 1.000000000000000082E-05 ), #7925, 'distance_accuracy_value', 'NONE');
#5163 = VECTOR ( 'NONE', #3522, 1000.000000000000000 ) ;
#5164 = VERTEX_POINT ( 'NONE', #4836 ) ;
#5165 = DIRECTION ( 'NONE',  ( -1.000000000000000000, -0.000000000000000000, -0.000000000000000000 ) ) ;
#5166 = CARTESIAN_POINT ( 'NONE',  ( 0.000000000000000000, 0.000000000000000000, 1.474999999999999645 ) ) ;
#5167 = ORIENTED_EDGE ( 'NONE', *, *, #4122, .F. ) ;
#5168 = DIRECTION ( 'NONE',  ( 0.000000000000000000, 0.000000000000000000, -1.000000000000000000 ) ) ;
#5169 = VECTOR ( 'NONE', #4519, 1000.000000000000000 ) ;
#5170 = ORIENTED_EDGE ( 'NONE', *, *, #3549, .F. ) ;
#5171 = DIRECTION ( 'NONE',  ( -0.000000000000000000, 1.000000000000000000, -0.000000000000000000 ) ) ;
#5172 = VECTOR ( 'NONE', #54, 1000.000000000000000 ) ;
#5173 = EDGE_CURVE ( 'NONE', #942, #1242, #2128, .T. ) ;
#5174 = DIRECTION ( 'NONE',  ( 0.000000000000000000, -1.000000000000000000, 0.000000000000000000 ) ) ;
#5175 =( LENGTH_UNIT ( ) NAMED_UNIT ( * ) SI_UNIT ( .MILLI., .METRE. ) );
#5176 = VECTOR ( 'NONE', #1946, 1000.000000000000000 ) ;
#5177 = SURFACE_STYLE_USAGE ( .BOTH. , #6961 ) ;
#5178 = CARTESIAN_POINT ( 'NONE',  ( 1.475000000000002753, 0.000000000000000000, 0.1732050807568878414 ) ) ;
#5179 = STYLED_ITEM ( 'NONE', ( #4539 ), #1943 ) ;
#5180 = EDGE_CURVE ( 'NONE', #6469, #3614, #7295, .T. ) ;
#5181 = PLANE ( 'NONE',  #1211 ) ;
#5182 = ORIENTED_EDGE ( 'NONE', *, *, #298, .T. ) ;
#5183 = VECTOR ( 'NONE', #3854, 1000.000000000000000 ) ;
#5184 = AXIS2_PLACEMENT_3D ( 'NONE', #6974, #5636, #2626 ) ;
#5185 = MANIFOLD_SOLID_BREP ( 'Pin 2', #1624 ) ;
#5186 = DIRECTION ( 'NONE',  ( -0.000000000000000000, 1.000000000000000000, -0.000000000000000000 ) ) ;
#5187 =( LENGTH_UNIT ( ) NAMED_UNIT ( * ) SI_UNIT ( .MILLI., .METRE. ) );
#5188 = LINE ( 'NONE', #2093, #988 ) ;
#5189 = ORIENTED_EDGE ( 'NONE', *, *, #1829, .T. ) ;
#5190 =( NAMED_UNIT ( * ) SI_UNIT ( $, .STERADIAN. ) SOLID_ANGLE_UNIT ( ) );
#5191 = COLOUR_RGB ( '',0.2509803921568627416, 0.2509803921568627416, 0.2509803921568627416 ) ;
#5192 = CARTESIAN_POINT ( 'NONE',  ( -1.500000000000000222, 0.000000000000000000, -0.1750000000000000722 ) ) ;
#5193 = EDGE_CURVE ( 'NONE', #7179, #1479, #2907, .T. ) ;
#5194 = SURFACE_SIDE_STYLE ('',( #2141 ) ) ;
#5195 = MECHANICAL_DESIGN_GEOMETRIC_PRESENTATION_REPRESENTATION (  '', ( #2730 ), #1543 ) ;
#5196 = AXIS2_PLACEMENT_3D ( 'NONE', #959, #7216, #3459 ) ;
#5197 = DIRECTION ( 'NONE',  ( 1.000000000000000000, 0.000000000000000000, 0.000000000000000000 ) ) ;
#5198 =( NAMED_UNIT ( * ) PLANE_ANGLE_UNIT ( ) SI_UNIT ( $, .RADIAN. ) );
#5199 = LINE ( 'NONE', #4574, #3352 ) ;
#5200 = VERTEX_POINT ( 'NONE', #5487 ) ;
#5201 = FACE_OUTER_BOUND ( 'NONE', #7710, .T. ) ;
#5202 = DIRECTION ( 'NONE',  ( 0.000000000000000000, -0.000000000000000000, 1.000000000000000000 ) ) ;
#5203 = CARTESIAN_POINT ( 'NONE',  ( 1.499999999999999778, 0.4499999999999999001, 1.499999999999999556 ) ) ;
#5204 = FILL_AREA_STYLE_COLOUR ( '', #6098 ) ;
#5205 = DIRECTION ( 'NONE',  ( -0.000000000000000000, 1.000000000000000000, 0.000000000000000000 ) ) ;
#5206 = AXIS2_PLACEMENT_3D ( 'NONE', #4426, #6824, #617 ) ;
#5207 = ORIENTED_EDGE ( 'NONE', *, *, #3403, .F. ) ;
#5208 = DIRECTION ( 'NONE',  ( -0.000000000000000000, 1.000000000000000000, -0.000000000000000000 ) ) ;
#5209 = CIRCLE ( 'NONE', #1679, 0.1750000000000310196 ) ;
#5210 = ORIENTED_EDGE ( 'NONE', *, *, #2206, .T. ) ;
#5211 = PRESENTATION_STYLE_ASSIGNMENT (( #6304 ) ) ;
#5212 = ORIENTED_EDGE ( 'NONE', *, *, #2783, .T. ) ;
#5213 = LINE ( 'NONE', #5743, #5331 ) ;
#5214 = DIRECTION ( 'NONE',  ( 0.000000000000000000, 0.000000000000000000, 1.000000000000000000 ) ) ;
#5215 = CARTESIAN_POINT ( 'NONE',  ( -1.399999999999999689, 1.000000000000000000, -1.317157287525378750 ) ) ;
#5216 = CARTESIAN_POINT ( 'NONE',  ( -1.400000000000000133, 0.9000000000000002442, 1.400000000000000133 ) ) ;
#5217 = DIRECTION ( 'NONE',  ( 0.000000000000000000, 0.000000000000000000, -1.000000000000000000 ) ) ;
#5218 = PLANE ( 'NONE',  #4769 ) ;
#5219 = FACE_OUTER_BOUND ( 'NONE', #3368, .T. ) ;
#5220 = EDGE_LOOP ( 'NONE', ( #1524, #1677, #7260, #2924 ) ) ;
#5221 = FILL_AREA_STYLE ('',( #7725 ) ) ;
#5222 = MECHANICAL_DESIGN_GEOMETRIC_PRESENTATION_REPRESENTATION (  '', ( #2105 ), #3414 ) ;
#5223 = DIRECTION ( 'NONE',  ( 0.000000000000000000, 0.000000000000000000, 1.000000000000000000 ) ) ;
#5224 = FACE_OUTER_BOUND ( 'NONE', #6269, .T. ) ;
#5225 = EDGE_CURVE ( 'NONE', #7056, #5957, #4920, .T. ) ;
#5226 = EDGE_LOOP ( 'NONE', ( #3173, #324, #5289, #6637 ) ) ;
#5227 = DIRECTION ( 'NONE',  ( 0.000000000000000000, -0.000000000000000000, 1.000000000000000000 ) ) ;
#5228 = CARTESIAN_POINT ( 'NONE',  ( 1.499999999999999778, 0.4500000000000001221, 3.122502256758252770E-14 ) ) ;
#5229 = FILL_AREA_STYLE_COLOUR ( '', #3822 ) ;
#5230 = FACE_OUTER_BOUND ( 'NONE', #731, .T. ) ;
#5231 = VECTOR ( 'NONE', #5223, 1000.000000000000000 ) ;
#5232 = DIRECTION ( 'NONE',  ( 0.000000000000000000, 0.000000000000000000, -1.000000000000000000 ) ) ;
#5233 = FILL_AREA_STYLE ('',( #3921 ) ) ;
#5234 = UNCERTAINTY_MEASURE_WITH_UNIT (LENGTH_MEASURE( 1.000000000000000082E-05 ), #4583, 'distance_accuracy_value', 'NONE');
#5235 = STYLED_ITEM ( 'NONE', ( #7062 ), #4766 ) ;
#5236 = CARTESIAN_POINT ( 'NONE',  ( 1.475000000000004974, 2.065549442140357073, -0.1732050807568885908 ) ) ;
#5237 = ADVANCED_FACE ( 'NONE', ( #1249 ), #530, .T. ) ;
#5238 = ORIENTED_EDGE ( 'NONE', *, *, #5879, .F. ) ;
#5239 = CARTESIAN_POINT ( 'NONE',  ( 1.475000000000000311, 0.000000000000000000, 0.3000000000000004885 ) ) ;
#5240 = ORIENTED_EDGE ( 'NONE', *, *, #2885, .T. ) ;
#5241 = LINE ( 'NONE', #4666, #4348 ) ;
#5242 = DIRECTION ( 'NONE',  ( -1.000000000000000000, -0.000000000000000000, 0.000000000000000000 ) ) ;
#5243 = STYLED_ITEM ( 'NONE', ( #6758 ), #4970 ) ;
#5244 = FACE_OUTER_BOUND ( 'NONE', #4614, .T. ) ;
#5245 = ORIENTED_EDGE ( 'NONE', *, *, #2502, .F. ) ;
#5246 =( LENGTH_UNIT ( ) NAMED_UNIT ( * ) SI_UNIT ( .MILLI., .METRE. ) );
#5247 = FILL_AREA_STYLE ('',( #890 ) ) ;
#5248 = EDGE_CURVE ( 'NONE', #6906, #7913, #2931, .T. ) ;
#5249 = EDGE_LOOP ( 'NONE', ( #6884, #5648, #2491, #3134 ) ) ;
#5250 = UNCERTAINTY_MEASURE_WITH_UNIT (LENGTH_MEASURE( 1.000000000000000082E-05 ), #5959, 'distance_accuracy_value', 'NONE');
#5251 =( NAMED_UNIT ( * ) SI_UNIT ( $, .STERADIAN. ) SOLID_ANGLE_UNIT ( ) );
#5252 = VERTEX_POINT ( 'NONE', #7953 ) ;
#5253 = DIRECTION ( 'NONE',  ( 0.000000000000000000, 0.000000000000000000, -1.000000000000000000 ) ) ;
#5254 = CYLINDRICAL_SURFACE ( 'NONE', #3072, 0.04999999999999991257 ) ;
#5255 = CARTESIAN_POINT ( 'NONE',  ( -1.500000000000000222, 0.4500000000000001221, 1.499999999999999556 ) ) ;
#5256 = SURFACE_SIDE_STYLE ('',( #7075 ) ) ;
#5257 = CARTESIAN_POINT ( 'NONE',  ( 1.499999999999999778, 0.4499999999999999001, 0.000000000000000000 ) ) ;
#5258 = PRESENTATION_LAYER_ASSIGNMENT (  '', '', ( #7967 ) ) ;
#5259 = LINE ( 'NONE', #416, #441 ) ;
#5260 = ORIENTED_EDGE ( 'NONE', *, *, #6525, .T. ) ;
#5261 = VECTOR ( 'NONE', #3020, 1000.000000000000000 ) ;
#5262 = LINE ( 'NONE', #1468, #1856 ) ;
#5263 = CARTESIAN_POINT ( 'NONE',  ( 1.399999999999999689, 0.9414213562373087152, -1.199999999999997957 ) ) ;
#5264 = DIRECTION ( 'NONE',  ( -0.000000000000000000, 1.000000000000000000, -0.000000000000000000 ) ) ;
#5265 = EDGE_LOOP ( 'NONE', ( #7862, #7124, #3898, #7014, #1814, #7330, #7084, #2717, #5378 ) ) ;
#5266 = SURFACE_STYLE_USAGE ( .BOTH. , #2134 ) ;
#5267 = COLOUR_RGB ( '',1.000000000000000000, 0.8117647058823529438, 0.5019607843137254832 ) ;
#5268 = CARTESIAN_POINT ( 'NONE',  ( 1.399999999999999689, 0.8500000000000000888, 1.499999999999999556 ) ) ;
#5269 =( NAMED_UNIT ( * ) SI_UNIT ( $, .STERADIAN. ) SOLID_ANGLE_UNIT ( ) );
#5270 = VECTOR ( 'NONE', #883, 1000.000000000000000 ) ;
#5271 = EDGE_CURVE ( 'NONE', #253, #490, #5377, .T. ) ;
#5272 = EDGE_CURVE ( 'NONE', #579, #1043, #6774, .T. ) ;
#5273 = PRESENTATION_LAYER_ASSIGNMENT (  '', '', ( #2420 ) ) ;
#5274 = MECHANICAL_DESIGN_GEOMETRIC_PRESENTATION_REPRESENTATION (  '', ( #69 ), #5114 ) ;
#5275 = DIRECTION ( 'NONE',  ( 0.000000000000000000, 0.000000000000000000, -1.000000000000000000 ) ) ;
#5276 =( LENGTH_UNIT ( ) NAMED_UNIT ( * ) SI_UNIT ( .MILLI., .METRE. ) );
#5277 = CARTESIAN_POINT ( 'NONE',  ( -1.500000000000000222, 2.065549442140357073, 2.168404344971008868E-16 ) ) ;
#5278 = STYLED_ITEM ( 'NONE', ( #2628 ), #3027 ) ;
#5279 = ORIENTED_EDGE ( 'NONE', *, *, #4067, .T. ) ;
#5280 = CARTESIAN_POINT ( 'NONE',  ( -1.475000000000000089, 0.4500000000000000666, 0.000000000000000000 ) ) ;
#5281 = ORIENTED_EDGE ( 'NONE', *, *, #3195, .F. ) ;
#5282 = PLANE ( 'NONE',  #6732 ) ;
#5283 = CARTESIAN_POINT ( 'NONE',  ( 1.475000000000000311, 0.000000000000000000, -0.3000000000000007105 ) ) ;
#5284 = LINE ( 'NONE', #2072, #498 ) ;
#5285 = ORIENTED_EDGE ( 'NONE', *, *, #7534, .T. ) ;
#5286 = EDGE_CURVE ( 'NONE', #7454, #4334, #2686, .T. ) ;
#5287 = CYLINDRICAL_SURFACE ( 'NONE', #7288, 0.04999999999999991257 ) ;
#5288 = SURFACE_SIDE_STYLE ('',( #7825 ) ) ;
#5289 = ORIENTED_EDGE ( 'NONE', *, *, #523, .T. ) ;
#5290 = DIRECTION ( 'NONE',  ( 9.035018104045885485E-17, 0.000000000000000000, -1.000000000000000000 ) ) ;
#5291 = MECHANICAL_DESIGN_GEOMETRIC_PRESENTATION_REPRESENTATION (  '', ( #2173 ), #5645 ) ;
#5292 = VERTEX_POINT ( 'NONE', #1365 ) ;
#5293 = DIRECTION ( 'NONE',  ( -0.000000000000000000, 1.000000000000000000, -0.000000000000000000 ) ) ;
#5294 =( NAMED_UNIT ( * ) SI_UNIT ( $, .STERADIAN. ) SOLID_ANGLE_UNIT ( ) );
#5295 = FILL_AREA_STYLE_COLOUR ( '', #4966 ) ;
#5296 = EDGE_CURVE ( 'NONE', #1479, #4140, #7028, .T. ) ;
#5297 = AXIS2_PLACEMENT_3D ( 'NONE', #6007, #4040, #262 ) ;
#5298 = LINE ( 'NONE', #7158, #7101 ) ;
#5299 = CARTESIAN_POINT ( 'NONE',  ( -1.475000000000000089, 0.000000000000000000, 0.000000000000000000 ) ) ;
#5300 = SURFACE_SIDE_STYLE ('',( #2216 ) ) ;
#5301 = FACE_OUTER_BOUND ( 'NONE', #6868, .T. ) ;
#5302 =( NAMED_UNIT ( * ) SI_UNIT ( $, .STERADIAN. ) SOLID_ANGLE_UNIT ( ) );
#5303 = MECHANICAL_DESIGN_GEOMETRIC_PRESENTATION_REPRESENTATION (  '', ( #485 ), #3359 ) ;
#5304 = STYLED_ITEM ( 'NONE', ( #5999 ), #2284 ) ;
#5305 = FACE_OUTER_BOUND ( 'NONE', #7415, .T. ) ;
#5306 = ORIENTED_EDGE ( 'NONE', *, *, #5296, .T. ) ;
#5307 =( GEOMETRIC_REPRESENTATION_CONTEXT ( 3 ) GLOBAL_UNCERTAINTY_ASSIGNED_CONTEXT ( ( #5907 ) ) GLOBAL_UNIT_ASSIGNED_CONTEXT ( ( #7419, #3177, #1284 ) ) REPRESENTATION_CONTEXT ( 'NONE', 'WORKASPACE' ) );
#5308 = CARTESIAN_POINT ( 'NONE',  ( 1.199999999999999734, 1.000000000000000000, -1.399999999999997913 ) ) ;
#5309 = CARTESIAN_POINT ( 'NONE',  ( -0.1732050807568900619, 0.000000000000000000, -1.475000000000000533 ) ) ;
#5310 = VERTEX_POINT ( 'NONE', #3895 ) ;
#5311 = CARTESIAN_POINT ( 'NONE',  ( -1.200000000000001732, 1.000000000000000000, 1.399999999999998135 ) ) ;
#5312 = DIRECTION ( 'NONE',  ( 0.000000000000000000, 0.000000000000000000, -1.000000000000000000 ) ) ;
#5313 =( NAMED_UNIT ( * ) SI_UNIT ( $, .STERADIAN. ) SOLID_ANGLE_UNIT ( ) );
#5314 = STYLED_ITEM ( 'NONE', ( #5902 ), #6330 ) ;
#5315 = SURFACE_STYLE_USAGE ( .BOTH. , #5853 ) ;
#5316 = SURFACE_STYLE_FILL_AREA ( #5233 ) ;
#5317 =( GEOMETRIC_REPRESENTATION_CONTEXT ( 3 ) GLOBAL_UNCERTAINTY_ASSIGNED_CONTEXT ( ( #6644 ) ) GLOBAL_UNIT_ASSIGNED_CONTEXT ( ( #7417, #7336, #2561 ) ) REPRESENTATION_CONTEXT ( 'NONE', 'WORKASPACE' ) );
#5318 = DIRECTION ( 'NONE',  ( 0.000000000000000000, 0.000000000000000000, -1.000000000000000000 ) ) ;
#5319 = DIRECTION ( 'NONE',  ( -0.000000000000000000, 1.000000000000000000, -0.000000000000000000 ) ) ;
#5320 = ORIENTED_EDGE ( 'NONE', *, *, #2204, .T. ) ;
#5321 = ADVANCED_FACE ( 'NONE', ( #7540 ), #1982, .F. ) ;
#5322 = CARTESIAN_POINT ( 'NONE',  ( 1.475000000000000311, 0.000000000000000000, 0.000000000000000000 ) ) ;
#5323 =( NAMED_UNIT ( * ) PLANE_ANGLE_UNIT ( ) SI_UNIT ( $, .RADIAN. ) );
#5324 = EDGE_LOOP ( 'NONE', ( #519, #5019, #3150, #4965 ) ) ;
#5325 = AXIS2_PLACEMENT_3D ( 'NONE', #1582, #4231, #414 ) ;
#5326 = CIRCLE ( 'NONE', #5056, 0.09999999999999917288 ) ;
#5327 = DIRECTION ( 'NONE',  ( -0.000000000000000000, 1.000000000000000000, 0.000000000000000000 ) ) ;
#5328 = EDGE_LOOP ( 'NONE', ( #5885, #4132, #6594, #1321 ) ) ;
#5329 =( NAMED_UNIT ( * ) PLANE_ANGLE_UNIT ( ) SI_UNIT ( $, .RADIAN. ) );
#5330 = EDGE_CURVE ( 'NONE', #736, #55, #2530, .T. ) ;
#5331 = VECTOR ( 'NONE', #3312, 1000.000000000000000 ) ;
#5332 = VERTEX_POINT ( 'NONE', #6992 ) ;
#5333 = ADVANCED_FACE ( 'NONE', ( #1899 ), #6901, .F. ) ;
#5334 = CARTESIAN_POINT ( 'NONE',  ( -1.400000000000000133, 0.4500000000000000666, 1.400000000000000133 ) ) ;
#5335 = VECTOR ( 'NONE', #2214, 1000.000000000000000 ) ;
#5336 = DIRECTION ( 'NONE',  ( 0.000000000000000000, -0.000000000000000000, 1.000000000000000000 ) ) ;
#5337 = LINE ( 'NONE', #7801, #3599 ) ;
#5338 = CARTESIAN_POINT ( 'NONE',  ( -0.7499999999999994449, 0.000000000000000000, 0.2999999999999999334 ) ) ;
#5339 = EDGE_CURVE ( 'NONE', #4449, #2602, #1452, .T. ) ;
#5340 = PRESENTATION_LAYER_ASSIGNMENT (  '', '', ( #6120 ) ) ;
#5341 = CARTESIAN_POINT ( 'NONE',  ( 1.199999999999999734, 1.100000000000000089, -1.199999999999997957 ) ) ;
#5342 = DIRECTION ( 'NONE',  ( 0.000000000000000000, 0.000000000000000000, 1.000000000000000000 ) ) ;
#5343 = DIRECTION ( 'NONE',  ( 0.000000000000000000, -1.000000000000000000, 0.000000000000000000 ) ) ;
#5344 = SURFACE_STYLE_USAGE ( .BOTH. , #2869 ) ;
#5345 = ORIENTED_EDGE ( 'NONE', *, *, #6320, .F. ) ;
#5346 = CARTESIAN_POINT ( 'NONE',  ( -1.375735931288071257, 0.9000000000000000222, -1.499999999999998446 ) ) ;
#5347 = CARTESIAN_POINT ( 'NONE',  ( -2.168404344971008868E-16, 0.000000000000000000, 1.499999999999984679 ) ) ;
#5348 = EDGE_CURVE ( 'NONE', #7007, #3427, #7753, .T. ) ;
#5349 =( NAMED_UNIT ( * ) PLANE_ANGLE_UNIT ( ) SI_UNIT ( $, .RADIAN. ) );
#5350 = DIRECTION ( 'NONE',  ( 1.000000000000000000, -0.000000000000000000, 0.000000000000000000 ) ) ;
#5351 = CARTESIAN_POINT ( 'NONE',  ( 1.199999999999999734, 1.000000000000000000, -1.499999999999998002 ) ) ;
#5352 =( BOUNDED_SURFACE ( )  B_SPLINE_SURFACE ( 3, 3, ( 
 ( #3998, #4694, #4038, #3955 ),
 ( #5803, #6531, #4606, #2097 ),
 ( #6497, #4567, #2226, #912 ),
 ( #2830, #2665, #6411, #5311 ) ),
 .UNSPECIFIED., .F., .F., .T. ) 
 B_SPLINE_SURFACE_WITH_KNOTS ( ( 4, 4 ),
 ( 4, 4 ),
 ( 0.000000000000000000, 1.000000000000000000 ),
 ( 0.000000000000000000, 1.000000000000000000 ),
 .UNSPECIFIED. ) 
 GEOMETRIC_REPRESENTATION_ITEM ( )  RATIONAL_B_SPLINE_SURFACE ( (
 ( 1.000000000000000000, 0.8047378541243666028, 0.8047378541243666028, 1.000000000000000000),
 ( 0.8047378541243644934, 0.6476030138606886366, 0.6476030138606886366, 0.8047378541243644934),
 ( 0.8047378541243644934, 0.6476030138606886366, 0.6476030138606886366, 0.8047378541243644934),
 ( 1.000000000000000000, 0.8047378541243666028, 0.8047378541243666028, 1.000000000000000000) ) ) 
 REPRESENTATION_ITEM ( '' )  SURFACE ( )  );
#5353 = FACE_OUTER_BOUND ( 'NONE', #1227, .T. ) ;
#5354 = UNCERTAINTY_MEASURE_WITH_UNIT (LENGTH_MEASURE( 1.000000000000000082E-05 ), #2060, 'distance_accuracy_value', 'NONE');
#5355 = CARTESIAN_POINT ( 'NONE',  ( 1.199999999999999734, 1.100000000000000089, -1.349999999999998090 ) ) ;
#5356 = ORIENTED_EDGE ( 'NONE', *, *, #7072, .T. ) ;
#5357 = AXIS2_PLACEMENT_3D ( 'NONE', #996, #7169, #5275 ) ;
#5358 = PRESENTATION_STYLE_ASSIGNMENT (( #3491 ) ) ;
#5359 = ORIENTED_EDGE ( 'NONE', *, *, #3930, .T. ) ;
#5360 = SURFACE_STYLE_FILL_AREA ( #3562 ) ;
#5361 = CARTESIAN_POINT ( 'NONE',  ( 1.475000000000000311, 0.000000000000000000, -1.326794919243081905 ) ) ;
#5362 = SURFACE_SIDE_STYLE ('',( #5514 ) ) ;
#5363 = ORIENTED_EDGE ( 'NONE', *, *, #5984, .F. ) ;
#5364 =( GEOMETRIC_REPRESENTATION_CONTEXT ( 3 ) GLOBAL_UNCERTAINTY_ASSIGNED_CONTEXT ( ( #6473 ) ) GLOBAL_UNIT_ASSIGNED_CONTEXT ( ( #1058, #6042, #4845 ) ) REPRESENTATION_CONTEXT ( 'NONE', 'WORKASPACE' ) );
#5365 = DIRECTION ( 'NONE',  ( 1.000000000000000000, -0.000000000000000000, 0.000000000000000000 ) ) ;
#5366 = ORIENTED_EDGE ( 'NONE', *, *, #7013, .F. ) ;
#5367 = EDGE_LOOP ( 'NONE', ( #1313, #2481, #6426, #1807 ) ) ;
#5368 = SURFACE_STYLE_USAGE ( .BOTH. , #7184 ) ;
#5370 = PRESENTATION_LAYER_ASSIGNMENT (  '', '', ( #7549 ) ) ;
#5369 = DIRECTION ( 'NONE',  ( 7.518805289812394929E-16, -0.000000000000000000, 1.000000000000000000 ) ) ;
#5371 = EDGE_CURVE ( 'NONE', #7663, #4911, #4745, .T. ) ;
#5372 = PRESENTATION_LAYER_ASSIGNMENT (  '', '', ( #4975 ) ) ;
#5373 = CARTESIAN_POINT ( 'NONE',  ( 1.317157287525380971, 1.000000000000000222, 1.399999999999997913 ) ) ;
#5374 = CARTESIAN_POINT ( 'NONE',  ( 1.399999999999999689, 0.8500000000000000888, -1.399999999999999689 ) ) ;
#5375 =( LENGTH_UNIT ( ) NAMED_UNIT ( * ) SI_UNIT ( .MILLI., .METRE. ) );
#5376 = SURFACE_STYLE_FILL_AREA ( #1660 ) ;
#5377 = CIRCLE ( 'NONE', #6789, 0.2000000000000000944 ) ;
#5378 = ORIENTED_EDGE ( 'NONE', *, *, #1546, .F. ) ;
#5379 = ADVANCED_FACE ( 'NONE', ( #3501 ), #320, .F. ) ;
#5380 = LINE ( 'NONE', #3548, #7418 ) ;
#5381 =( GEOMETRIC_REPRESENTATION_CONTEXT ( 3 ) GLOBAL_UNCERTAINTY_ASSIGNED_CONTEXT ( ( #6461 ) ) GLOBAL_UNIT_ASSIGNED_CONTEXT ( ( #4055, #4673, #1643 ) ) REPRESENTATION_CONTEXT ( 'NONE', 'WORKASPACE' ) );
#5382 = LINE ( 'NONE', #4810, #4631 ) ;
#5383 = DIRECTION ( 'NONE',  ( 0.000000000000000000, 0.000000000000000000, -1.000000000000000000 ) ) ;
#5384 = FILL_AREA_STYLE ('',( #7813 ) ) ;
#5385 = CARTESIAN_POINT ( 'NONE',  ( -1.199999999999999956, 1.100000000000000089, 1.349999999999997868 ) ) ;
#5386 = ADVANCED_FACE ( 'NONE', ( #402 ), #363, .F. ) ;
#5387 = AXIS2_PLACEMENT_3D ( 'NONE', #1398, #2631, #6844 ) ;
#5388 = AXIS2_PLACEMENT_3D ( 'NONE', #1815, #1085, #2486 ) ;
#5389 = VERTEX_POINT ( 'NONE', #7668 ) ;
#5390 = CARTESIAN_POINT ( 'NONE',  ( -1.326794919243112769, 0.000000000000000000, 1.474999999999999645 ) ) ;
#5391 = COLOUR_RGB ( '',0.2509803921568627416, 0.2509803921568627416, 0.2509803921568627416 ) ;
#5392 = FILL_AREA_STYLE ('',( #7934 ) ) ;
#5393 = CARTESIAN_POINT ( 'NONE',  ( -1.475000000000000089, 2.065549442140357073, 0.000000000000000000 ) ) ;
#5394 = CARTESIAN_POINT ( 'NONE',  ( 0.000000000000000000, 0.4500000000000000666, -1.499999999999999778 ) ) ;
#5395 = MECHANICAL_DESIGN_GEOMETRIC_PRESENTATION_REPRESENTATION (  '', ( #7581 ), #5933 ) ;
#5396 = PLANE ( 'NONE',  #5044 ) ;
#5397 = ORIENTED_EDGE ( 'NONE', *, *, #7432, .T. ) ;
#5398 = CARTESIAN_POINT ( 'NONE',  ( -4.814824860968089633E-32, 0.4500000000000000666, 0.000000000000000000 ) ) ;
#5399 = ORIENTED_EDGE ( 'NONE', *, *, #6721, .F. ) ;
#5400 =( LENGTH_UNIT ( ) NAMED_UNIT ( * ) SI_UNIT ( .MILLI., .METRE. ) );
#5401 = B_SPLINE_CURVE_WITH_KNOTS ( 'NONE', 3,
 ( #3040, #2315, #3647, #6692, #6654, #4212, #3004, #4824, #7823, #7287, #4294 ),
 .UNSPECIFIED., .F., .F.,
 ( 4, 2, 1, 2, 2, 4 ),
 ( 0.000000000000000000, 0.5000000000000012212, 0.6250000000000013323, 0.6875000000000007772, 0.7500000000000002220, 1.000000000000000000 ),
 .UNSPECIFIED. ) ;
#5402 = ORIENTED_EDGE ( 'NONE', *, *, #1704, .T. ) ;
#5403 = LINE ( 'NONE', #1574, #4098 ) ;
#5404 = PLANE ( 'NONE',  #7136 ) ;
#5405 = VECTOR ( 'NONE', #5703, 1000.000000000000000 ) ;
#5406 = VECTOR ( 'NONE', #1990, 1000.000000000000000 ) ;
#5407 = CARTESIAN_POINT ( 'NONE',  ( -2.168404344971008868E-16, 0.000000000000000000, -1.500000000000015321 ) ) ;
#5408 = DIRECTION ( 'NONE',  ( -0.000000000000000000, 0.000000000000000000, -1.000000000000000000 ) ) ;
#5409 = AXIS2_PLACEMENT_3D ( 'NONE', #6408, #2050, #2707 ) ;
#5410 =( NAMED_UNIT ( * ) PLANE_ANGLE_UNIT ( ) SI_UNIT ( $, .RADIAN. ) );
#5411 = PRESENTATION_STYLE_ASSIGNMENT (( #7269 ) ) ;
#5412 = FACE_OUTER_BOUND ( 'NONE', #1376, .T. ) ;
#5413 = SURFACE_SIDE_STYLE ('',( #1702 ) ) ;
#5414 = EDGE_CURVE ( 'NONE', #5564, #2018, #2238, .T. ) ;
#5415 = CARTESIAN_POINT ( 'NONE',  ( -1.500000000000000222, 2.065549442140357073, 0.000000000000000000 ) ) ;
#5416 =( GEOMETRIC_REPRESENTATION_CONTEXT ( 3 ) GLOBAL_UNCERTAINTY_ASSIGNED_CONTEXT ( ( #6358 ) ) GLOBAL_UNIT_ASSIGNED_CONTEXT ( ( #3397, #2893, #2168 ) ) REPRESENTATION_CONTEXT ( 'NONE', 'WORKASPACE' ) );
#5417 = SURFACE_SIDE_STYLE ('',( #6784 ) ) ;
#5418 = ORIENTED_EDGE ( 'NONE', *, *, #3364, .F. ) ;
#5419 = FILL_AREA_STYLE_COLOUR ( '', #5542 ) ;
#5420 = MECHANICAL_DESIGN_GEOMETRIC_PRESENTATION_REPRESENTATION (  '', ( #1518 ), #624 ) ;
#5421 = CARTESIAN_POINT ( 'NONE',  ( 1.499999999999999778, 0.000000000000000000, -1.500000000000000444 ) ) ;
#5422 = EDGE_CURVE ( 'NONE', #6469, #3218, #5697, .T. ) ;
#5423 = STYLED_ITEM ( 'NONE', ( #7479 ), #2140 ) ;
#5424 = CARTESIAN_POINT ( 'NONE',  ( 1.475000000000000311, 0.000000000000000000, -0.1732050807569037176 ) ) ;
#5425 = EDGE_CURVE ( 'NONE', #1555, #7259, #7907, .T. ) ;
#5426 =( LENGTH_UNIT ( ) NAMED_UNIT ( * ) SI_UNIT ( .MILLI., .METRE. ) );
#5427 = STYLED_ITEM ( 'NONE', ( #5211 ), #1629 ) ;
#5428 = UNCERTAINTY_MEASURE_WITH_UNIT (LENGTH_MEASURE( 1.000000000000000082E-05 ), #1651, 'distance_accuracy_value', 'NONE');
#5429 = EDGE_LOOP ( 'NONE', ( #6597, #4037, #4828, #5004, #2130, #4523, #6024, #6173, #2239, #4052, #8016, #3122 ) ) ;
#5430 =( GEOMETRIC_REPRESENTATION_CONTEXT ( 3 ) GLOBAL_UNCERTAINTY_ASSIGNED_CONTEXT ( ( #6210 ) ) GLOBAL_UNIT_ASSIGNED_CONTEXT ( ( #768, #1360, #3800 ) ) REPRESENTATION_CONTEXT ( 'NONE', 'WORKASPACE' ) );
#5431 = FACE_OUTER_BOUND ( 'NONE', #7060, .T. ) ;
#5432 = EDGE_CURVE ( 'NONE', #6280, #4229, #7982, .T. ) ;
#5433 = PLANE ( 'NONE',  #5387 ) ;
#5434 = VECTOR ( 'NONE', #6242, 1000.000000000000000 ) ;
#5435 = DIRECTION ( 'NONE',  ( 0.000000000000000000, 1.000000000000000000, 0.000000000000000000 ) ) ;
#5436 = ORIENTED_EDGE ( 'NONE', *, *, #5589, .T. ) ;
#5437 = PRESENTATION_STYLE_ASSIGNMENT (( #2961 ) ) ;
#5438 = AXIS2_PLACEMENT_3D ( 'NONE', #3689, #3616, #5570 ) ;
#5439 = LINE ( 'NONE', #5398, #1998 ) ;
#5440 = EDGE_LOOP ( 'NONE', ( #7988, #2943, #2355, #7452 ) ) ;
#5441 = ORIENTED_EDGE ( 'NONE', *, *, #4391, .T. ) ;
#5442 = EDGE_CURVE ( 'NONE', #685, #1279, #5439, .T. ) ;
#5443 = ORIENTED_EDGE ( 'NONE', *, *, #6902, .F. ) ;
#5444 = DIRECTION ( 'NONE',  ( -1.000000000000000000, 0.000000000000000000, -0.000000000000000000 ) ) ;
#5445 =( LENGTH_UNIT ( ) NAMED_UNIT ( * ) SI_UNIT ( .MILLI., .METRE. ) );
#5446 = VECTOR ( 'NONE', #4370, 1000.000000000000000 ) ;
#5447 = MECHANICAL_DESIGN_GEOMETRIC_PRESENTATION_REPRESENTATION (  '', ( #902 ), #3748 ) ;
#5448 = DIRECTION ( 'NONE',  ( 0.000000000000000000, -1.000000000000000000, 0.000000000000000000 ) ) ;
#5449 = CARTESIAN_POINT ( 'NONE',  ( -0.1732050807568898121, 0.000000000000000000, -1.475000000000000089 ) ) ;
#5450 = STYLED_ITEM ( 'NONE', ( #6782 ), #668 ) ;
#5451 = FACE_OUTER_BOUND ( 'NONE', #6130, .T. ) ;
#5452 = ORIENTED_EDGE ( 'NONE', *, *, #2997, .T. ) ;
#5453 = PRESENTATION_STYLE_ASSIGNMENT (( #1022 ) ) ;
#5454 = CARTESIAN_POINT ( 'NONE',  ( -0.7499999999999992228, 0.000000000000000000, 0.9000000000000005773 ) ) ;
#5455 = STYLED_ITEM ( 'NONE', ( #1329 ), #1407 ) ;
#5456 = FILL_AREA_STYLE ('',( #4232 ) ) ;
#5457 = FILL_AREA_STYLE_COLOUR ( '', #1607 ) ;
#5458 = ORIENTED_EDGE ( 'NONE', *, *, #3498, .T. ) ;
#5459 = DIRECTION ( 'NONE',  ( 0.000000000000000000, 0.000000000000000000, -1.000000000000000000 ) ) ;
#5460 = PRESENTATION_LAYER_ASSIGNMENT (  '', '', ( #5868 ) ) ;
#5461 = SURFACE_SIDE_STYLE ('',( #5498 ) ) ;
#5462 = DIRECTION ( 'NONE',  ( -0.000000000000000000, 0.000000000000000000, -1.000000000000000000 ) ) ;
#5463 = CARTESIAN_POINT ( 'NONE',  ( 1.475000000000000311, 2.065549442140357073, 0.3000000000000007105 ) ) ;
#5464 =( NAMED_UNIT ( * ) PLANE_ANGLE_UNIT ( ) SI_UNIT ( $, .RADIAN. ) );
#5465 = CARTESIAN_POINT ( 'NONE',  ( 1.399999999999999689, 1.000000000000000000, 1.199999999999997735 ) ) ;
#5466 = EDGE_CURVE ( 'NONE', #231, #2504, #6044, .T. ) ;
#5467 = DIRECTION ( 'NONE',  ( 0.000000000000000000, -1.000000000000000000, 0.000000000000000000 ) ) ;
#5468 = ORIENTED_EDGE ( 'NONE', *, *, #11, .F. ) ;
#5469 = CARTESIAN_POINT ( 'NONE',  ( -1.400000000000000133, 0.8500000000000000888, -1.399999999999999689 ) ) ;
#5470 = SURFACE_STYLE_FILL_AREA ( #2473 ) ;
#5471 = PLANE ( 'NONE',  #3067 ) ;
#5472 = SURFACE_STYLE_FILL_AREA ( #7937 ) ;
#5473 = LINE ( 'NONE', #4859, #5572 ) ;
#5474 = CARTESIAN_POINT ( 'NONE',  ( 0.7499999999999996669, 0.4500000000000000666, 0.000000000000000000 ) ) ;
#5475 = ADVANCED_FACE ( 'NONE', ( #6169 ), #6733, .F. ) ;
#5476 = EDGE_LOOP ( 'NONE', ( #6540, #3685, #6582, #3284 ) ) ;
#5477 = LINE ( 'NONE', #3613, #7367 ) ;
#5478 =( LENGTH_UNIT ( ) NAMED_UNIT ( * ) SI_UNIT ( .MILLI., .METRE. ) );
#5479 = VERTEX_POINT ( 'NONE', #7871 ) ;
#5480 = ORIENTED_EDGE ( 'NONE', *, *, #7112, .F. ) ;
#5481 = CARTESIAN_POINT ( 'NONE',  ( -3.469446951953606300E-16, 2.065549442140357073, 0.2999999999999990452 ) ) ;
#5482 = CARTESIAN_POINT ( 'NONE',  ( -1.109023780247329127E-15, 0.4499999999999999001, -1.475000000000000755 ) ) ;
#5483 =( GEOMETRIC_REPRESENTATION_CONTEXT ( 3 ) GLOBAL_UNCERTAINTY_ASSIGNED_CONTEXT ( ( #561 ) ) GLOBAL_UNIT_ASSIGNED_CONTEXT ( ( #904, #2172, #5302 ) ) REPRESENTATION_CONTEXT ( 'NONE', 'WORKASPACE' ) );
#5484 =( GEOMETRIC_REPRESENTATION_CONTEXT ( 3 ) GLOBAL_UNCERTAINTY_ASSIGNED_CONTEXT ( ( #4587 ) ) GLOBAL_UNIT_ASSIGNED_CONTEXT ( ( #2506, #134, #7554 ) ) REPRESENTATION_CONTEXT ( 'NONE', 'WORKASPACE' ) );
#5485 = CARTESIAN_POINT ( 'NONE',  ( 1.349999999999999867, 1.100000000000000089, 1.199999999999997735 ) ) ;
#5486 = UNCERTAINTY_MEASURE_WITH_UNIT (LENGTH_MEASURE( 1.000000000000000082E-05 ), #4826, 'distance_accuracy_value', 'NONE');
#5487 = CARTESIAN_POINT ( 'NONE',  ( -1.500000000000000222, 0.4500000000000000111, -0.1499999999999997446 ) ) ;
#5488 = EDGE_CURVE ( 'NONE', #2556, #2703, #601, .T. ) ;
#5489 =( LENGTH_UNIT ( ) NAMED_UNIT ( * ) SI_UNIT ( .MILLI., .METRE. ) );
#5490 = VECTOR ( 'NONE', #5515, 1000.000000000000000 ) ;
#5491 = SURFACE_STYLE_FILL_AREA ( #7467 ) ;
#5492 = VERTEX_POINT ( 'NONE', #4135 ) ;
#5493 = PRESENTATION_STYLE_ASSIGNMENT (( #3101 ) ) ;
#5494 = SURFACE_STYLE_USAGE ( .BOTH. , #4885 ) ;
#5495 = DIRECTION ( 'NONE',  ( 1.000000000000000000, -0.000000000000000000, 5.421010862427523156E-16 ) ) ;
#5496 = CARTESIAN_POINT ( 'NONE',  ( -1.500000000000000222, 0.000000000000000000, -1.325000000000000400 ) ) ;
#5497 = ORIENTED_EDGE ( 'NONE', *, *, #1348, .T. ) ;
#5498 = SURFACE_STYLE_FILL_AREA ( #662 ) ;
#5499 =( LENGTH_UNIT ( ) NAMED_UNIT ( * ) SI_UNIT ( .MILLI., .METRE. ) );
#5500 = COLOUR_RGB ( '',0.7529411764705882248, 0.7529411764705882248, 0.7529411764705882248 ) ;
#5501 = PRESENTATION_STYLE_ASSIGNMENT (( #2297 ) ) ;
#5502 = DIRECTION ( 'NONE',  ( 0.000000000000000000, 0.000000000000000000, -1.000000000000000000 ) ) ;
#5503 = DIRECTION ( 'NONE',  ( 0.000000000000000000, 0.000000000000000000, -1.000000000000000000 ) ) ;
#5504 = VECTOR ( 'NONE', #3066, 1000.000000000000000 ) ;
#5505 = CARTESIAN_POINT ( 'NONE',  ( 1.399999999999999689, 1.050000000000000488, 1.199999999999997735 ) ) ;
#5506 = FACE_OUTER_BOUND ( 'NONE', #7579, .T. ) ;
#5507 = ORIENTED_EDGE ( 'NONE', *, *, #4225, .F. ) ;
#5508 = FILL_AREA_STYLE ('',( #1111 ) ) ;
#5509 = DIRECTION ( 'NONE',  ( 0.000000000000000000, 0.000000000000000000, -1.000000000000000000 ) ) ;
#5511 = MECHANICAL_DESIGN_GEOMETRIC_PRESENTATION_REPRESENTATION (  '', ( #7967 ), #3807 ) ;
#5510 =( LENGTH_UNIT ( ) NAMED_UNIT ( * ) SI_UNIT ( .MILLI., .METRE. ) );
#5512 = CARTESIAN_POINT ( 'NONE',  ( -1.469132017898092002, 0.9000000000000002442, -1.354591185036678302 ) ) ;
#5513 = ADVANCED_FACE ( 'NONE', ( #5562 ), #476, .F. ) ;
#5514 = SURFACE_STYLE_FILL_AREA ( #551 ) ;
#5515 = DIRECTION ( 'NONE',  ( 1.000000000000000000, 0.000000000000000000, 0.000000000000000000 ) ) ;
#5516 = STYLED_ITEM ( 'NONE', ( #898 ), #4471 ) ;
#5517 = VECTOR ( 'NONE', #1447, 1000.000000000000000 ) ;
#5518 = EDGE_LOOP ( 'NONE', ( #7379, #181, #4234, #4663, #2690, #7822, #6376, #5736, #5098 ) ) ;
#5519 = ORIENTED_EDGE ( 'NONE', *, *, #7854, .T. ) ;
#5520 = VERTEX_POINT ( 'NONE', #1236 ) ;
#5521 = FILL_AREA_STYLE ('',( #1126 ) ) ;
#5522 = CARTESIAN_POINT ( 'NONE',  ( 0.7499999999999992228, 0.000000000000000000, 0.9000000000000005773 ) ) ;
#5523 = AXIS2_PLACEMENT_3D ( 'NONE', #4728, #5350, #2341 ) ;
#5524 = EDGE_CURVE ( 'NONE', #5140, #49, #4465, .T. ) ;
#5525 = CARTESIAN_POINT ( 'NONE',  ( -3.469446951953602356E-16, 2.065549442140357073, -0.2999999999999990452 ) ) ;
#5526 = VECTOR ( 'NONE', #4944, 1000.000000000000000 ) ;
#5527 = LINE ( 'NONE', #3620, #6305 ) ;
#5528 = CLOSED_SHELL ( 'NONE', ( #6443, #192, #2949, #453, #2308, #2290, #7129, #995, #6281, #6220, #4868, #565 ) ) ;
#5529 = CIRCLE ( 'NONE', #3068, 0.1750000000000295208 ) ;
#5530 = CARTESIAN_POINT ( 'NONE',  ( 1.499999999999999778, 0.000000000000000000, 3.122502256758252770E-14 ) ) ;
#5531 = CARTESIAN_POINT ( 'NONE',  ( 1.499999999999999778, 0.4499999999999999001, 1.349999999999970113 ) ) ;
#5532 = CIRCLE ( 'NONE', #2421, 0.1749999999999687916 ) ;
#5533 = EDGE_LOOP ( 'NONE', ( #2240, #1848, #2744, #1571, #4652, #5838, #6530, #5306, #6696 ) ) ;
#5534 = VECTOR ( 'NONE', #7430, 1000.000000000000000 ) ;
#5535 = CYLINDRICAL_SURFACE ( 'NONE', #3756, 0.1750000000000000167 ) ;
#5536 = EDGE_CURVE ( 'NONE', #3307, #3973, #3757, .T. ) ;
#5537 = CARTESIAN_POINT ( 'NONE',  ( -1.500000000000000222, 0.4500000000000001221, 0.000000000000000000 ) ) ;
#5538 = PRESENTATION_LAYER_ASSIGNMENT (  '', '', ( #2295 ) ) ;
#5539 = UNCERTAINTY_MEASURE_WITH_UNIT (LENGTH_MEASURE( 1.000000000000000082E-05 ), #5375, 'distance_accuracy_value', 'NONE');
#5540 = PLANE ( 'NONE',  #5650 ) ;
#5541 = ORIENTED_EDGE ( 'NONE', *, *, #6966, .F. ) ;
#5542 = COLOUR_RGB ( '',1.000000000000000000, 0.8117647058823529438, 0.5019607843137254832 ) ;
#5543 = STYLED_ITEM ( 'NONE', ( #4260 ), #2608 ) ;
#5544 = FILL_AREA_STYLE_COLOUR ( '', #3693 ) ;
#5545 = CARTESIAN_POINT ( 'NONE',  ( 0.7499999999999991118, 2.065549442140357073, 0.9000000000000005773 ) ) ;
#5546 = CARTESIAN_POINT ( 'NONE',  ( -1.475000000000000089, 0.000000000000000000, 1.326794919243112325 ) ) ;
#5547 = CARTESIAN_POINT ( 'NONE',  ( 1.475000000000000311, 0.000000000000000000, 0.9000000000000005773 ) ) ;
#5548 =( NAMED_UNIT ( * ) PLANE_ANGLE_UNIT ( ) SI_UNIT ( $, .RADIAN. ) );
#5549 = SURFACE_STYLE_USAGE ( .BOTH. , #1182 ) ;
#5550 = FILL_AREA_STYLE_COLOUR ( '', #1064 ) ;
#5551 = CARTESIAN_POINT ( 'NONE',  ( 1.499999999999999112, 0.9000000000000002442, 1.400000000000000133 ) ) ;
#5552 =( NAMED_UNIT ( * ) SI_UNIT ( $, .STERADIAN. ) SOLID_ANGLE_UNIT ( ) );
#5553 = PRESENTATION_LAYER_ASSIGNMENT (  '', '', ( #5560 ) ) ;
#5554 = EDGE_LOOP ( 'NONE', ( #5921, #7506, #4581, #7829, #4505, #4566 ) ) ;
#5555 =( LENGTH_UNIT ( ) NAMED_UNIT ( * ) SI_UNIT ( .MILLI., .METRE. ) );
#5556 = FILL_AREA_STYLE ('',( #3079 ) ) ;
#5557 = CARTESIAN_POINT ( 'NONE',  ( 1.475000000000000311, 0.4500000000000000111, 1.326794919243081905 ) ) ;
#5558 = FILL_AREA_STYLE ('',( #4292 ) ) ;
#5559 = AXIS2_PLACEMENT_3D ( 'NONE', #5634, #7525, #4899 ) ;
#5560 = STYLED_ITEM ( 'NONE', ( #1820 ), #2347 ) ;
#5561 = DIRECTION ( 'NONE',  ( -1.000000000000000000, 0.000000000000000000, -0.000000000000000000 ) ) ;
#5562 = FACE_OUTER_BOUND ( 'NONE', #3088, .T. ) ;
#5563 = VECTOR ( 'NONE', #7339, 1000.000000000000000 ) ;
#5564 = VERTEX_POINT ( 'NONE', #5686 ) ;
#5565 = DIRECTION ( 'NONE',  ( 0.000000000000000000, -1.000000000000000000, -0.000000000000000000 ) ) ;
#5566 = VECTOR ( 'NONE', #4790, 1000.000000000000000 ) ;
#5567 = ORIENTED_EDGE ( 'NONE', *, *, #4483, .F. ) ;
#5568 = ORIENTED_EDGE ( 'NONE', *, *, #4722, .F. ) ;
#5569 = DIRECTION ( 'NONE',  ( 1.000000000000000000, -0.000000000000000000, 0.000000000000000000 ) ) ;
#5570 = DIRECTION ( 'NONE',  ( 1.000000000000000000, 0.000000000000000000, -0.000000000000000000 ) ) ;
#5571 = AXIS2_PLACEMENT_3D ( 'NONE', #7878, #439, #6027 ) ;
#5572 = VECTOR ( 'NONE', #6652, 1000.000000000000000 ) ;
#5573 = FILL_AREA_STYLE ('',( #7380 ) ) ;
#5574 = AXIS2_PLACEMENT_3D ( 'NONE', #2676, #6984, #2106 ) ;
#5575 = EDGE_CURVE ( 'NONE', #4421, #41, #1402, .T. ) ;
#5576 = DIRECTION ( 'NONE',  ( -0.000000000000000000, 1.000000000000000000, 0.000000000000000000 ) ) ;
#5577 = ADVANCED_FACE ( 'NONE', ( #3881 ), #4495, .F. ) ;
#5578 = DIRECTION ( 'NONE',  ( 0.000000000000000000, -1.000000000000000000, 0.000000000000000000 ) ) ;
#5579 = MECHANICAL_DESIGN_GEOMETRIC_PRESENTATION_REPRESENTATION (  '', ( #5839 ), #5317 ) ;
#5580 = FACE_OUTER_BOUND ( 'NONE', #2849, .T. ) ;
#5581 = AXIS2_PLACEMENT_3D ( 'NONE', #4317, #6318, #741 ) ;
#5582 = ORIENTED_EDGE ( 'NONE', *, *, #3635, .T. ) ;
#5583 = DIRECTION ( 'NONE',  ( 1.000000000000000000, 0.000000000000000000, -0.000000000000000000 ) ) ;
#5584 = SURFACE_STYLE_FILL_AREA ( #5001 ) ;
#5585 = CARTESIAN_POINT ( 'NONE',  ( -1.200000000000000178, 6.159797974644664720, -1.399999999999998135 ) ) ;
#5586 = VERTEX_POINT ( 'NONE', #176 ) ;
#5587 =( GEOMETRIC_REPRESENTATION_CONTEXT ( 3 ) GLOBAL_UNCERTAINTY_ASSIGNED_CONTEXT ( ( #2909 ) ) GLOBAL_UNIT_ASSIGNED_CONTEXT ( ( #7682, #3909, #5836 ) ) REPRESENTATION_CONTEXT ( 'NONE', 'WORKASPACE' ) );
#5588 = VECTOR ( 'NONE', #2271, 1000.000000000000000 ) ;
#5589 = EDGE_CURVE ( 'NONE', #3535, #6012, #6934, .T. ) ;
#5590 =( NAMED_UNIT ( * ) PLANE_ANGLE_UNIT ( ) SI_UNIT ( $, .RADIAN. ) );
#5591 = PRESENTATION_STYLE_ASSIGNMENT (( #1297 ) ) ;
#5592 = DIRECTION ( 'NONE',  ( 0.000000000000000000, -1.000000000000000000, 0.000000000000000000 ) ) ;
#5593 = FACE_OUTER_BOUND ( 'NONE', #5072, .T. ) ;
#5594 = AXIS2_PLACEMENT_3D ( 'NONE', #7545, #6307, #1419 ) ;
#5595 = MECHANICAL_DESIGN_GEOMETRIC_PRESENTATION_REPRESENTATION (  '', ( #2605 ), #7777 ) ;
#5596 = ORIENTED_EDGE ( 'NONE', *, *, #4371, .F. ) ;
#5597 = AXIS2_PLACEMENT_3D ( 'NONE', #7297, #2489, #447 ) ;
#5598 = LINE ( 'NONE', #214, #7693 ) ;
#5599 = FILL_AREA_STYLE ('',( #53 ) ) ;
#5600 = EDGE_CURVE ( 'NONE', #3768, #1778, #1351, .T. ) ;
#5601 = CARTESIAN_POINT ( 'NONE',  ( 0.000000000000000000, 0.8500000000000000888, -1.499999999999999778 ) ) ;
#5602 = ORIENTED_EDGE ( 'NONE', *, *, #2215, .T. ) ;
#5603 = CARTESIAN_POINT ( 'NONE',  ( 1.199999999999999734, 1.100000000000000089, 1.349999999999998090 ) ) ;
#5604 =( NAMED_UNIT ( * ) PLANE_ANGLE_UNIT ( ) SI_UNIT ( $, .RADIAN. ) );
#5605 = CARTESIAN_POINT ( 'NONE',  ( 1.199999999999999734, 1.050000000000000488, -1.399999999999998357 ) ) ;
#5606 = FILL_AREA_STYLE ('',( #6378 ) ) ;
#5607 = CARTESIAN_POINT ( 'NONE',  ( -1.500000000000000222, 0.4499999999999999001, 1.499999999999999556 ) ) ;
#5608 = CARTESIAN_POINT ( 'NONE',  ( 0.000000000000000000, 0.4499999999999999001, 0.9000000000000005773 ) ) ;
#5609 =( LENGTH_UNIT ( ) NAMED_UNIT ( * ) SI_UNIT ( .MILLI., .METRE. ) );
#5610 = EDGE_LOOP ( 'NONE', ( #2617, #6246, #8020, #452 ) ) ;
#5611 = DIRECTION ( 'NONE',  ( 1.000000000000000000, -0.000000000000000000, 1.807003620809174632E-16 ) ) ;
#5612 = ORIENTED_EDGE ( 'NONE', *, *, #4372, .T. ) ;
#5613 = VERTEX_POINT ( 'NONE', #22 ) ;
#5614 = SURFACE_SIDE_STYLE ('',( #3653 ) ) ;
#5615 = CARTESIAN_POINT ( 'NONE',  ( 1.475000000000000311, 0.4500000000000000666, 0.9000000000000005773 ) ) ;
#5616 = LINE ( 'NONE', #4337, #5176 ) ;
#5617 = VECTOR ( 'NONE', #6839, 1000.000000000000000 ) ;
#5618 = ORIENTED_EDGE ( 'NONE', *, *, #2448, .F. ) ;
#5619 = FILL_AREA_STYLE_COLOUR ( '', #5068 ) ;
#5620 = EDGE_LOOP ( 'NONE', ( #7661, #7526, #3875, #3826 ) ) ;
#5621 = DIRECTION ( 'NONE',  ( 0.000000000000000000, 0.000000000000000000, 1.000000000000000000 ) ) ;
#5623 = AXIS2_PLACEMENT_3D ( 'NONE', #2987, #7234, #5459 ) ;
#5622 = CARTESIAN_POINT ( 'NONE',  ( -1.500000000000000222, 2.065549442140357073, 1.499999999999999556 ) ) ;
#5624 = DIRECTION ( 'NONE',  ( -0.000000000000000000, 1.000000000000000000, -0.000000000000000000 ) ) ;
#5625 = ADVANCED_FACE ( 'NONE', ( #5026 ), #1937, .T. ) ;
#5626 = LINE ( 'NONE', #3274, #3323 ) ;
#5627 = ORIENTED_EDGE ( 'NONE', *, *, #3674, .T. ) ;
#5628 = CARTESIAN_POINT ( 'NONE',  ( -1.400000000000000133, 0.8500000000000000888, -1.499999999999999556 ) ) ;
#5629 = CARTESIAN_POINT ( 'NONE',  ( 1.499999999999999778, 0.000000000000000000, 1.324999999999969980 ) ) ;
#5630 = ADVANCED_FACE ( 'NONE', ( #4571 ), #7092, .T. ) ;
#5631 = ORIENTED_EDGE ( 'NONE', *, *, #5272, .F. ) ;
#5632 = CARTESIAN_POINT ( 'NONE',  ( -1.284919835629578122, 1.100000000000000089, -1.156611996393238417 ) ) ;
#5633 = STYLED_ITEM ( 'NONE', ( #4401 ), #5028 ) ;
#5634 = CARTESIAN_POINT ( 'NONE',  ( -1.500000000000000222, 2.065549442140357073, -1.500000000000000444 ) ) ;
#5635 = ORIENTED_EDGE ( 'NONE', *, *, #6043, .T. ) ;
#5636 = DIRECTION ( 'NONE',  ( 0.000000000000000000, -1.000000000000000000, 0.000000000000000000 ) ) ;
#5637 = CARTESIAN_POINT ( 'NONE',  ( 0.000000000000000000, 2.065549442140357073, 0.9000000000000005773 ) ) ;
#5638 =( LENGTH_UNIT ( ) NAMED_UNIT ( * ) SI_UNIT ( .MILLI., .METRE. ) );
#5639 = ADVANCED_FACE ( 'NONE', ( #3486 ), #7018, .T. ) ;
#5640 = VECTOR ( 'NONE', #7381, 1000.000000000000000 ) ;
#5641 = UNCERTAINTY_MEASURE_WITH_UNIT (LENGTH_MEASURE( 1.000000000000000082E-05 ), #7309, 'distance_accuracy_value', 'NONE');
#5642 = PRESENTATION_STYLE_ASSIGNMENT (( #1844 ) ) ;
#5643 = CARTESIAN_POINT ( 'NONE',  ( 1.399999999999999689, 6.159797974644664720, 1.199999999999997735 ) ) ;
#5644 = SURFACE_STYLE_USAGE ( .BOTH. , #4446 ) ;
#5645 =( GEOMETRIC_REPRESENTATION_CONTEXT ( 3 ) GLOBAL_UNCERTAINTY_ASSIGNED_CONTEXT ( ( #1374 ) ) GLOBAL_UNIT_ASSIGNED_CONTEXT ( ( #2419, #581, #3704 ) ) REPRESENTATION_CONTEXT ( 'NONE', 'WORKASPACE' ) );
#5646 = VERTEX_POINT ( 'NONE', #1440 ) ;
#5647 = PRESENTATION_LAYER_ASSIGNMENT (  '', '', ( #52 ) ) ;
#5648 = ORIENTED_EDGE ( 'NONE', *, *, #264, .T. ) ;
#5649 = CARTESIAN_POINT ( 'NONE',  ( -1.500000000000000222, 0.4500000000000001221, 0.000000000000000000 ) ) ;
#5650 = AXIS2_PLACEMENT_3D ( 'NONE', #659, #6400, #5661 ) ;
#5651 = SURFACE_SIDE_STYLE ('',( #686 ) ) ;
#5652 =( NAMED_UNIT ( * ) SI_UNIT ( $, .STERADIAN. ) SOLID_ANGLE_UNIT ( ) );
#5653 = ORIENTED_EDGE ( 'NONE', *, *, #8011, .F. ) ;
#5654 = AXIS2_PLACEMENT_3D ( 'NONE', #6742, #3051, #1203 ) ;
#5655 = ORIENTED_EDGE ( 'NONE', *, *, #714, .F. ) ;
#5656 = FILL_AREA_STYLE ('',( #3734 ) ) ;
#5657 =( NAMED_UNIT ( * ) SI_UNIT ( $, .STERADIAN. ) SOLID_ANGLE_UNIT ( ) );
#5658 = DIRECTION ( 'NONE',  ( -1.000000000000000000, 0.000000000000000000, 0.000000000000000000 ) ) ;
#5659 = VECTOR ( 'NONE', #3338, 1000.000000000000000 ) ;
#5660 = FILL_AREA_STYLE_COLOUR ( '', #7977 ) ;
#5661 = DIRECTION ( 'NONE',  ( 1.807003620809174632E-16, 0.000000000000000000, -1.000000000000000000 ) ) ;
#5662 = VERTEX_POINT ( 'NONE', #6415 ) ;
#5663 = AXIS2_PLACEMENT_3D ( 'NONE', #7050, #5887, #1515 ) ;
#5664 =( GEOMETRIC_REPRESENTATION_CONTEXT ( 3 ) GLOBAL_UNCERTAINTY_ASSIGNED_CONTEXT ( ( #2037 ) ) GLOBAL_UNIT_ASSIGNED_CONTEXT ( ( #6331, #3788, #3916 ) ) REPRESENTATION_CONTEXT ( 'NONE', 'WORKASPACE' ) );
#5665 = SURFACE_STYLE_USAGE ( .BOTH. , #5832 ) ;
#5666 = STYLED_ITEM ( 'NONE', ( #823 ), #1096 ) ;
#5667 = DIRECTION ( 'NONE',  ( 0.000000000000000000, 0.000000000000000000, -1.000000000000000000 ) ) ;
#5668 = EDGE_CURVE ( 'NONE', #1919, #2438, #353, .T. ) ;
#5669 = VECTOR ( 'NONE', #99, 1000.000000000000000 ) ;
#5670 = DIRECTION ( 'NONE',  ( -1.000000000000000000, 0.000000000000000000, 0.000000000000000000 ) ) ;
#5671 = FILL_AREA_STYLE ('',( #1915 ) ) ;
#5672 = FILL_AREA_STYLE ('',( #1830 ) ) ;
#5673 = CIRCLE ( 'NONE', #3214, 0.1499999999999999667 ) ;
#5674 = FACE_OUTER_BOUND ( 'NONE', #2808, .T. ) ;
#5675 = EDGE_LOOP ( 'NONE', ( #558, #2458, #2609, #4298 ) ) ;
#5676 = CIRCLE ( 'NONE', #5152, 0.1749999999999996003 ) ;
#5677 =( NAMED_UNIT ( * ) PLANE_ANGLE_UNIT ( ) SI_UNIT ( $, .RADIAN. ) );
#5678 = MECHANICAL_DESIGN_GEOMETRIC_PRESENTATION_REPRESENTATION (  '', ( #4102 ), #7091 ) ;
#5679 = EDGE_CURVE ( 'NONE', #5985, #5702, #5856, .T. ) ;
#5680 = ADVANCED_FACE ( 'NONE', ( #2753 ), #306, .T. ) ;
#5681 = VERTEX_POINT ( 'NONE', #5465 ) ;
#5682 = SURFACE_STYLE_USAGE ( .BOTH. , #7488 ) ;
#5683 = AXIS2_PLACEMENT_3D ( 'NONE', #2673, #4005, #5763 ) ;
#5684 = UNCERTAINTY_MEASURE_WITH_UNIT (LENGTH_MEASURE( 1.000000000000000082E-05 ), #1695, 'distance_accuracy_value', 'NONE');
#5685 = SURFACE_STYLE_FILL_AREA ( #6335 ) ;
#5686 = CARTESIAN_POINT ( 'NONE',  ( 0.7499999999999998890, 0.000000000000000000, 0.2999999999999999334 ) ) ;
#5687 = CARTESIAN_POINT ( 'NONE',  ( 0.000000000000000000, 2.065549442140357073, -0.9000000000000005773 ) ) ;
#5688 = EDGE_CURVE ( 'NONE', #1993, #5200, #1758, .T. ) ;
#5689 = ORIENTED_EDGE ( 'NONE', *, *, #1672, .T. ) ;
#5690 = EDGE_LOOP ( 'NONE', ( #3547, #1404, #7372, #4404 ) ) ;
#5691 = SURFACE_STYLE_USAGE ( .BOTH. , #5770 ) ;
#5692 = VECTOR ( 'NONE', #2125, 1000.000000000000000 ) ;
#5693 = DIRECTION ( 'NONE',  ( -0.000000000000000000, 1.000000000000000000, 0.000000000000000000 ) ) ;
#5694 = EDGE_LOOP ( 'NONE', ( #7667, #7731, #5721, #2147 ) ) ;
#5695 = PRESENTATION_STYLE_ASSIGNMENT (( #1898 ) ) ;
#5696 = CARTESIAN_POINT ( 'NONE',  ( 1.499999999999999778, 2.065549442140357073, -0.1749999999999998224 ) ) ;
#5698 = VECTOR ( 'NONE', #1952, 1000.000000000000000 ) ;
#5697 = B_SPLINE_CURVE_WITH_KNOTS ( 'NONE', 3,
 ( #1006, #7105, #1608, #4710, #4017, #3425, #4092, #6592, #2477, #3005, #8025 ),
 .UNSPECIFIED., .F., .F.,
 ( 4, 2, 1, 2, 2, 4 ),
 ( 0.000000000000000000, 0.4999999999999983347, 0.6249999999999983347, 0.6874999999999987788, 0.7499999999999992228, 1.000000000000000000 ),
 .UNSPECIFIED. ) ;
#5699 = EDGE_CURVE ( 'NONE', #761, #2081, #3531, .T. ) ;
#5700 = ORIENTED_EDGE ( 'NONE', *, *, #7119, .F. ) ;
#5701 =( NAMED_UNIT ( * ) PLANE_ANGLE_UNIT ( ) SI_UNIT ( $, .RADIAN. ) );
#5702 = VERTEX_POINT ( 'NONE', #4851 ) ;
#5703 = DIRECTION ( 'NONE',  ( -1.000000000000000000, -0.000000000000000000, -0.000000000000000000 ) ) ;
#5704 =( GEOMETRIC_REPRESENTATION_CONTEXT ( 3 ) GLOBAL_UNCERTAINTY_ASSIGNED_CONTEXT ( ( #20 ) ) GLOBAL_UNIT_ASSIGNED_CONTEXT ( ( #1721, #3529, #2352 ) ) REPRESENTATION_CONTEXT ( 'NONE', 'WORKASPACE' ) );
#5705 = UNCERTAINTY_MEASURE_WITH_UNIT (LENGTH_MEASURE( 1.000000000000000082E-05 ), #631, 'distance_accuracy_value', 'NONE');
#5706 = LINE ( 'NONE', #7633, #7312 ) ;
#5707 = ORIENTED_EDGE ( 'NONE', *, *, #5600, .T. ) ;
#5708 = PRESENTATION_LAYER_ASSIGNMENT (  '', '', ( #4530 ) ) ;
#5709 = PRESENTATION_LAYER_ASSIGNMENT (  '', '', ( #769 ) ) ;
#5710 =( LENGTH_UNIT ( ) NAMED_UNIT ( * ) SI_UNIT ( .MILLI., .METRE. ) );
#5711 = CARTESIAN_POINT ( 'NONE',  ( 3.469446951953602849E-16, 2.065549442140357073, -0.2999999999999990452 ) ) ;
#5712 = PLANE ( 'NONE',  #4830 ) ;
#5713 = UNCERTAINTY_MEASURE_WITH_UNIT (LENGTH_MEASURE( 1.000000000000000082E-05 ), #413, 'distance_accuracy_value', 'NONE');
#5714 =( LENGTH_UNIT ( ) NAMED_UNIT ( * ) SI_UNIT ( .MILLI., .METRE. ) );
#5715 = ORIENTED_EDGE ( 'NONE', *, *, #7707, .F. ) ;
#5716 = DIRECTION ( 'NONE',  ( -1.000000000000000000, -0.000000000000000000, -0.000000000000000000 ) ) ;
#5717 = CARTESIAN_POINT ( 'NONE',  ( -1.284919835629578344, 1.100000000000000089, -1.169999999999998375 ) ) ;
#5718 =( NAMED_UNIT ( * ) PLANE_ANGLE_UNIT ( ) SI_UNIT ( $, .RADIAN. ) );
#5719 =( GEOMETRIC_REPRESENTATION_CONTEXT ( 3 ) GLOBAL_UNCERTAINTY_ASSIGNED_CONTEXT ( ( #1675 ) ) GLOBAL_UNIT_ASSIGNED_CONTEXT ( ( #3936, #5826, #3979 ) ) REPRESENTATION_CONTEXT ( 'NONE', 'WORKASPACE' ) );
#5720 = MECHANICAL_DESIGN_GEOMETRIC_PRESENTATION_REPRESENTATION (  '', ( #2475 ), #3128 ) ;
#5721 = ORIENTED_EDGE ( 'NONE', *, *, #242, .T. ) ;
#5722 =( NAMED_UNIT ( * ) SI_UNIT ( $, .STERADIAN. ) SOLID_ANGLE_UNIT ( ) );
#5723 = DIRECTION ( 'NONE',  ( 0.000000000000000000, -1.000000000000000000, 0.000000000000000000 ) ) ;
#5724 = FACE_OUTER_BOUND ( 'NONE', #5429, .T. ) ;
#5725 = PLANE ( 'NONE',  #4341 ) ;
#5726 = EDGE_CURVE ( 'NONE', #4334, #2335, #6683, .T. ) ;
#5727 = DIRECTION ( 'NONE',  ( 1.000000000000000000, -0.000000000000000000, 1.807003620809174632E-16 ) ) ;
#5728 = SURFACE_STYLE_USAGE ( .BOTH. , #3130 ) ;
#5729 = VECTOR ( 'NONE', #1548, 1000.000000000000000 ) ;
#5730 = ORIENTED_EDGE ( 'NONE', *, *, #2460, .T. ) ;
#5731 = DIRECTION ( 'NONE',  ( -1.000000000000000000, 0.000000000000000000, 3.614007241618441955E-16 ) ) ;
#5732 = EDGE_LOOP ( 'NONE', ( #4924, #3929, #7095, #1987 ) ) ;
#5733 = LINE ( 'NONE', #6422, #3815 ) ;
#5734 = PRESENTATION_STYLE_ASSIGNMENT (( #4416 ) ) ;
#5735 = UNCERTAINTY_MEASURE_WITH_UNIT (LENGTH_MEASURE( 1.000000000000000082E-05 ), #3340, 'distance_accuracy_value', 'NONE');
#5736 = ORIENTED_EDGE ( 'NONE', *, *, #1246, .T. ) ;
#5737 = EDGE_CURVE ( 'NONE', #7481, #7212, #4245, .T. ) ;
#5738 = DIRECTION ( 'NONE',  ( -1.000000000000000000, 0.000000000000000000, 0.000000000000000000 ) ) ;
#5739 = ORIENTED_EDGE ( 'NONE', *, *, #7592, .T. ) ;
#5740 =( LENGTH_UNIT ( ) NAMED_UNIT ( * ) SI_UNIT ( .MILLI., .METRE. ) );
#5741 = EDGE_LOOP ( 'NONE', ( #5928, #1411, #3842, #4377, #6897, #4219, #110, #681, #5819, #7247, #2675, #679, #4700, #2318, #6257, #5778, #2765, #1025, #3582, #5903, #6921, #6353, #4789, #1490, #3841, #6360, #2590, #5846, #7574, #2002, #4817, #65, #7497, #1257, #1910, #2779, #732, #944, #7054, #2276, #3733, #4509, #6968, #6548, #5399, #4313 ) ) ;
#5742 = SURFACE_SIDE_STYLE ('',( #7544 ) ) ;
#5743 = CARTESIAN_POINT ( 'NONE',  ( 0.000000000000000000, 0.000000000000000000, -0.9000000000000005773 ) ) ;
#5744 =( LENGTH_UNIT ( ) NAMED_UNIT ( * ) SI_UNIT ( .MILLI., .METRE. ) );
#5745 = EDGE_CURVE ( 'NONE', #644, #5060, #6643, .T. ) ;
#5746 = DIRECTION ( 'NONE',  ( 1.000000000000000000, -0.000000000000000000, -0.000000000000000000 ) ) ;
#5747 = ORIENTED_EDGE ( 'NONE', *, *, #7451, .T. ) ;
#5748 = VECTOR ( 'NONE', #5893, 1000.000000000000000 ) ;
#5749 = CARTESIAN_POINT ( 'NONE',  ( 0.7499999999999998890, 2.065549442140357073, -0.9000000000000005773 ) ) ;
#5750 = DIRECTION ( 'NONE',  ( 0.000000000000000000, -1.000000000000000000, -0.000000000000000000 ) ) ;
#5751 = SURFACE_SIDE_STYLE ('',( #5918 ) ) ;
#5752 = PRESENTATION_STYLE_ASSIGNMENT (( #6445 ) ) ;
#5753 = COLOUR_RGB ( '',1.000000000000000000, 0.8117647058823529438, 0.5019607843137254832 ) ;
#5754 = ORIENTED_EDGE ( 'NONE', *, *, #2514, .F. ) ;
#5755 = CARTESIAN_POINT ( 'NONE',  ( 1.399999999999999689, 0.8500000000000000888, 1.499999999999999112 ) ) ;
#5756 = VERTEX_POINT ( 'NONE', #542 ) ;
#5757 = VECTOR ( 'NONE', #5561, 1000.000000000000000 ) ;
#5758 = FILL_AREA_STYLE ('',( #7689 ) ) ;
#5759 = CARTESIAN_POINT ( 'NONE',  ( -3.469446951953602356E-16, 0.000000000000000000, -0.2999999999999990452 ) ) ;
#5760 = CARTESIAN_POINT ( 'NONE',  ( -1.350000000000000311, 2.065549442140357073, 1.500000000000000222 ) ) ;
#5761 = FILL_AREA_STYLE ('',( #4569 ) ) ;
#5762 = COLOUR_RGB ( '',0.2509803921568627416, 0.2509803921568627416, 0.2509803921568627416 ) ;
#5763 = DIRECTION ( 'NONE',  ( -7.434529182756462904E-15, 0.000000000000000000, -1.000000000000000000 ) ) ;
#5764 = ORIENTED_EDGE ( 'NONE', *, *, #2300, .T. ) ;
#5765 = PLANE ( 'NONE',  #2848 ) ;
#5766 = VERTEX_POINT ( 'NONE', #6088 ) ;
#5767 = EDGE_CURVE ( 'NONE', #5389, #1706, #7361, .T. ) ;
#5768 = ORIENTED_EDGE ( 'NONE', *, *, #2258, .T. ) ;
#5769 = LINE ( 'NONE', #7619, #5659 ) ;
#5770 = SURFACE_SIDE_STYLE ('',( #2604 ) ) ;
#5771 = DIRECTION ( 'NONE',  ( 0.000000000000000000, -0.000000000000000000, 1.000000000000000000 ) ) ;
#5772 = VERTEX_POINT ( 'NONE', #5505 ) ;
#5773 = FILL_AREA_STYLE ('',( #648 ) ) ;
#5774 = VECTOR ( 'NONE', #1869, 1000.000000000000000 ) ;
#5775 =( LENGTH_UNIT ( ) NAMED_UNIT ( * ) SI_UNIT ( .MILLI., .METRE. ) );
#5776 = VERTEX_POINT ( 'NONE', #2261 ) ;
#5777 = FILL_AREA_STYLE_COLOUR ( '', #3367 ) ;
#5778 = ORIENTED_EDGE ( 'NONE', *, *, #7939, .F. ) ;
#5779 = ADVANCED_FACE ( 'NONE', ( #7972 ), #4121, .T. ) ;
#5780 = CARTESIAN_POINT ( 'NONE',  ( -1.474999999999999867, 0.000000000000000000, 0.3000000000000007105 ) ) ;
#5781 = CIRCLE ( 'NONE', #2144, 0.1499999999999999667 ) ;
#5782 = DIRECTION ( 'NONE',  ( -0.000000000000000000, 1.000000000000000000, -0.000000000000000000 ) ) ;
#5783 =( GEOMETRIC_REPRESENTATION_CONTEXT ( 3 ) GLOBAL_UNCERTAINTY_ASSIGNED_CONTEXT ( ( #4081 ) ) GLOBAL_UNIT_ASSIGNED_CONTEXT ( ( #6163, #1843, #3714 ) ) REPRESENTATION_CONTEXT ( 'NONE', 'WORKASPACE' ) );
#5784 = CARTESIAN_POINT ( 'NONE',  ( -1.500000000000000000, 1.000000000000000000, 1.199999999999997735 ) ) ;
#5785 = UNCERTAINTY_MEASURE_WITH_UNIT (LENGTH_MEASURE( 1.000000000000000082E-05 ), #3604, 'distance_accuracy_value', 'NONE');
#5786 = SURFACE_STYLE_FILL_AREA ( #160 ) ;
#5787 = DIRECTION ( 'NONE',  ( 0.000000000000000000, 0.000000000000000000, 1.000000000000000000 ) ) ;
#5788 = AXIS2_PLACEMENT_3D ( 'NONE', #3561, #4127, #6051 ) ;
#5789 = EDGE_CURVE ( 'NONE', #4460, #5140, #7241, .T. ) ;
#5790 = DIRECTION ( 'NONE',  ( -0.000000000000000000, -1.000000000000000000, -0.000000000000000000 ) ) ;
#5791 = CARTESIAN_POINT ( 'NONE',  ( -1.400000000000000133, 0.9000000000000002442, 1.499999999999999334 ) ) ;
#5792 = DIRECTION ( 'NONE',  ( 0.000000000000000000, -1.000000000000000000, -0.000000000000000000 ) ) ;
#5793 = COLOUR_RGB ( '',1.000000000000000000, 0.8117647058823529438, 0.5019607843137254832 ) ;
#5794 = CARTESIAN_POINT ( 'NONE',  ( 1.399999999999999689, 0.4500000000000000666, -1.499999999999999778 ) ) ;
#5795 = ORIENTED_EDGE ( 'NONE', *, *, #4938, .T. ) ;
#5796 =( GEOMETRIC_REPRESENTATION_CONTEXT ( 3 ) GLOBAL_UNCERTAINTY_ASSIGNED_CONTEXT ( ( #159 ) ) GLOBAL_UNIT_ASSIGNED_CONTEXT ( ( #6843, #5604, #6252 ) ) REPRESENTATION_CONTEXT ( 'NONE', 'WORKASPACE' ) );
#5797 = LINE ( 'NONE', #6448, #305 ) ;
#5798 = CIRCLE ( 'NONE', #5941, 0.1999999999999998723 ) ;
#5799 = FACE_OUTER_BOUND ( 'NONE', #5071, .T. ) ;
#5800 = MECHANICAL_DESIGN_GEOMETRIC_PRESENTATION_REPRESENTATION (  '', ( #6865 ), #981 ) ;
#5801 = CARTESIAN_POINT ( 'NONE',  ( -0.1749999999999998501, 0.000000000000000000, -1.499999999999999778 ) ) ;
#5802 = ORIENTED_EDGE ( 'NONE', *, *, #1193, .F. ) ;
#5803 = CARTESIAN_POINT ( 'NONE',  ( -1.441421356237309270, 0.8999999999999996891, 1.199999999999997513 ) ) ;
#5804 = MECHANICAL_DESIGN_GEOMETRIC_PRESENTATION_REPRESENTATION (  '', ( #2684 ), #1109 ) ;
#5805 = DIRECTION ( 'NONE',  ( 0.000000000000000000, 0.000000000000000000, 1.000000000000000000 ) ) ;
#5806 = SURFACE_STYLE_USAGE ( .BOTH. , #7016 ) ;
#5807 = DIRECTION ( 'NONE',  ( 1.000000000000000000, 0.000000000000000000, 0.000000000000000000 ) ) ;
#5808 = CLOSED_SHELL ( 'NONE', ( #3355, #2555, #7441, #4822, #2347, #668, #4834, #1075, #444, #3168, #7328 ) ) ;
#5809 = SURFACE_STYLE_FILL_AREA ( #799 ) ;
#5810 = CIRCLE ( 'NONE', #6829, 0.1750000000000301592 ) ;
#5811 = CARTESIAN_POINT ( 'NONE',  ( 0.000000000000000000, 2.065549442140357073, -1.499999999999999778 ) ) ;
#5812 = CARTESIAN_POINT ( 'NONE',  ( 1.399999999999999689, 6.159797974644664720, -1.199999999999997957 ) ) ;
#5813 = ORIENTED_EDGE ( 'NONE', *, *, #2204, .F. ) ;
#5814 = CARTESIAN_POINT ( 'NONE',  ( 1.475000000000000311, 2.065549442140357073, 1.326794919243081905 ) ) ;
#5815 = DIRECTION ( 'NONE',  ( 0.000000000000000000, -0.000000000000000000, 1.000000000000000000 ) ) ;
#5816 = LINE ( 'NONE', #2680, #1926 ) ;
#5817 = CYLINDRICAL_SURFACE ( 'NONE', #2859, 0.1750000000000299372 ) ;
#5818 =( NAMED_UNIT ( * ) PLANE_ANGLE_UNIT ( ) SI_UNIT ( $, .RADIAN. ) );
#5819 = ORIENTED_EDGE ( 'NONE', *, *, #1335, .F. ) ;
#5820 = CARTESIAN_POINT ( 'NONE',  ( 0.000000000000000000, 0.4500000000000000666, 0.3000000000000007105 ) ) ;
#5821 = PRESENTATION_STYLE_ASSIGNMENT (( #963 ) ) ;
#5822 = VERTEX_POINT ( 'NONE', #7524 ) ;
#5823 = SURFACE_SIDE_STYLE ('',( #1367 ) ) ;
#5824 = EDGE_LOOP ( 'NONE', ( #1120, #7498, #4629, #1965 ) ) ;
#5825 = DIRECTION ( 'NONE',  ( -0.000000000000000000, -0.000000000000000000, 1.000000000000000000 ) ) ;
#5826 =( NAMED_UNIT ( * ) PLANE_ANGLE_UNIT ( ) SI_UNIT ( $, .RADIAN. ) );
#5827 = LINE ( 'NONE', #239, #7986 ) ;
#5828 = CARTESIAN_POINT ( 'NONE',  ( -1.475000000000000089, 2.065549442140357073, -0.3000000000000004330 ) ) ;
#5829 = EDGE_CURVE ( 'NONE', #3505, #7653, #3782, .T. ) ;
#5830 = STYLED_ITEM ( 'NONE', ( #2203 ), #1794 ) ;
#5831 = ADVANCED_FACE ( 'NONE', ( #2623 ), #6885, .T. ) ;
#5832 = SURFACE_SIDE_STYLE ('',( #1995 ) ) ;
#5833 = CARTESIAN_POINT ( 'NONE',  ( -1.500000000000000000, 0.4499999999999999001, -1.325000000000000178 ) ) ;
#5834 = AXIS2_PLACEMENT_3D ( 'NONE', #4220, #6111, #4301 ) ;
#5835 = DIRECTION ( 'NONE',  ( -0.000000000000000000, -1.000000000000000000, -0.000000000000000000 ) ) ;
#5836 =( NAMED_UNIT ( * ) SI_UNIT ( $, .STERADIAN. ) SOLID_ANGLE_UNIT ( ) );
#5837 = STYLED_ITEM ( 'NONE', ( #3760 ), #1956 ) ;
#5838 = ORIENTED_EDGE ( 'NONE', *, *, #3345, .T. ) ;
#5839 = STYLED_ITEM ( 'NONE', ( #6811 ), #7254 ) ;
#5840 =( GEOMETRIC_REPRESENTATION_CONTEXT ( 3 ) GLOBAL_UNCERTAINTY_ASSIGNED_CONTEXT ( ( #7490 ) ) GLOBAL_UNIT_ASSIGNED_CONTEXT ( ( #886, #4669, #808 ) ) REPRESENTATION_CONTEXT ( 'NONE', 'WORKASPACE' ) );
#5841 = EDGE_CURVE ( 'NONE', #999, #4617, #2224, .T. ) ;
#5842 = CARTESIAN_POINT ( 'NONE',  ( 1.326794919243081683, 0.4500000000000001221, -1.475000000000000533 ) ) ;
#5843 = AXIS2_PLACEMENT_3D ( 'NONE', #6200, #4279, #5670 ) ;
#5844 = CARTESIAN_POINT ( 'NONE',  ( 1.399999999999999911, 1.000000000000000000, -1.317157287525378750 ) ) ;
#5845 = DIRECTION ( 'NONE',  ( 0.000000000000000000, -0.000000000000000000, 1.000000000000000000 ) ) ;
#5846 = ORIENTED_EDGE ( 'NONE', *, *, #277, .F. ) ;
#5847 = PRESENTATION_STYLE_ASSIGNMENT (( #4653 ) ) ;
#5848 =( GEOMETRIC_REPRESENTATION_CONTEXT ( 3 ) GLOBAL_UNCERTAINTY_ASSIGNED_CONTEXT ( ( #7572 ) ) GLOBAL_UNIT_ASSIGNED_CONTEXT ( ( #5510, #7366, #3754 ) ) REPRESENTATION_CONTEXT ( 'NONE', 'WORKASPACE' ) );
#5849 = PRESENTATION_LAYER_ASSIGNMENT (  '', '', ( #2855 ) ) ;
#5850 = CARTESIAN_POINT ( 'NONE',  ( -2.168404344971008868E-16, 0.000000000000000000, -1.499999999999984901 ) ) ;
#5851 = SURFACE_STYLE_FILL_AREA ( #303 ) ;
#5852 = ADVANCED_FACE ( 'NONE', ( #13 ), #3119, .T. ) ;
#5853 = SURFACE_SIDE_STYLE ('',( #5809 ) ) ;
#5854 = MECHANICAL_DESIGN_GEOMETRIC_PRESENTATION_REPRESENTATION (  '', ( #5986 ), #8032 ) ;
#5855 = VECTOR ( 'NONE', #4927, 1000.000000000000000 ) ;
#5856 = LINE ( 'NONE', #2230, #5748 ) ;
#5857 = CARTESIAN_POINT ( 'NONE',  ( 0.000000000000000000, 0.000000000000000000, 0.000000000000000000 ) ) ;
#5858 = CARTESIAN_POINT ( 'NONE',  ( -1.475000000000000089, 2.065549442140357073, 1.326794919243112325 ) ) ;
#5859 = ORIENTED_EDGE ( 'NONE', *, *, #2114, .F. ) ;
#5860 = DIRECTION ( 'NONE',  ( 0.000000000000000000, 1.000000000000000000, 0.000000000000000000 ) ) ;
#5861 = ORIENTED_EDGE ( 'NONE', *, *, #1741, .F. ) ;
#5862 = DIRECTION ( 'NONE',  ( 0.000000000000000000, -1.000000000000000000, 0.000000000000000000 ) ) ;
#5863 = SURFACE_STYLE_FILL_AREA ( #4740 ) ;
#5864 = VECTOR ( 'NONE', #198, 1000.000000000000000 ) ;
#5865 = CARTESIAN_POINT ( 'NONE',  ( -1.400000000000000133, 0.9000000000000002442, 1.400000000000000133 ) ) ;
#5866 = VERTEX_POINT ( 'NONE', #1390 ) ;
#5867 = CARTESIAN_POINT ( 'NONE',  ( -3.469446951953606300E-16, 0.000000000000000000, 0.2999999999999990452 ) ) ;
#5868 = STYLED_ITEM ( 'NONE', ( #4268 ), #1604 ) ;
#5869 = ORIENTED_EDGE ( 'NONE', *, *, #4168, .T. ) ;
#5870 = LINE ( 'NONE', #2729, #102 ) ;
#5871 = ORIENTED_EDGE ( 'NONE', *, *, #7842, .F. ) ;
#5872 = DIRECTION ( 'NONE',  ( -0.000000000000000000, -1.000000000000000000, -0.000000000000000000 ) ) ;
#5873 = CARTESIAN_POINT ( 'NONE',  ( -1.199999999999999956, 0.9414213562373092703, -1.399999999999997913 ) ) ;
#5874 =( NAMED_UNIT ( * ) SI_UNIT ( $, .STERADIAN. ) SOLID_ANGLE_UNIT ( ) );
#5875 = DIRECTION ( 'NONE',  ( 0.000000000000000000, -0.000000000000000000, 1.000000000000000000 ) ) ;
#5876 =( NAMED_UNIT ( * ) PLANE_ANGLE_UNIT ( ) SI_UNIT ( $, .RADIAN. ) );
#5877 =( NAMED_UNIT ( * ) PLANE_ANGLE_UNIT ( ) SI_UNIT ( $, .RADIAN. ) );
#5878 =( LENGTH_UNIT ( ) NAMED_UNIT ( * ) SI_UNIT ( .MILLI., .METRE. ) );
#5879 = EDGE_CURVE ( 'NONE', #1110, #615, #6372, .T. ) ;
#5880 = EDGE_LOOP ( 'NONE', ( #5871, #271, #4707, #6657 ) ) ;
#5881 = PRESENTATION_LAYER_ASSIGNMENT (  '', '', ( #7539 ) ) ;
#5882 = CARTESIAN_POINT ( 'NONE',  ( 1.317157287525380749, 0.9414213562373088262, -1.399999999999997913 ) ) ;
#5883 = UNCERTAINTY_MEASURE_WITH_UNIT (LENGTH_MEASURE( 1.000000000000000082E-05 ), #5744, 'distance_accuracy_value', 'NONE');
#5884 = PLANE ( 'NONE',  #5409 ) ;
#5885 = ORIENTED_EDGE ( 'NONE', *, *, #5143, .F. ) ;
#5886 = CARTESIAN_POINT ( 'NONE',  ( 0.7499999999999991118, 2.065549442140357073, 1.474999999999999645 ) ) ;
#5887 = DIRECTION ( 'NONE',  ( 0.000000000000000000, -1.000000000000000000, 0.000000000000000000 ) ) ;
#5888 = EDGE_CURVE ( 'NONE', #5564, #4949, #7650, .T. ) ;
#5889 = DIRECTION ( 'NONE',  ( -1.000000000000000000, -0.000000000000000000, 0.000000000000000000 ) ) ;
#5890 = AXIS2_PLACEMENT_3D ( 'NONE', #7114, #7676, #1540 ) ;
#5891 = COLOUR_RGB ( '',0.2509803921568627416, 0.2509803921568627416, 0.2509803921568627416 ) ;
#5892 = FILL_AREA_STYLE ('',( #7052 ) ) ;
#5893 = DIRECTION ( 'NONE',  ( -0.000000000000000000, -1.000000000000000000, -0.000000000000000000 ) ) ;
#5894 = UNCERTAINTY_MEASURE_WITH_UNIT (LENGTH_MEASURE( 1.000000000000000082E-05 ), #6100, 'distance_accuracy_value', 'NONE');
#5895 = SURFACE_STYLE_USAGE ( .BOTH. , #5937 ) ;
#5896 = ORIENTED_EDGE ( 'NONE', *, *, #7293, .F. ) ;
#5897 = CARTESIAN_POINT ( 'NONE',  ( 1.499999999999999778, 0.4500000000000000666, 0.000000000000000000 ) ) ;
#5898 = ORIENTED_EDGE ( 'NONE', *, *, #1453, .T. ) ;
#5899 = EDGE_CURVE ( 'NONE', #1809, #41, #4054, .T. ) ;
#5900 = CARTESIAN_POINT ( 'NONE',  ( 1.350000000000000089, 1.100000000000000089, -1.199999999999997957 ) ) ;
#5901 = PLANE ( 'NONE',  #4793 ) ;
#5902 = PRESENTATION_STYLE_ASSIGNMENT (( #6510 ) ) ;
#5903 = ORIENTED_EDGE ( 'NONE', *, *, #59, .F. ) ;
#5904 = FILL_AREA_STYLE_COLOUR ( '', #3065 ) ;
#5905 = ORIENTED_EDGE ( 'NONE', *, *, #2114, .T. ) ;
#5906 = MECHANICAL_DESIGN_GEOMETRIC_PRESENTATION_REPRESENTATION (  '', ( #4326 ), #5111 ) ;
#5907 = UNCERTAINTY_MEASURE_WITH_UNIT (LENGTH_MEASURE( 1.000000000000000082E-05 ), #7419, 'distance_accuracy_value', 'NONE');
#5908 = FILL_AREA_STYLE ('',( #930 ) ) ;
#5909 = DIRECTION ( 'NONE',  ( 9.912705577010325352E-15, 0.000000000000000000, -1.000000000000000000 ) ) ;
#5910 = DIRECTION ( 'NONE',  ( 1.000000000000000000, 0.000000000000000000, -5.421010862427523156E-16 ) ) ;
#5911 = CARTESIAN_POINT ( 'NONE',  ( -1.399999999999999245, 0.9414213562373092703, -1.199999999999998179 ) ) ;
#5912 = FACE_OUTER_BOUND ( 'NONE', #1366, .T. ) ;
#5913 = AXIS2_PLACEMENT_3D ( 'NONE', #1318, #3225, #3801 ) ;
#5914 = CARTESIAN_POINT ( 'NONE',  ( -1.500000000000000000, 0.8500000000000000888, 1.400000000000000133 ) ) ;
#5915 = PRESENTATION_STYLE_ASSIGNMENT (( #376 ) ) ;
#5916 =( GEOMETRIC_REPRESENTATION_CONTEXT ( 3 ) GLOBAL_UNCERTAINTY_ASSIGNED_CONTEXT ( ( #4442 ) ) GLOBAL_UNIT_ASSIGNED_CONTEXT ( ( #5714, #703, #787 ) ) REPRESENTATION_CONTEXT ( 'NONE', 'WORKASPACE' ) );
#5917 =( NAMED_UNIT ( * ) SI_UNIT ( $, .STERADIAN. ) SOLID_ANGLE_UNIT ( ) );
#5918 = SURFACE_STYLE_FILL_AREA ( #1550 ) ;
#5919 = COLOUR_RGB ( '',1.000000000000000000, 0.8117647058823529438, 0.5019607843137254832 ) ;
#5920 = CARTESIAN_POINT ( 'NONE',  ( 0.7499999999999992228, 0.000000000000000000, 1.474999999999999645 ) ) ;
#5921 = ORIENTED_EDGE ( 'NONE', *, *, #7592, .F. ) ;
#5922 = PRESENTATION_LAYER_ASSIGNMENT (  '', '', ( #839 ) ) ;
#5923 = EDGE_CURVE ( 'NONE', #628, #7212, #2663, .T. ) ;
#5924 = PRESENTATION_LAYER_ASSIGNMENT (  '', '', ( #1615 ) ) ;
#5925 = SURFACE_SIDE_STYLE ('',( #1433 ) ) ;
#5926 = ADVANCED_FACE ( 'NONE', ( #5799 ), #2862, .F. ) ;
#5927 = DIRECTION ( 'NONE',  ( 0.000000000000000000, -1.000000000000000000, 0.000000000000000000 ) ) ;
#5928 = ORIENTED_EDGE ( 'NONE', *, *, #6771, .F. ) ;
#5929 = SURFACE_STYLE_USAGE ( .BOTH. , #3327 ) ;
#5930 = DIRECTION ( 'NONE',  ( -1.000000000000000000, 0.000000000000000000, 0.000000000000000000 ) ) ;
#5931 = PRESENTATION_LAYER_ASSIGNMENT (  '', '', ( #6693 ) ) ;
#5932 =( LENGTH_UNIT ( ) NAMED_UNIT ( * ) SI_UNIT ( .MILLI., .METRE. ) );
#5933 =( GEOMETRIC_REPRESENTATION_CONTEXT ( 3 ) GLOBAL_UNCERTAINTY_ASSIGNED_CONTEXT ( ( #4300 ) ) GLOBAL_UNIT_ASSIGNED_CONTEXT ( ( #4770, #4161, #1631 ) ) REPRESENTATION_CONTEXT ( 'NONE', 'WORKASPACE' ) );
#5934 = EDGE_CURVE ( 'NONE', #1534, #3803, #2049, .T. ) ;
#5935 = EDGE_CURVE ( 'NONE', #1924, #4421, #7127, .T. ) ;
#5936 = UNCERTAINTY_MEASURE_WITH_UNIT (LENGTH_MEASURE( 1.000000000000000082E-05 ), #3213, 'distance_accuracy_value', 'NONE');
#5937 = SURFACE_SIDE_STYLE ('',( #354 ) ) ;
#5938 = DIRECTION ( 'NONE',  ( 1.000000000000000000, -0.000000000000000000, 0.000000000000000000 ) ) ;
#5939 = CIRCLE ( 'NONE', #1501, 0.04999999999999991257 ) ;
#5940 = VERTEX_POINT ( 'NONE', #6407 ) ;
#5941 = AXIS2_PLACEMENT_3D ( 'NONE', #7000, #3860, #7594 ) ;
#5942 = ORIENTED_EDGE ( 'NONE', *, *, #5119, .T. ) ;
#5943 = VECTOR ( 'NONE', #2107, 1000.000000000000000 ) ;
#5944 = LINE ( 'NONE', #7175, #6687 ) ;
#5945 =( GEOMETRIC_REPRESENTATION_CONTEXT ( 3 ) GLOBAL_UNCERTAINTY_ASSIGNED_CONTEXT ( ( #3993 ) ) GLOBAL_UNIT_ASSIGNED_CONTEXT ( ( #5609, #678, #3172 ) ) REPRESENTATION_CONTEXT ( 'NONE', 'WORKASPACE' ) );
#5946 = DIRECTION ( 'NONE',  ( 9.035018104045885485E-17, 0.000000000000000000, -1.000000000000000000 ) ) ;
#5947 = DIRECTION ( 'NONE',  ( -1.000000000000000000, -0.000000000000000000, -0.000000000000000000 ) ) ;
#5948 = LINE ( 'NONE', #7750, #6092 ) ;
#5949 = VECTOR ( 'NONE', #3751, 1000.000000000000000 ) ;
#5950 = ORIENTED_EDGE ( 'NONE', *, *, #5296, .F. ) ;
#5951 = LINE ( 'NONE', #5820, #3430 ) ;
#5952 = PRESENTATION_STYLE_ASSIGNMENT (( #6513 ) ) ;
#5953 = ADVANCED_FACE ( 'NONE', ( #7727 ), #345, .T. ) ;
#5954 = ORIENTED_EDGE ( 'NONE', *, *, #4814, .T. ) ;
#5955 = CARTESIAN_POINT ( 'NONE',  ( 1.499999999999999778, 1.000000000000000000, 1.199999999999997957 ) ) ;
#5956 = VECTOR ( 'NONE', #4604, 1000.000000000000000 ) ;
#5957 = VERTEX_POINT ( 'NONE', #7306 ) ;
#5958 = CARTESIAN_POINT ( 'NONE',  ( 1.399999999999999689, 0.9000000000000002442, 1.499999999999999334 ) ) ;
#5959 =( LENGTH_UNIT ( ) NAMED_UNIT ( * ) SI_UNIT ( .MILLI., .METRE. ) );
#5960 =( GEOMETRIC_REPRESENTATION_CONTEXT ( 3 ) GLOBAL_UNCERTAINTY_ASSIGNED_CONTEXT ( ( #4556 ) ) GLOBAL_UNIT_ASSIGNED_CONTEXT ( ( #2773, #5410, #1656 ) ) REPRESENTATION_CONTEXT ( 'NONE', 'WORKASPACE' ) );
#5961 = EDGE_CURVE ( 'NONE', #2273, #4911, #6020, .T. ) ;
#5962 = CARTESIAN_POINT ( 'NONE',  ( 1.199999999999999734, 1.000000000000000000, 1.399999999999997913 ) ) ;
#5963 = DIRECTION ( 'NONE',  ( 0.000000000000000000, -1.000000000000000000, 0.000000000000000000 ) ) ;
#5964 = FACE_OUTER_BOUND ( 'NONE', #35, .T. ) ;
#5965 = DIRECTION ( 'NONE',  ( 0.000000000000000000, -1.000000000000000000, 0.000000000000000000 ) ) ;
#5966 = VECTOR ( 'NONE', #466, 1000.000000000000000 ) ;
#5967 =( GEOMETRIC_REPRESENTATION_CONTEXT ( 3 ) GLOBAL_UNCERTAINTY_ASSIGNED_CONTEXT ( ( #5137 ) ) GLOBAL_UNIT_ASSIGNED_CONTEXT ( ( #864, #1464, #5917 ) ) REPRESENTATION_CONTEXT ( 'NONE', 'WORKASPACE' ) );
#5968 = DIRECTION ( 'NONE',  ( -0.000000000000000000, 1.000000000000000000, 0.000000000000000000 ) ) ;
#5969 = ORIENTED_EDGE ( 'NONE', *, *, #6424, .T. ) ;
#5970 = FILL_AREA_STYLE ('',( #3479 ) ) ;
#5971 = CIRCLE ( 'NONE', #4651, 0.04999999999999991257 ) ;
#5972 = CARTESIAN_POINT ( 'NONE',  ( 0.7499999999999991118, 0.000000000000000000, 0.9000000000000005773 ) ) ;
#5973 = PLANE ( 'NONE',  #7351 ) ;
#5974 = B_SPLINE_CURVE_WITH_KNOTS ( 'NONE', 3,
 ( #2351, #1158, #5512, #3036, #7866, #4250, #595, #4903, #6651, #6053, #3605 ),
 .UNSPECIFIED., .F., .F.,
 ( 4, 2, 1, 2, 2, 4 ),
 ( 0.000000000000000000, 0.4999999999999982236, 0.6249999999999973355, 0.6874999999999974465, 0.7499999999999975575, 1.000000000000000000 ),
 .UNSPECIFIED. ) ;
#5975 = AXIS2_PLACEMENT_3D ( 'NONE', #1523, #2188, #4664 ) ;
#5976 = CARTESIAN_POINT ( 'NONE',  ( -2.168404344971008868E-16, 2.065549442140357073, -1.500000000000015321 ) ) ;
#5977 = PRESENTATION_LAYER_ASSIGNMENT (  '', '', ( #6860 ) ) ;
#5978 = LINE ( 'NONE', #1597, #3606 ) ;
#5979 = PRESENTATION_LAYER_ASSIGNMENT (  '', '', ( #902 ) ) ;
#5980 = ORIENTED_EDGE ( 'NONE', *, *, #7749, .F. ) ;
#5981 = EDGE_LOOP ( 'NONE', ( #7423, #7143, #348, #417 ) ) ;
#5982 =( NAMED_UNIT ( * ) PLANE_ANGLE_UNIT ( ) SI_UNIT ( $, .RADIAN. ) );
#5983 = DIRECTION ( 'NONE',  ( -1.000000000000000000, 0.000000000000000000, -0.000000000000000000 ) ) ;
#5984 = EDGE_CURVE ( 'NONE', #6144, #5662, #5380, .T. ) ;
#5985 = VERTEX_POINT ( 'NONE', #7889 ) ;
#5986 = STYLED_ITEM ( 'NONE', ( #6075 ), #6804 ) ;
#5987 = VECTOR ( 'NONE', #4012, 1000.000000000000000 ) ;
#5988 = SURFACE_STYLE_FILL_AREA ( #2198 ) ;
#5989 = ORIENTED_EDGE ( 'NONE', *, *, #7664, .F. ) ;
#5990 = CARTESIAN_POINT ( 'NONE',  ( -1.109023780247329127E-15, 0.000000000000000000, -1.475000000000000755 ) ) ;
#5991 = VECTOR ( 'NONE', #3058, 1000.000000000000000 ) ;
#5992 = MECHANICAL_DESIGN_GEOMETRIC_PRESENTATION_REPRESENTATION (  '', ( #7383 ), #128 ) ;
#5993 = ORIENTED_EDGE ( 'NONE', *, *, #7021, .T. ) ;
#5994 = CARTESIAN_POINT ( 'NONE',  ( -1.325000000000000178, 0.4500000000000000111, -1.499999999999999778 ) ) ;
#5995 = EDGE_CURVE ( 'NONE', #4881, #5646, #8017, .T. ) ;
#5996 = SURFACE_STYLE_USAGE ( .BOTH. , #6702 ) ;
#5997 = PRESENTATION_STYLE_ASSIGNMENT (( #6604 ) ) ;
#5998 = DIRECTION ( 'NONE',  ( 0.000000000000000000, 0.000000000000000000, -1.000000000000000000 ) ) ;
#5999 = PRESENTATION_STYLE_ASSIGNMENT (( #2897 ) ) ;
#6000 =( NAMED_UNIT ( * ) SI_UNIT ( $, .STERADIAN. ) SOLID_ANGLE_UNIT ( ) );
#6001 = ADVANCED_FACE ( 'NONE', ( #2374 ), #878, .F. ) ;
#6002 = VERTEX_POINT ( 'NONE', #4681 ) ;
#6003 =( NAMED_UNIT ( * ) PLANE_ANGLE_UNIT ( ) SI_UNIT ( $, .RADIAN. ) );
#6004 = LINE ( 'NONE', #419, #3710 ) ;
#6005 = PLANE ( 'NONE',  #5581 ) ;
#6006 =( LENGTH_UNIT ( ) NAMED_UNIT ( * ) SI_UNIT ( .MILLI., .METRE. ) );
#6007 = CARTESIAN_POINT ( 'NONE',  ( -1.500000000000000222, 0.4499999999999999001, -1.499999999999999778 ) ) ;
#6008 = MECHANICAL_DESIGN_GEOMETRIC_PRESENTATION_REPRESENTATION (  '', ( #4953 ), #7277 ) ;
#6009 = LINE ( 'NONE', #2951, #1200 ) ;
#6010 =( NAMED_UNIT ( * ) PLANE_ANGLE_UNIT ( ) SI_UNIT ( $, .RADIAN. ) );
#6011 = LINE ( 'NONE', #7860, #7106 ) ;
#6012 = VERTEX_POINT ( 'NONE', #971 ) ;
#6013 = PRESENTATION_LAYER_ASSIGNMENT (  '', '', ( #2509 ) ) ;
#6014 = FILL_AREA_STYLE_COLOUR ( '', #2201 ) ;
#6015 = DIRECTION ( 'NONE',  ( -0.000000000000000000, 0.000000000000000000, -1.000000000000000000 ) ) ;
#6016 = CARTESIAN_POINT ( 'NONE',  ( -0.7499999999999988898, 0.000000000000000000, -1.355252715606879063E-16 ) ) ;
#6017 = DIRECTION ( 'NONE',  ( 0.000000000000000000, -1.000000000000000000, -0.000000000000000000 ) ) ;
#6018 = ORIENTED_EDGE ( 'NONE', *, *, #7098, .T. ) ;
#6019 = SURFACE_STYLE_FILL_AREA ( #1764 ) ;
#6020 = CIRCLE ( 'NONE', #5623, 0.1500000000000298872 ) ;
#6021 =( NAMED_UNIT ( * ) PLANE_ANGLE_UNIT ( ) SI_UNIT ( $, .RADIAN. ) );
#6022 = EDGE_CURVE ( 'NONE', #7259, #6002, #6647, .T. ) ;
#6023 = EDGE_CURVE ( 'NONE', #603, #3228, #4024, .T. ) ;
#6024 = ORIENTED_EDGE ( 'NONE', *, *, #7940, .F. ) ;
#6025 = FACE_OUTER_BOUND ( 'NONE', #4058, .T. ) ;
#6026 = ORIENTED_EDGE ( 'NONE', *, *, #1088, .T. ) ;
#6028 =( GEOMETRIC_REPRESENTATION_CONTEXT ( 3 ) GLOBAL_UNCERTAINTY_ASSIGNED_CONTEXT ( ( #392 ) ) GLOBAL_UNIT_ASSIGNED_CONTEXT ( ( #7493, #3792, #2476 ) ) REPRESENTATION_CONTEXT ( 'NONE', 'WORKASPACE' ) );
#6027 = DIRECTION ( 'NONE',  ( 0.000000000000000000, 0.000000000000000000, 1.000000000000000000 ) ) ;
#6029 = UNCERTAINTY_MEASURE_WITH_UNIT (LENGTH_MEASURE( 1.000000000000000082E-05 ), #2249, 'distance_accuracy_value', 'NONE');
#6030 = CARTESIAN_POINT ( 'NONE',  ( 0.000000000000000000, 0.4500000000000000666, -1.475000000000000533 ) ) ;
#6031 = SURFACE_SIDE_STYLE ('',( #1654 ) ) ;
#6032 = SURFACE_SIDE_STYLE ('',( #2131 ) ) ;
#6033 = MECHANICAL_DESIGN_GEOMETRIC_PRESENTATION_REPRESENTATION (  '', ( #3308 ), #2522 ) ;
#6034 = ADVANCED_FACE ( 'NONE', ( #1614 ), #3393, .T. ) ;
#6035 = SURFACE_STYLE_USAGE ( .BOTH. , #4956 ) ;
#6036 = CARTESIAN_POINT ( 'NONE',  ( 0.000000000000000000, 0.4500000000000000666, 1.500000000000000222 ) ) ;
#6037 = CARTESIAN_POINT ( 'NONE',  ( -1.350000000000000089, 1.100000000000000089, 1.199999999999997735 ) ) ;
#6038 =( NAMED_UNIT ( * ) PLANE_ANGLE_UNIT ( ) SI_UNIT ( $, .RADIAN. ) );
#6039 = VECTOR ( 'NONE', #254, 1000.000000000000000 ) ;
#6040 =( NAMED_UNIT ( * ) SI_UNIT ( $, .STERADIAN. ) SOLID_ANGLE_UNIT ( ) );
#6041 = VERTEX_POINT ( 'NONE', #858 ) ;
#6042 =( NAMED_UNIT ( * ) PLANE_ANGLE_UNIT ( ) SI_UNIT ( $, .RADIAN. ) );
#6043 = EDGE_CURVE ( 'NONE', #4538, #5756, #2857, .T. ) ;
#6044 = CIRCLE ( 'NONE', #1475, 0.1750000000000000167 ) ;
#6045 = DIRECTION ( 'NONE',  ( 1.000000000000000000, 0.000000000000000000, -5.421010862427523156E-16 ) ) ;
#6046 = CARTESIAN_POINT ( 'NONE',  ( 0.000000000000000000, 0.4500000000000000666, 0.2999999999999999334 ) ) ;
#6047 = VECTOR ( 'NONE', #5084, 1000.000000000000000 ) ;
#6048 = EDGE_CURVE ( 'NONE', #3803, #1435, #2373, .T. ) ;
#6049 = CARTESIAN_POINT ( 'NONE',  ( -1.500000000000000222, 0.4500000000000000666, 0.000000000000000000 ) ) ;
#6050 = EDGE_LOOP ( 'NONE', ( #7648, #3426, #6768, #1610 ) ) ;
#6051 = DIRECTION ( 'NONE',  ( 0.000000000000000000, 0.000000000000000000, -1.000000000000000000 ) ) ;
#6052 = DIRECTION ( 'NONE',  ( 5.421010862427523156E-16, 0.000000000000000000, -1.000000000000000000 ) ) ;
#6053 = CARTESIAN_POINT ( 'NONE',  ( -1.238613094098346634, 0.9000000000000003553, -1.499999999999999556 ) ) ;
#6054 = CARTESIAN_POINT ( 'NONE',  ( -1.475000000000000089, 2.065549442140357073, 0.000000000000000000 ) ) ;
#6055 = ORIENTED_EDGE ( 'NONE', *, *, #3715, .F. ) ;
#6056 = PRESENTATION_STYLE_ASSIGNMENT (( #4743 ) ) ;
#6057 = DIRECTION ( 'NONE',  ( 0.000000000000000000, -0.000000000000000000, 1.000000000000000000 ) ) ;
#6058 = ORIENTED_EDGE ( 'NONE', *, *, #1933, .T. ) ;
#6059 =( NAMED_UNIT ( * ) PLANE_ANGLE_UNIT ( ) SI_UNIT ( $, .RADIAN. ) );
#6060 = ORIENTED_EDGE ( 'NONE', *, *, #2544, .F. ) ;
#6061 = ORIENTED_EDGE ( 'NONE', *, *, #2095, .F. ) ;
#6062 = DIRECTION ( 'NONE',  ( 0.000000000000000000, 0.000000000000000000, -1.000000000000000000 ) ) ;
#6063 = LINE ( 'NONE', #5958, #112 ) ;
#6064 = DIRECTION ( 'NONE',  ( -0.000000000000000000, 1.000000000000000000, 0.000000000000000000 ) ) ;
#6065 = UNCERTAINTY_MEASURE_WITH_UNIT (LENGTH_MEASURE( 1.000000000000000082E-05 ), #814, 'distance_accuracy_value', 'NONE');
#6066 =( GEOMETRIC_REPRESENTATION_CONTEXT ( 3 ) GLOBAL_UNCERTAINTY_ASSIGNED_CONTEXT ( ( #5883 ) ) GLOBAL_UNIT_ASSIGNED_CONTEXT ( ( #5744, #7675, #2771 ) ) REPRESENTATION_CONTEXT ( 'NONE', 'WORKASPACE' ) );
#6067 = DIRECTION ( 'NONE',  ( 0.000000000000000000, 0.000000000000000000, 1.000000000000000000 ) ) ;
#6068 = STYLED_ITEM ( 'NONE', ( #3204 ), #3629 ) ;
#6069 = SURFACE_STYLE_FILL_AREA ( #4305 ) ;
#6070 = FACE_OUTER_BOUND ( 'NONE', #7373, .T. ) ;
#6071 = CARTESIAN_POINT ( 'NONE',  ( -1.199999999999999956, 6.159797974644664720, 1.399999999999998135 ) ) ;
#6072 = ORIENTED_EDGE ( 'NONE', *, *, #193, .F. ) ;
#6073 = PRODUCT_DEFINITION_FORMATION_WITH_SPECIFIED_SOURCE ( 'ANY', '', #6933, .NOT_KNOWN. ) ;
#6074 = SURFACE_STYLE_FILL_AREA ( #3583 ) ;
#6075 = PRESENTATION_STYLE_ASSIGNMENT (( #3585 ) ) ;
#6076 = EDGE_CURVE ( 'NONE', #294, #3821, #2693, .T. ) ;
#6077 = EDGE_CURVE ( 'NONE', #1110, #7663, #6480, .T. ) ;
#6078 = CARTESIAN_POINT ( 'NONE',  ( 0.000000000000000000, 0.4500000000000000666, 0.000000000000000000 ) ) ;
#6079 = ORIENTED_EDGE ( 'NONE', *, *, #3536, .F. ) ;
#6080 = DIRECTION ( 'NONE',  ( -0.000000000000000000, 1.000000000000000000, 0.000000000000000000 ) ) ;
#6081 = SURFACE_STYLE_FILL_AREA ( #4765 ) ;
#6082 =( GEOMETRIC_REPRESENTATION_CONTEXT ( 3 ) GLOBAL_UNCERTAINTY_ASSIGNED_CONTEXT ( ( #734 ) ) GLOBAL_UNIT_ASSIGNED_CONTEXT ( ( #5276, #5198, #838 ) ) REPRESENTATION_CONTEXT ( 'NONE', 'WORKASPACE' ) );
#6083 = CARTESIAN_POINT ( 'NONE',  ( 1.199999999999999734, 1.000000000000000000, -1.399999999999998357 ) ) ;
#6084 = SURFACE_STYLE_FILL_AREA ( #3596 ) ;
#6085 = EDGE_CURVE ( 'NONE', #4778, #3342, #1974, .T. ) ;
#6086 = AXIS2_PLACEMENT_3D ( 'NONE', #4796, #7262, #2361 ) ;
#6087 = STYLED_ITEM ( 'NONE', ( #6352 ), #1684 ) ;
#6088 = CARTESIAN_POINT ( 'NONE',  ( 1.326794919243081905, 0.4500000000000000111, 1.474999999999999645 ) ) ;
#6089 = UNCERTAINTY_MEASURE_WITH_UNIT (LENGTH_MEASURE( 1.000000000000000082E-05 ), #3156, 'distance_accuracy_value', 'NONE');
#6090 = CARTESIAN_POINT ( 'NONE',  ( 1.475000000000000311, 2.065549442140357073, 0.000000000000000000 ) ) ;
#6091 = ORIENTED_EDGE ( 'NONE', *, *, #7329, .T. ) ;
#6092 = VECTOR ( 'NONE', #2196, 1000.000000000000000 ) ;
#6093 =( NAMED_UNIT ( * ) PLANE_ANGLE_UNIT ( ) SI_UNIT ( $, .RADIAN. ) );
#6094 = CARTESIAN_POINT ( 'NONE',  ( -1.326794919243112769, 2.065549442140357073, -1.474999999999999645 ) ) ;
#6095 = SURFACE_SIDE_STYLE ('',( #1719 ) ) ;
#6096 = MECHANICAL_DESIGN_GEOMETRIC_PRESENTATION_REPRESENTATION (  '', ( #5837 ), #4918 ) ;
#6097 = EDGE_CURVE ( 'NONE', #5060, #4460, #6851, .T. ) ;
#6098 = COLOUR_RGB ( '',0.2509803921568627416, 0.2509803921568627416, 0.2509803921568627416 ) ;
#6099 = STYLED_ITEM ( 'NONE', ( #2581 ), #6631 ) ;
#6100 =( LENGTH_UNIT ( ) NAMED_UNIT ( * ) SI_UNIT ( .MILLI., .METRE. ) );
#6101 = ORIENTED_EDGE ( 'NONE', *, *, #5038, .T. ) ;
#6102 =( LENGTH_UNIT ( ) NAMED_UNIT ( * ) SI_UNIT ( .MILLI., .METRE. ) );
#6103 = VERTEX_POINT ( 'NONE', #7714 ) ;
#6104 = ORIENTED_EDGE ( 'NONE', *, *, #4084, .F. ) ;
#6105 =( NAMED_UNIT ( * ) PLANE_ANGLE_UNIT ( ) SI_UNIT ( $, .RADIAN. ) );
#6106 = DIRECTION ( 'NONE',  ( 0.000000000000000000, 1.000000000000000000, 0.000000000000000000 ) ) ;
#6107 = PRESENTATION_LAYER_ASSIGNMENT (  '', '', ( #901 ) ) ;
#6108 = VECTOR ( 'NONE', #6606, 1000.000000000000000 ) ;
#6109 = COLOUR_RGB ( '',1.000000000000000000, 0.8117647058823529438, 0.5019607843137254832 ) ;
#6110 = UNCERTAINTY_MEASURE_WITH_UNIT (LENGTH_MEASURE( 1.000000000000000082E-05 ), #2831, 'distance_accuracy_value', 'NONE');
#6111 = DIRECTION ( 'NONE',  ( 0.000000000000000000, -1.000000000000000000, -0.000000000000000000 ) ) ;
#6112 =( NAMED_UNIT ( * ) SI_UNIT ( $, .STERADIAN. ) SOLID_ANGLE_UNIT ( ) );
#6113 = COLOUR_RGB ( '',0.2509803921568627416, 0.2509803921568627416, 0.2509803921568627416 ) ;
#6114 = CARTESIAN_POINT ( 'NONE',  ( 1.199999999999999734, 1.100000000000000089, 1.349999999999998090 ) ) ;
#6115 =( NAMED_UNIT ( * ) SI_UNIT ( $, .STERADIAN. ) SOLID_ANGLE_UNIT ( ) );
#6116 = ORIENTED_EDGE ( 'NONE', *, *, #6966, .T. ) ;
#6117 = LINE ( 'NONE', #1023, #4535 ) ;
#6118 = DIRECTION ( 'NONE',  ( 0.000000000000000000, 0.000000000000000000, -1.000000000000000000 ) ) ;
#6119 = ORIENTED_EDGE ( 'NONE', *, *, #7242, .F. ) ;
#6120 = STYLED_ITEM ( 'NONE', ( #3097 ), #1583 ) ;
#6121 = DIRECTION ( 'NONE',  ( 0.000000000000000000, 0.000000000000000000, -1.000000000000000000 ) ) ;
#6122 = CARTESIAN_POINT ( 'NONE',  ( 1.475000000000000311, 2.065549442140357073, 0.000000000000000000 ) ) ;
#6123 = EDGE_CURVE ( 'NONE', #365, #360, #2163, .T. ) ;
#6124 = LINE ( 'NONE', #1145, #3625 ) ;
#6125 = FILL_AREA_STYLE_COLOUR ( '', #4897 ) ;
#6126 = SURFACE_SIDE_STYLE ('',( #3028 ) ) ;
#6127 = CARTESIAN_POINT ( 'NONE',  ( 1.475000000000000311, 0.4500000000000000666, 0.000000000000000000 ) ) ;
#6128 = CARTESIAN_POINT ( 'NONE',  ( 1.349999999999969891, 2.065549442140357073, -1.499999999999999778 ) ) ;
#6129 = EDGE_CURVE ( 'NONE', #5108, #7454, #409, .T. ) ;
#6130 = EDGE_LOOP ( 'NONE', ( #1080, #6409, #6446, #3976 ) ) ;
#6131 = FACE_OUTER_BOUND ( 'NONE', #5518, .T. ) ;
#6132 = CARTESIAN_POINT ( 'NONE',  ( -0.1500000000000002442, 0.000000000000000000, -1.499999999999999778 ) ) ;
#6133 =( LENGTH_UNIT ( ) NAMED_UNIT ( * ) SI_UNIT ( .MILLI., .METRE. ) );
#6134 = EDGE_CURVE ( 'NONE', #2358, #579, #3492, .T. ) ;
#6135 = ORIENTED_EDGE ( 'NONE', *, *, #2654, .T. ) ;
#6136 = FILL_AREA_STYLE_COLOUR ( '', #6611 ) ;
#6137 = EDGE_LOOP ( 'NONE', ( #4499, #5869, #6995, #5359 ) ) ;
#6138 = ORIENTED_EDGE ( 'NONE', *, *, #7867, .F. ) ;
#6139 = DIRECTION ( 'NONE',  ( 0.000000000000000000, -1.000000000000000000, 0.000000000000000000 ) ) ;
#6140 = PRESENTATION_LAYER_ASSIGNMENT (  '', '', ( #1458 ) ) ;
#6141 = DIRECTION ( 'NONE',  ( -4.956352788505162676E-15, 0.000000000000000000, -1.000000000000000000 ) ) ;
#6142 = VECTOR ( 'NONE', #3423, 1000.000000000000000 ) ;
#6143 = LINE ( 'NONE', #6866, #265 ) ;
#6144 = VERTEX_POINT ( 'NONE', #4832 ) ;
#6145 = FACE_OUTER_BOUND ( 'NONE', #788, .T. ) ;
#6146 = CARTESIAN_POINT ( 'NONE',  ( 0.000000000000000000, 0.000000000000000000, -1.475000000000000533 ) ) ;
#6147 = CARTESIAN_POINT ( 'NONE',  ( 1.475000000000000311, 2.065549442140357073, 1.326794919243081905 ) ) ;
#6148 = CARTESIAN_POINT ( 'NONE',  ( 1.499999999999999778, 0.000000000000000000, -1.324999999999969980 ) ) ;
#6149 = FACE_OUTER_BOUND ( 'NONE', #3997, .T. ) ;
#6150 = VECTOR ( 'NONE', #7278, 1000.000000000000000 ) ;
#6151 = ORIENTED_EDGE ( 'NONE', *, *, #396, .F. ) ;
#6152 = CARTESIAN_POINT ( 'NONE',  ( 1.499999999999999778, 2.065549442140357073, 1.500000000000000222 ) ) ;
#6153 = SURFACE_STYLE_USAGE ( .BOTH. , #8 ) ;
#6154 = CARTESIAN_POINT ( 'NONE',  ( 1.475000000000000311, 0.000000000000000000, 1.326794919243081905 ) ) ;
#6155 = AXIS2_PLACEMENT_3D ( 'NONE', #3546, #906, #252 ) ;
#6156 = AXIS2_PLACEMENT_3D ( 'NONE', #4420, #7461, #5076 ) ;
#6157 = DIRECTION ( 'NONE',  ( 0.000000000000000000, 0.000000000000000000, 1.000000000000000000 ) ) ;
#6158 = ORIENTED_EDGE ( 'NONE', *, *, #5225, .F. ) ;
#6159 = PRESENTATION_LAYER_ASSIGNMENT (  '', '', ( #7192 ) ) ;
#6160 = FILL_AREA_STYLE_COLOUR ( '', #6316 ) ;
#6161 = CARTESIAN_POINT ( 'NONE',  ( 1.499999999999999778, 0.000000000000000000, 0.000000000000000000 ) ) ;
#6162 = SURFACE_STYLE_USAGE ( .BOTH. , #594 ) ;
#6163 =( LENGTH_UNIT ( ) NAMED_UNIT ( * ) SI_UNIT ( .MILLI., .METRE. ) );
#6164 = MECHANICAL_DESIGN_GEOMETRIC_PRESENTATION_REPRESENTATION (  '', ( #4276 ), #2403 ) ;
#6165 = ADVANCED_FACE ( 'NONE', ( #1129 ), #1693, .T. ) ;
#6166 = EDGE_CURVE ( 'NONE', #5772, #3850, #3611, .T. ) ;
#6167 = FACE_OUTER_BOUND ( 'NONE', #5824, .T. ) ;
#6168 = AXIS2_PLACEMENT_3D ( 'NONE', #7575, #2644, #2025 ) ;
#6169 = FACE_OUTER_BOUND ( 'NONE', #5249, .T. ) ;
#6170 = CARTESIAN_POINT ( 'NONE',  ( -1.284919835629578122, 1.100000000000000089, -1.183388003606757222 ) ) ;
#6171 =( GEOMETRIC_REPRESENTATION_CONTEXT ( 3 ) GLOBAL_UNCERTAINTY_ASSIGNED_CONTEXT ( ( #6361 ) ) GLOBAL_UNIT_ASSIGNED_CONTEXT ( ( #645, #6739, #7456 ) ) REPRESENTATION_CONTEXT ( 'NONE', 'WORKASPACE' ) );
#6172 = ORIENTED_EDGE ( 'NONE', *, *, #2567, .F. ) ;
#6173 = ORIENTED_EDGE ( 'NONE', *, *, #5466, .F. ) ;
#6174 = ORIENTED_EDGE ( 'NONE', *, *, #6648, .T. ) ;
#6175 = PLANE ( 'NONE',  #3577 ) ;
#6176 = AXIS2_PLACEMENT_3D ( 'NONE', #8014, #1261, #2465 ) ;
#6177 = MECHANICAL_DESIGN_GEOMETRIC_PRESENTATION_REPRESENTATION (  '', ( #5138 ), #2013 ) ;
#6178 = UNCERTAINTY_MEASURE_WITH_UNIT (LENGTH_MEASURE( 1.000000000000000082E-05 ), #7193, 'distance_accuracy_value', 'NONE');
#6179 = EDGE_CURVE ( 'NONE', #4248, #780, #1015, .T. ) ;
#6180 = FACE_OUTER_BOUND ( 'NONE', #7079, .T. ) ;
#6181 = CLOSED_SHELL ( 'NONE', ( #4843, #4119, #541, #6494, #1096, #7194, #5852, #460, #1107, #1441, #6373, #1684, #6903, #553, #4564, #3291, #1583, #5386, #6625, #420, #619, #5475, #3303, #4432, #2843, #6435, #4227, #2758, #2140, #2958, #7591, #997, #3221, #2807, #6755, #4237, #4075, #6382, #1876, #7611, #2139, #1434, #5625, #7793, #1943, #4882, #4591, #1786, #4788, #5379, #6217, #2608, #2614, #3483, #7342, #1327, #1794, #6581, #7157, #3027 ) ) ;
#6182 = PRESENTATION_LAYER_ASSIGNMENT (  '', '', ( #461 ) ) ;
#6183 = CIRCLE ( 'NONE', #4095, 0.1749999999999996003 ) ;
#6184 =( NAMED_UNIT ( * ) PLANE_ANGLE_UNIT ( ) SI_UNIT ( $, .RADIAN. ) );
#6185 = FILL_AREA_STYLE_COLOUR ( '', #132 ) ;
#6186 = VECTOR ( 'NONE', #3935, 1000.000000000000000 ) ;
#6187 = ORIENTED_EDGE ( 'NONE', *, *, #4741, .T. ) ;
#6188 = LINE ( 'NONE', #1176, #781 ) ;
#6189 = DIRECTION ( 'NONE',  ( 0.000000000000000000, 1.000000000000000000, 0.000000000000000000 ) ) ;
#6190 =( NAMED_UNIT ( * ) PLANE_ANGLE_UNIT ( ) SI_UNIT ( $, .RADIAN. ) );
#6191 = COLOUR_RGB ( '',1.000000000000000000, 0.8117647058823529438, 0.5019607843137254832 ) ;
#6192 = EDGE_CURVE ( 'NONE', #1522, #894, #6664, .T. ) ;
#6193 = UNCERTAINTY_MEASURE_WITH_UNIT (LENGTH_MEASURE( 1.000000000000000082E-05 ), #2366, 'distance_accuracy_value', 'NONE');
#6194 =( NAMED_UNIT ( * ) PLANE_ANGLE_UNIT ( ) SI_UNIT ( $, .RADIAN. ) );
#6195 = ORIENTED_EDGE ( 'NONE', *, *, #2792, .T. ) ;
#6196 = STYLED_ITEM ( 'NONE', ( #3603 ), #146 ) ;
#6197 = SURFACE_STYLE_FILL_AREA ( #2418 ) ;
#6198 = PRESENTATION_LAYER_ASSIGNMENT (  '', '', ( #1632 ) ) ;
#6199 = FILL_AREA_STYLE ('',( #1218 ) ) ;
#6200 = CARTESIAN_POINT ( 'NONE',  ( 1.500000000000000000, 1.000000000000000000, -1.199999999999997957 ) ) ;
#6201 = LINE ( 'NONE', #665, #7636 ) ;
#6202 = COLOUR_RGB ( '',1.000000000000000000, 0.8117647058823529438, 0.5019607843137254832 ) ;
#6203 = VERTEX_POINT ( 'NONE', #5485 ) ;
#6204 = STYLED_ITEM ( 'NONE', ( #7464 ), #3303 ) ;
#6205 = ORIENTED_EDGE ( 'NONE', *, *, #3345, .F. ) ;
#6206 = CARTESIAN_POINT ( 'NONE',  ( 1.499999999999999778, 0.4499999999999999001, -1.499999999999999778 ) ) ;
#6207 = CARTESIAN_POINT ( 'NONE',  ( 1.499999999999999778, 0.4499999999999999556, 0.000000000000000000 ) ) ;
#6208 = FACE_OUTER_BOUND ( 'NONE', #1302, .T. ) ;
#6209 = VECTOR ( 'NONE', #6285, 1000.000000000000000 ) ;
#6210 = UNCERTAINTY_MEASURE_WITH_UNIT (LENGTH_MEASURE( 1.000000000000000082E-05 ), #768, 'distance_accuracy_value', 'NONE');
#6211 = COLOUR_RGB ( '',1.000000000000000000, 0.8117647058823529438, 0.5019607843137254832 ) ;
#6212 = LINE ( 'NONE', #6255, #5757 ) ;
#6213 =( NAMED_UNIT ( * ) SI_UNIT ( $, .STERADIAN. ) SOLID_ANGLE_UNIT ( ) );
#6214 = AXIS2_PLACEMENT_3D ( 'NONE', #5255, #1460, #6600 ) ;
#6215 = ORIENTED_EDGE ( 'NONE', *, *, #3651, .T. ) ;
#6216 = FILL_AREA_STYLE ('',( #3720 ) ) ;
#6217 = ADVANCED_FACE ( 'NONE', ( #1082 ), #2320, .T. ) ;
#6218 = STYLED_ITEM ( 'NONE', ( #4616 ), #1964 ) ;
#6219 = ORIENTED_EDGE ( 'NONE', *, *, #4084, .T. ) ;
#6220 = ADVANCED_FACE ( 'NONE', ( #70 ), #3764, .T. ) ;
#6221 = ORIENTED_EDGE ( 'NONE', *, *, #3783, .F. ) ;
#6222 = DIRECTION ( 'NONE',  ( -1.156482317317872317E-15, 0.000000000000000000, 1.000000000000000000 ) ) ;
#6223 = VECTOR ( 'NONE', #2160, 1000.000000000000000 ) ;
#6224 = CARTESIAN_POINT ( 'NONE',  ( -1.284919835629578344, 1.100000000000000089, -1.169999999999998375 ) ) ;
#6225 = FACE_OUTER_BOUND ( 'NONE', #121, .T. ) ;
#6226 = ORIENTED_EDGE ( 'NONE', *, *, #5995, .T. ) ;
#6227 = STYLED_ITEM ( 'NONE', ( #7787 ), #7354 ) ;
#6228 = CARTESIAN_POINT ( 'NONE',  ( -0.7499999999999991118, 0.000000000000000000, 0.000000000000000000 ) ) ;
#6229 = ORIENTED_EDGE ( 'NONE', *, *, #3808, .F. ) ;
#6230 = EDGE_CURVE ( 'NONE', #3021, #654, #5616, .T. ) ;
#6231 =( LENGTH_UNIT ( ) NAMED_UNIT ( * ) SI_UNIT ( .MILLI., .METRE. ) );
#6232 =( LENGTH_UNIT ( ) NAMED_UNIT ( * ) SI_UNIT ( .MILLI., .METRE. ) );
#6233 = DIRECTION ( 'NONE',  ( 0.000000000000000000, 0.000000000000000000, -1.000000000000000000 ) ) ;
#6234 = CARTESIAN_POINT ( 'NONE',  ( -1.474999999999999867, 0.4500000000000001221, 0.3000000000000007105 ) ) ;
#6235 = CARTESIAN_POINT ( 'NONE',  ( -0.7499999999999997780, 0.000000000000000000, 0.2999999999999999334 ) ) ;
#6236 = ORIENTED_EDGE ( 'NONE', *, *, #5092, .T. ) ;
#6237 = VECTOR ( 'NONE', #3628, 1000.000000000000000 ) ;
#6238 = VECTOR ( 'NONE', #6017, 1000.000000000000000 ) ;
#6239 = CYLINDRICAL_SURFACE ( 'NONE', #1883, 0.1000000000000000472 ) ;
#6240 = CARTESIAN_POINT ( 'NONE',  ( -1.109023780247329127E-15, 2.065549442140357073, -1.475000000000000755 ) ) ;
#6241 = EDGE_CURVE ( 'NONE', #7900, #4827, #4952, .T. ) ;
#6242 = DIRECTION ( 'NONE',  ( 1.000000000000000000, 0.000000000000000000, 0.000000000000000000 ) ) ;
#6243 = DIRECTION ( 'NONE',  ( -0.000000000000000000, -1.000000000000000000, 0.000000000000000000 ) ) ;
#6244 = COLOUR_RGB ( '',0.2509803921568627416, 0.2509803921568627416, 0.2509803921568627416 ) ;
#6245 =( LENGTH_UNIT ( ) NAMED_UNIT ( * ) SI_UNIT ( .MILLI., .METRE. ) );
#6246 = ORIENTED_EDGE ( 'NONE', *, *, #1138, .T. ) ;
#6247 = PRESENTATION_LAYER_ASSIGNMENT (  '', '', ( #6507 ) ) ;
#6248 = CARTESIAN_POINT ( 'NONE',  ( -1.054999999999999938, 1.100000000000000089, -1.169999999999997931 ) ) ;
#6249 = FILL_AREA_STYLE ('',( #7484 ) ) ;
#6250 = ORIENTED_EDGE ( 'NONE', *, *, #2885, .F. ) ;
#6251 =( NAMED_UNIT ( * ) SI_UNIT ( $, .STERADIAN. ) SOLID_ANGLE_UNIT ( ) );
#6252 =( NAMED_UNIT ( * ) SI_UNIT ( $, .STERADIAN. ) SOLID_ANGLE_UNIT ( ) );
#6253 = CARTESIAN_POINT ( 'NONE',  ( 0.000000000000000000, 2.065549442140357073, 0.9000000000000005773 ) ) ;
#6254 =( NAMED_UNIT ( * ) PLANE_ANGLE_UNIT ( ) SI_UNIT ( $, .RADIAN. ) );
#6255 = CARTESIAN_POINT ( 'NONE',  ( -1.199999999999999956, 1.000000000000000000, 1.399999999999998135 ) ) ;
#6256 = FILL_AREA_STYLE_COLOUR ( '', #6191 ) ;
#6257 = ORIENTED_EDGE ( 'NONE', *, *, #3808, .T. ) ;
#6258 = FACE_OUTER_BOUND ( 'NONE', #6050, .T. ) ;
#6259 = ORIENTED_EDGE ( 'NONE', *, *, #4693, .F. ) ;
#6260 = EDGE_LOOP ( 'NONE', ( #7533, #5596, #3805, #27 ) ) ;
#6261 = CARTESIAN_POINT ( 'NONE',  ( 1.499999999999999778, 0.000000000000000000, -0.1749999999999998224 ) ) ;
#6262 = DIRECTION ( 'NONE',  ( 0.000000000000000000, 0.000000000000000000, -1.000000000000000000 ) ) ;
#6263 = FILL_AREA_STYLE_COLOUR ( '', #7623 ) ;
#6264 = AXIS2_PLACEMENT_3D ( 'NONE', #267, #3961, #2834 ) ;
#6265 = EDGE_CURVE ( 'NONE', #6144, #5252, #6609, .T. ) ;
#6266 = DIRECTION ( 'NONE',  ( -1.000000000000000000, 0.000000000000000000, -0.000000000000000000 ) ) ;
#6267 = ORIENTED_EDGE ( 'NONE', *, *, #5272, .T. ) ;
#6268 = SURFACE_STYLE_FILL_AREA ( #1207 ) ;
#6269 = EDGE_LOOP ( 'NONE', ( #467, #2267 ) ) ;
#6270 = SURFACE_STYLE_USAGE ( .BOTH. , #4925 ) ;
#6271 =( NAMED_UNIT ( * ) PLANE_ANGLE_UNIT ( ) SI_UNIT ( $, .RADIAN. ) );
#6272 = PLANE ( 'NONE',  #3049 ) ;
#6273 = EDGE_LOOP ( 'NONE', ( #167, #7532, #2452, #2313 ) ) ;
#6274 = ADVANCED_FACE ( 'NONE', ( #2023 ), #2563, .T. ) ;
#6275 = ADVANCED_FACE ( 'NONE', ( #2606 ), #6346, .T. ) ;
#6276 = SURFACE_STYLE_FILL_AREA ( #7478 ) ;
#6277 = DIRECTION ( 'NONE',  ( 0.000000000000000000, 1.000000000000000000, 0.000000000000000000 ) ) ;
#6278 = CYLINDRICAL_SURFACE ( 'NONE', #5055, 0.1750000000000000167 ) ;
#6279 = DIRECTION ( 'NONE',  ( -0.000000000000000000, 1.000000000000000000, 0.000000000000000000 ) ) ;
#6280 = VERTEX_POINT ( 'NONE', #2151 ) ;
#6281 = ADVANCED_FACE ( 'NONE', ( #5244 ), #3421, .T. ) ;
#6282 = DIRECTION ( 'NONE',  ( 0.000000000000000000, 0.000000000000000000, -1.000000000000000000 ) ) ;
#6283 = CARTESIAN_POINT ( 'NONE',  ( -1.074453692516220249, 1.100000000000000089, -1.089827128630007191 ) ) ;
#6284 = COLOUR_RGB ( '',1.000000000000000000, 0.8117647058823529438, 0.5019607843137254832 ) ;
#6285 = DIRECTION ( 'NONE',  ( 1.000000000000000000, 0.000000000000000000, -0.000000000000000000 ) ) ;
#6286 = ORIENTED_EDGE ( 'NONE', *, *, #5173, .T. ) ;
#6287 =( NAMED_UNIT ( * ) SI_UNIT ( $, .STERADIAN. ) SOLID_ANGLE_UNIT ( ) );
#6288 = FILL_AREA_STYLE ('',( #98 ) ) ;
#6289 = SURFACE_STYLE_USAGE ( .BOTH. , #1931 ) ;
#6290 = SURFACE_STYLE_FILL_AREA ( #5606 ) ;
#6291 = STYLED_ITEM ( 'NONE', ( #5952 ), #5386 ) ;
#6292 = EDGE_CURVE ( 'NONE', #152, #360, #5284, .T. ) ;
#6293 = SURFACE_STYLE_FILL_AREA ( #140 ) ;
#6294 = PRESENTATION_LAYER_ASSIGNMENT (  '', '', ( #1734 ) ) ;
#6295 = ORIENTED_EDGE ( 'NONE', *, *, #1086, .T. ) ;
#6296 = STYLED_ITEM ( 'NONE', ( #2671 ), #5625 ) ;
#6297 = ORIENTED_EDGE ( 'NONE', *, *, #1280, .T. ) ;
#6298 = VECTOR ( 'NONE', #3110, 1000.000000000000000 ) ;
#6299 = ORIENTED_EDGE ( 'NONE', *, *, #3465, .T. ) ;
#6300 = ORIENTED_EDGE ( 'NONE', *, *, #2695, .F. ) ;
#6301 = STYLED_ITEM ( 'NONE', ( #2250 ), #4190 ) ;
#6302 = PRESENTATION_LAYER_ASSIGNMENT (  '', '', ( #454 ) ) ;
#6303 = VERTEX_POINT ( 'NONE', #2111 ) ;
#6304 = SURFACE_STYLE_USAGE ( .BOTH. , #5823 ) ;
#6305 = VECTOR ( 'NONE', #4222, 1000.000000000000000 ) ;
#6306 = ORIENTED_EDGE ( 'NONE', *, *, #6085, .F. ) ;
#6307 = DIRECTION ( 'NONE',  ( 0.000000000000000000, -1.000000000000000000, 0.000000000000000000 ) ) ;
#6308 = VECTOR ( 'NONE', #2721, 1000.000000000000000 ) ;
#6309 = LINE ( 'NONE', #6750, #2687 ) ;
#6310 = CARTESIAN_POINT ( 'NONE',  ( -0.1500000000000002442, 0.4500000000000000111, -1.499999999999999778 ) ) ;
#6311 = ORIENTED_EDGE ( 'NONE', *, *, #1495, .F. ) ;
#6312 = VECTOR ( 'NONE', #2874, 1000.000000000000000 ) ;
#6313 = VECTOR ( 'NONE', #172, 1000.000000000000000 ) ;
#6314 =( NAMED_UNIT ( * ) PLANE_ANGLE_UNIT ( ) SI_UNIT ( $, .RADIAN. ) );
#6315 = FACE_OUTER_BOUND ( 'NONE', #3384, .T. ) ;
#6316 = COLOUR_RGB ( '',1.000000000000000000, 0.8117647058823529438, 0.5019607843137254832 ) ;
#6317 =( GEOMETRIC_REPRESENTATION_CONTEXT ( 3 ) GLOBAL_UNCERTAINTY_ASSIGNED_CONTEXT ( ( #2070 ) ) GLOBAL_UNIT_ASSIGNED_CONTEXT ( ( #2573, #6190, #6909 ) ) REPRESENTATION_CONTEXT ( 'NONE', 'WORKASPACE' ) );
#6318 = DIRECTION ( 'NONE',  ( 0.000000000000000000, 0.000000000000000000, 1.000000000000000000 ) ) ;
#6319 =( NAMED_UNIT ( * ) SI_UNIT ( $, .STERADIAN. ) SOLID_ANGLE_UNIT ( ) );
#6320 = EDGE_CURVE ( 'NONE', #360, #685, #5948, .T. ) ;
#6321 = AXIS2_PLACEMENT_3D ( 'NONE', #3574, #1650, #5444 ) ;
#6322 = ORIENTED_EDGE ( 'NONE', *, *, #3737, .T. ) ;
#6323 = COLOUR_RGB ( '',1.000000000000000000, 0.8117647058823529438, 0.5019607843137254832 ) ;
#6324 = LINE ( 'NONE', #1835, #1325 ) ;
#6325 = DIRECTION ( 'NONE',  ( 0.000000000000000000, 1.000000000000000000, 0.000000000000000000 ) ) ;
#6326 = CARTESIAN_POINT ( 'NONE',  ( -1.200000000000000178, 6.159797974644664720, -1.199999999999998179 ) ) ;
#6327 = ORIENTED_EDGE ( 'NONE', *, *, #6858, .T. ) ;
#6328 =( LENGTH_UNIT ( ) NAMED_UNIT ( * ) SI_UNIT ( .MILLI., .METRE. ) );
#6329 = CARTESIAN_POINT ( 'NONE',  ( -1.400000000000000133, 0.9000000000000002442, 1.499999999999999112 ) ) ;
#6330 = ADVANCED_FACE ( 'NONE', ( #359 ), #3240, .T. ) ;
#6331 =( LENGTH_UNIT ( ) NAMED_UNIT ( * ) SI_UNIT ( .MILLI., .METRE. ) );
#6332 = VECTOR ( 'NONE', #177, 1000.000000000000000 ) ;
#6333 = UNCERTAINTY_MEASURE_WITH_UNIT (LENGTH_MEASURE( 1.000000000000000082E-05 ), #7538, 'distance_accuracy_value', 'NONE');
#6334 = PLANE ( 'NONE',  #3967 ) ;
#6335 = FILL_AREA_STYLE ('',( #4981 ) ) ;
#6336 = STYLED_ITEM ( 'NONE', ( #2245 ), #3209 ) ;
#6337 = FILL_AREA_STYLE ('',( #6381 ) ) ;
#6338 = DIRECTION ( 'NONE',  ( 0.000000000000000000, -1.000000000000000000, 0.000000000000000000 ) ) ;
#6339 = VERTEX_POINT ( 'NONE', #4622 ) ;
#6340 =( NAMED_UNIT ( * ) SI_UNIT ( $, .STERADIAN. ) SOLID_ANGLE_UNIT ( ) );
#6341 = ORIENTED_EDGE ( 'NONE', *, *, #3965, .T. ) ;
#6342 = EDGE_CURVE ( 'NONE', #4274, #152, #7868, .T. ) ;
#6343 = DIRECTION ( 'NONE',  ( 0.000000000000000000, 0.000000000000000000, -1.000000000000000000 ) ) ;
#6344 = LINE ( 'NONE', #5161, #7125 ) ;
#6345 = PRESENTATION_LAYER_ASSIGNMENT (  '', '', ( #2185 ) ) ;
#6346 = PLANE ( 'NONE',  #1914 ) ;
#6347 = CARTESIAN_POINT ( 'NONE',  ( 0.7500000000000004441, 2.065549442140357073, -4.065758146820645572E-16 ) ) ;
#6348 = AXIS2_PLACEMENT_3D ( 'NONE', #5525, #7915, #3690 ) ;
#6349 = SURFACE_STYLE_USAGE ( .BOTH. , #1949 ) ;
#6350 =( GEOMETRIC_REPRESENTATION_CONTEXT ( 3 ) GLOBAL_UNCERTAINTY_ASSIGNED_CONTEXT ( ( #6065 ) ) GLOBAL_UNIT_ASSIGNED_CONTEXT ( ( #814, #3804, #7031 ) ) REPRESENTATION_CONTEXT ( 'NONE', 'WORKASPACE' ) );
#6351 = ORIENTED_EDGE ( 'NONE', *, *, #1088, .F. ) ;
#6352 = PRESENTATION_STYLE_ASSIGNMENT (( #3851 ) ) ;
#6353 = ORIENTED_EDGE ( 'NONE', *, *, #7707, .T. ) ;
#6354 = CARTESIAN_POINT ( 'NONE',  ( 0.000000000000000000, 0.4500000000000000666, -1.499999999999999778 ) ) ;
#6355 = LINE ( 'NONE', #777, #6614 ) ;
#6356 = DIRECTION ( 'NONE',  ( 0.000000000000000000, 0.000000000000000000, 1.000000000000000000 ) ) ;
#6357 = COLOUR_RGB ( '',1.000000000000000000, 0.8117647058823529438, 0.5019607843137254832 ) ;
#6358 = UNCERTAINTY_MEASURE_WITH_UNIT (LENGTH_MEASURE( 1.000000000000000082E-05 ), #3397, 'distance_accuracy_value', 'NONE');
#6359 = CARTESIAN_POINT ( 'NONE',  ( -1.500000000000000222, 0.4499999999999999001, 2.168404344971008868E-16 ) ) ;
#6360 = ORIENTED_EDGE ( 'NONE', *, *, #2713, .F. ) ;
#6361 = UNCERTAINTY_MEASURE_WITH_UNIT (LENGTH_MEASURE( 1.000000000000000082E-05 ), #645, 'distance_accuracy_value', 'NONE');
#6362 = AXIS2_PLACEMENT_3D ( 'NONE', #3595, #502, #4768 ) ;
#6363 =( NAMED_UNIT ( * ) PLANE_ANGLE_UNIT ( ) SI_UNIT ( $, .RADIAN. ) );
#6364 = DIRECTION ( 'NONE',  ( 0.000000000000000000, 0.000000000000000000, 1.000000000000000000 ) ) ;
#6365 = CARTESIAN_POINT ( 'NONE',  ( -1.474999999999999867, 0.000000000000000000, 0.9000000000000005773 ) ) ;
#6366 = LINE ( 'NONE', #3196, #2670 ) ;
#6367 = UNCERTAINTY_MEASURE_WITH_UNIT (LENGTH_MEASURE( 1.000000000000000082E-05 ), #283, 'distance_accuracy_value', 'NONE');
#6368 = VECTOR ( 'NONE', #7397, 1000.000000000000000 ) ;
#6369 = CARTESIAN_POINT ( 'NONE',  ( 0.000000000000000000, 2.065549442140357073, 1.474999999999999645 ) ) ;
#6370 = VERTEX_POINT ( 'NONE', #4782 ) ;
#6371 = CARTESIAN_POINT ( 'NONE',  ( -1.475000000000000089, 0.4500000000000001221, -0.1732050807568877582 ) ) ;
#6372 = LINE ( 'NONE', #3074, #677 ) ;
#6373 = ADVANCED_FACE ( 'NONE', ( #6730 ), #7938, .F. ) ;
#6374 = MECHANICAL_DESIGN_GEOMETRIC_PRESENTATION_REPRESENTATION (  '', ( #2061 ), #7011 ) ;
#6375 = STYLED_ITEM ( 'NONE', ( #7041 ), #596 ) ;
#6376 = ORIENTED_EDGE ( 'NONE', *, *, #1694, .F. ) ;
#6377 = PLANE ( 'NONE',  #1754 ) ;
#6378 = FILL_AREA_STYLE_COLOUR ( '', #7840 ) ;
#6379 = COLOUR_RGB ( '',1.000000000000000000, 0.8117647058823529438, 0.5019607843137254832 ) ;
#6380 = PRESENTATION_STYLE_ASSIGNMENT (( #4611 ) ) ;
#6381 = FILL_AREA_STYLE_COLOUR ( '', #964 ) ;
#6382 = ADVANCED_FACE ( 'NONE', ( #7286 ), #5396, .T. ) ;
#6383 = DIRECTION ( 'NONE',  ( 0.000000000000000000, 0.000000000000000000, -1.000000000000000000 ) ) ;
#6384 = ORIENTED_EDGE ( 'NONE', *, *, #6022, .T. ) ;
#6385 = SURFACE_SIDE_STYLE ('',( #3885 ) ) ;
#6386 = ORIENTED_EDGE ( 'NONE', *, *, #899, .T. ) ;
#6387 = ORIENTED_EDGE ( 'NONE', *, *, #1694, .T. ) ;
#6388 =( NAMED_UNIT ( * ) SI_UNIT ( $, .STERADIAN. ) SOLID_ANGLE_UNIT ( ) );
#6389 = FACE_OUTER_BOUND ( 'NONE', #3387, .T. ) ;
#6390 = UNCERTAINTY_MEASURE_WITH_UNIT (LENGTH_MEASURE( 1.000000000000000082E-05 ), #2454, 'distance_accuracy_value', 'NONE');
#6391 = DIRECTION ( 'NONE',  ( 0.000000000000000000, -0.000000000000000000, 1.000000000000000000 ) ) ;
#6392 = ORIENTED_EDGE ( 'NONE', *, *, #940, .T. ) ;
#6393 = SURFACE_STYLE_USAGE ( .BOTH. , #4507 ) ;
#6394 = EDGE_CURVE ( 'NONE', #7212, #6906, #7250, .T. ) ;
#6395 = ORIENTED_EDGE ( 'NONE', *, *, #3403, .T. ) ;
#6396 = CARTESIAN_POINT ( 'NONE',  ( 1.349999999999999867, 1.050000000000000044, 1.199999999999997735 ) ) ;
#6397 = ORIENTED_EDGE ( 'NONE', *, *, #2894, .F. ) ;
#6398 = CARTESIAN_POINT ( 'NONE',  ( -1.399999999999999689, 1.000000000000000000, 1.199999999999997957 ) ) ;
#6399 = LINE ( 'NONE', #284, #1021 ) ;
#6400 = DIRECTION ( 'NONE',  ( 1.000000000000000000, -0.000000000000000000, 1.807003620809174632E-16 ) ) ;
#6401 = SURFACE_SIDE_STYLE ('',( #783 ) ) ;
#6402 = LINE ( 'NONE', #785, #7612 ) ;
#6403 = LINE ( 'NONE', #3864, #7375 ) ;
#6404 = FILL_AREA_STYLE_COLOUR ( '', #390 ) ;
#6405 = SURFACE_SIDE_STYLE ('',( #2702 ) ) ;
#6406 = EDGE_LOOP ( 'NONE', ( #4958, #4323, #2396, #6259 ) ) ;
#6407 = CARTESIAN_POINT ( 'NONE',  ( 1.499999999999999778, 0.000000000000000000, -1.324999999999969980 ) ) ;
#6408 = CARTESIAN_POINT ( 'NONE',  ( 0.000000000000000000, 1.100000000000000089, 0.000000000000000000 ) ) ;
#6409 = ORIENTED_EDGE ( 'NONE', *, *, #3453, .T. ) ;
#6410 = MECHANICAL_DESIGN_GEOMETRIC_PRESENTATION_REPRESENTATION (  '', ( #1980 ), #6655 ) ;
#6411 = CARTESIAN_POINT ( 'NONE',  ( -1.317157287525382081, 1.000000000000000000, 1.399999999999997025 ) ) ;
#6412 = SURFACE_STYLE_FILL_AREA ( #3446 ) ;
#6413 =( NAMED_UNIT ( * ) PLANE_ANGLE_UNIT ( ) SI_UNIT ( $, .RADIAN. ) );
#6414 =( LENGTH_UNIT ( ) NAMED_UNIT ( * ) SI_UNIT ( .MILLI., .METRE. ) );
#6415 = CARTESIAN_POINT ( 'NONE',  ( -1.474999999999999867, 0.4500000000000000666, 0.3000000000000007105 ) ) ;
#6416 = CARTESIAN_POINT ( 'NONE',  ( 0.000000000000000000, 0.000000000000000000, -0.9000000000000005773 ) ) ;
#6417 = DIRECTION ( 'NONE',  ( 0.000000000000000000, -1.000000000000000000, 0.000000000000000000 ) ) ;
#6418 = ORIENTED_EDGE ( 'NONE', *, *, #2344, .T. ) ;
#6419 =( LENGTH_UNIT ( ) NAMED_UNIT ( * ) SI_UNIT ( .MILLI., .METRE. ) );
#6420 = LINE ( 'NONE', #2720, #2423 ) ;
#6421 = ORIENTED_EDGE ( 'NONE', *, *, #3651, .F. ) ;
#6422 = CARTESIAN_POINT ( 'NONE',  ( 0.7499999999999998890, 0.000000000000000000, 0.000000000000000000 ) ) ;
#6423 = TOROIDAL_SURFACE ( 'NONE', #4982, 0.1499999999999998834, 0.05000000000000000278 ) ;
#6424 = EDGE_CURVE ( 'NONE', #548, #1009, #5473, .T. ) ;
#6425 = ADVANCED_FACE ( 'NONE', ( #3009 ), #2199, .T. ) ;
#6426 = ORIENTED_EDGE ( 'NONE', *, *, #1849, .T. ) ;
#6427 = SURFACE_SIDE_STYLE ('',( #7064 ) ) ;
#6428 = STYLED_ITEM ( 'NONE', ( #1192 ), #5475 ) ;
#6429 = ORIENTED_EDGE ( 'NONE', *, *, #5027, .T. ) ;
#6430 = DIRECTION ( 'NONE',  ( -1.000000000000000000, 0.000000000000000000, 0.000000000000000000 ) ) ;
#6431 = ORIENTED_EDGE ( 'NONE', *, *, #6648, .F. ) ;
#6432 =( NAMED_UNIT ( * ) SI_UNIT ( $, .STERADIAN. ) SOLID_ANGLE_UNIT ( ) );
#6433 = DIRECTION ( 'NONE',  ( 1.000000000000000000, 0.000000000000000000, 9.035018104045874392E-17 ) ) ;
#6434 = COLOUR_RGB ( '',1.000000000000000000, 0.8117647058823529438, 0.5019607843137254832 ) ;
#6435 = ADVANCED_FACE ( 'NONE', ( #97 ), #3163, .F. ) ;
#6436 = PRESENTATION_STYLE_ASSIGNMENT (( #4636 ) ) ;
#6437 = CARTESIAN_POINT ( 'NONE',  ( -1.199999999999999956, 6.159797974644664720, 1.199999999999997957 ) ) ;
#6438 = PRESENTATION_LAYER_ASSIGNMENT (  '', '', ( #6801 ) ) ;
#6439 = PRESENTATION_LAYER_ASSIGNMENT (  '', '', ( #7970 ) ) ;
#6440 = SURFACE_SIDE_STYLE ('',( #5786 ) ) ;
#6441 = VECTOR ( 'NONE', #7864, 1000.000000000000000 ) ;
#6442 = CARTESIAN_POINT ( 'NONE',  ( -1.475000000000000089, 0.000000000000000000, 0.1732050807568880080 ) ) ;
#6443 = ADVANCED_FACE ( 'NONE', ( #4217 ), #2546, .T. ) ;
#6444 =( GEOMETRIC_REPRESENTATION_CONTEXT ( 3 ) GLOBAL_UNCERTAINTY_ASSIGNED_CONTEXT ( ( #1201 ) ) GLOBAL_UNIT_ASSIGNED_CONTEXT ( ( #2619, #5548, #1300 ) ) REPRESENTATION_CONTEXT ( 'NONE', 'WORKASPACE' ) );
#6445 = SURFACE_STYLE_USAGE ( .BOTH. , #1430 ) ;
#6446 = ORIENTED_EDGE ( 'NONE', *, *, #7451, .F. ) ;
#6447 = STYLED_ITEM ( 'NONE', ( #220 ), #3039 ) ;
#6448 = CARTESIAN_POINT ( 'NONE',  ( 0.7500000000000000000, 2.065549442140357073, 0.2999999999999999334 ) ) ;
#6449 = MECHANICAL_DESIGN_GEOMETRIC_PRESENTATION_REPRESENTATION (  '', ( #2548 ), #1755 ) ;
#6450 = FILL_AREA_STYLE_COLOUR ( '', #154 ) ;
#6452 = VECTOR ( 'NONE', #4440, 1000.000000000000000 ) ;
#6451 = UNCERTAINTY_MEASURE_WITH_UNIT (LENGTH_MEASURE( 1.000000000000000082E-05 ), #7020, 'distance_accuracy_value', 'NONE');
#6453 = LINE ( 'NONE', #3366, #7341 ) ;
#6454 = ORIENTED_EDGE ( 'NONE', *, *, #3591, .T. ) ;
#6455 = FILL_AREA_STYLE ('',( #4529 ) ) ;
#6456 = PRESENTATION_LAYER_ASSIGNMENT (  '', '', ( #1235 ) ) ;
#6457 = DIRECTION ( 'NONE',  ( 0.000000000000000000, -0.000000000000000000, 1.000000000000000000 ) ) ;
#6458 = DIRECTION ( 'NONE',  ( -0.000000000000000000, 1.000000000000000000, 0.000000000000000000 ) ) ;
#6459 =( GEOMETRIC_REPRESENTATION_CONTEXT ( 3 ) GLOBAL_UNCERTAINTY_ASSIGNED_CONTEXT ( ( #7729 ) ) GLOBAL_UNIT_ASSIGNED_CONTEXT ( ( #106, #6805, #3838 ) ) REPRESENTATION_CONTEXT ( 'NONE', 'WORKASPACE' ) );
#6460 = VECTOR ( 'NONE', #830, 1000.000000000000000 ) ;
#6461 = UNCERTAINTY_MEASURE_WITH_UNIT (LENGTH_MEASURE( 1.000000000000000082E-05 ), #4055, 'distance_accuracy_value', 'NONE');
#6462 = FILL_AREA_STYLE_COLOUR ( '', #6969 ) ;
#6463 = EDGE_LOOP ( 'NONE', ( #2368, #7910, #6386, #1810, #5861, #5541, #6174, #5212, #1605, #4459, #3077, #6761 ) ) ;
#6464 = CIRCLE ( 'NONE', #7348, 0.1750000000000301592 ) ;
#6465 = CARTESIAN_POINT ( 'NONE',  ( -0.7499999999999997780, 2.065549442140357073, 0.2999999999999999334 ) ) ;
#6466 = DIRECTION ( 'NONE',  ( 0.000000000000000000, 0.000000000000000000, -1.000000000000000000 ) ) ;
#6467 = PLANE ( 'NONE',  #7635 ) ;
#6468 = LINE ( 'NONE', #4087, #2731 ) ;
#6469 = VERTEX_POINT ( 'NONE', #7085 ) ;
#6470 =( NAMED_UNIT ( * ) SI_UNIT ( $, .STERADIAN. ) SOLID_ANGLE_UNIT ( ) );
#6471 = ADVANCED_FACE ( 'NONE', ( #946 ), #5352, .F. ) ;
#6472 = ORIENTED_EDGE ( 'NONE', *, *, #7890, .T. ) ;
#6473 = UNCERTAINTY_MEASURE_WITH_UNIT (LENGTH_MEASURE( 1.000000000000000082E-05 ), #1058, 'distance_accuracy_value', 'NONE');
#6474 = DIRECTION ( 'NONE',  ( 0.000000000000000000, 0.000000000000000000, -1.000000000000000000 ) ) ;
#6475 = STYLED_ITEM ( 'NONE', ( #5453 ), #2308 ) ;
#6476 = ORIENTED_EDGE ( 'NONE', *, *, #4541, .T. ) ;
#6477 = SURFACE_STYLE_FILL_AREA ( #4589 ) ;
#6478 = DIRECTION ( 'NONE',  ( 0.000000000000000000, 0.000000000000000000, -1.000000000000000000 ) ) ;
#6479 = SURFACE_STYLE_USAGE ( .BOTH. , #1496 ) ;
#6480 = LINE ( 'NONE', #7799, #937 ) ;
#6481 = PRESENTATION_LAYER_ASSIGNMENT (  '', '', ( #5036 ) ) ;
#6482 = SURFACE_STYLE_USAGE ( .BOTH. , #6520 ) ;
#6483 = AXIS2_PLACEMENT_3D ( 'NONE', #7828, #437, #4057 ) ;
#6484 = EDGE_CURVE ( 'NONE', #6938, #4140, #2181, .T. ) ;
#6485 = FILL_AREA_STYLE ('',( #1579 ) ) ;
#6486 = CARTESIAN_POINT ( 'NONE',  ( 1.475000000000000311, 2.065549442140357073, -0.3000000000000007105 ) ) ;
#6487 = DIRECTION ( 'NONE',  ( 0.000000000000000000, 1.000000000000000000, 0.000000000000000000 ) ) ;
#6488 =( GEOMETRIC_REPRESENTATION_CONTEXT ( 3 ) GLOBAL_UNCERTAINTY_ASSIGNED_CONTEXT ( ( #5486 ) ) GLOBAL_UNIT_ASSIGNED_CONTEXT ( ( #4826, #1939, #5157 ) ) REPRESENTATION_CONTEXT ( 'NONE', 'WORKASPACE' ) );
#6489 = DIRECTION ( 'NONE',  ( -0.000000000000000000, -1.000000000000000000, 0.000000000000000000 ) ) ;
#6490 = ORIENTED_EDGE ( 'NONE', *, *, #1316, .T. ) ;
#6491 = VECTOR ( 'NONE', #3844, 1000.000000000000000 ) ;
#6492 = PRESENTATION_LAYER_ASSIGNMENT (  '', '', ( #3109 ) ) ;
#6493 = CARTESIAN_POINT ( 'NONE',  ( 1.441421356237310381, 0.8999999999999989120, -1.341421356237307849 ) ) ;
#6494 = ADVANCED_FACE ( 'NONE', ( #7049 ), #1473, .T. ) ;
#6495 = CARTESIAN_POINT ( 'NONE',  ( 0.000000000000000000, 0.4500000000000000666, -1.475000000000000533 ) ) ;
#6496 = VERTEX_POINT ( 'NONE', #6083 ) ;
#6497 = CARTESIAN_POINT ( 'NONE',  ( -1.400000000000000133, 0.9414213562373092703, 1.199999999999997513 ) ) ;
#6498 =( GEOMETRIC_REPRESENTATION_CONTEXT ( 3 ) GLOBAL_UNCERTAINTY_ASSIGNED_CONTEXT ( ( #2641 ) ) GLOBAL_UNIT_ASSIGNED_CONTEXT ( ( #924, #4128, #399 ) ) REPRESENTATION_CONTEXT ( 'NONE', 'WORKASPACE' ) );
#6499 = PRESENTATION_LAYER_ASSIGNMENT (  '', '', ( #5050 ) ) ;
#6500 = LINE ( 'NONE', #3482, #1100 ) ;
#6501 = SURFACE_STYLE_FILL_AREA ( #5456 ) ;
#6502 =( NAMED_UNIT ( * ) SI_UNIT ( $, .STERADIAN. ) SOLID_ANGLE_UNIT ( ) );
#6503 = VECTOR ( 'NONE', #3987, 1000.000000000000000 ) ;
#6504 = CARTESIAN_POINT ( 'NONE',  ( -1.400000000000000133, 0.8500000000000000888, 1.400000000000000133 ) ) ;
#6505 = ORIENTED_EDGE ( 'NONE', *, *, #4330, .T. ) ;
#6506 = LINE ( 'NONE', #7744, #5943 ) ;
#6507 = STYLED_ITEM ( 'NONE', ( #488 ), #1327 ) ;
#6508 = FILL_AREA_STYLE ('',( #6545 ) ) ;
#6509 = FILL_AREA_STYLE_COLOUR ( '', #250 ) ;
#6510 = SURFACE_STYLE_USAGE ( .BOTH. , #7621 ) ;
#6511 = ORIENTED_EDGE ( 'NONE', *, *, #4570, .F. ) ;
#6512 = SURFACE_SIDE_STYLE ('',( #3499 ) ) ;
#6513 = SURFACE_STYLE_USAGE ( .BOTH. , #6427 ) ;
#6514 = ORIENTED_EDGE ( 'NONE', *, *, #503, .T. ) ;
#6515 = DIRECTION ( 'NONE',  ( 0.000000000000000000, 0.000000000000000000, 1.000000000000000000 ) ) ;
#6516 = ORIENTED_EDGE ( 'NONE', *, *, #3674, .F. ) ;
#6517 = FACE_OUTER_BOUND ( 'NONE', #7754, .T. ) ;
#6518 = SURFACE_SIDE_STYLE ('',( #7155 ) ) ;
#6519 = EDGE_CURVE ( 'NONE', #5766, #5866, #4006, .T. ) ;
#6520 = SURFACE_SIDE_STYLE ('',( #3981 ) ) ;
#6521 = DIRECTION ( 'NONE',  ( 0.000000000000000000, 0.000000000000000000, -1.000000000000000000 ) ) ;
#6522 = DIRECTION ( 'NONE',  ( -1.000000000000000000, -0.000000000000000000, -0.000000000000000000 ) ) ;
#6523 = SURFACE_STYLE_FILL_AREA ( #7040 ) ;
#6524 =( LENGTH_UNIT ( ) NAMED_UNIT ( * ) SI_UNIT ( .MILLI., .METRE. ) );
#6525 = EDGE_CURVE ( 'NONE', #7256, #548, #4198, .T. ) ;
#6526 = EDGE_CURVE ( 'NONE', #7509, #84, #7812, .T. ) ;
#6527 =( GEOMETRIC_REPRESENTATION_CONTEXT ( 3 ) GLOBAL_UNCERTAINTY_ASSIGNED_CONTEXT ( ( #7670 ) ) GLOBAL_UNIT_ASSIGNED_CONTEXT ( ( #6577, #223, #4002 ) ) REPRESENTATION_CONTEXT ( 'NONE', 'WORKASPACE' ) );
#6528 = FILL_AREA_STYLE ('',( #4036 ) ) ;
#6529 = CARTESIAN_POINT ( 'NONE',  ( 1.324999999999969758, 2.065549442140357073, -1.499999999999999778 ) ) ;
#6530 = ORIENTED_EDGE ( 'NONE', *, *, #5193, .T. ) ;
#6531 = CARTESIAN_POINT ( 'NONE',  ( -1.441421356237309714, 0.8999999999999996891, 1.341421356237306295 ) ) ;
#6532 = FILL_AREA_STYLE_COLOUR ( '', #7973 ) ;
#6533 = MECHANICAL_DESIGN_GEOMETRIC_PRESENTATION_REPRESENTATION (  '', ( #1458 ), #5484 ) ;
#6534 = EDGE_CURVE ( 'NONE', #1569, #736, #6124, .T. ) ;
#6535 =( NAMED_UNIT ( * ) PLANE_ANGLE_UNIT ( ) SI_UNIT ( $, .RADIAN. ) );
#6536 = SURFACE_SIDE_STYLE ('',( #5316 ) ) ;
#6537 = STYLED_ITEM ( 'NONE', ( #5642 ), #4843 ) ;
#6538 = PLANE ( 'NONE',  #92 ) ;
#6539 = DIRECTION ( 'NONE',  ( 0.000000000000000000, -1.000000000000000000, 0.000000000000000000 ) ) ;
#6540 = ORIENTED_EDGE ( 'NONE', *, *, #1933, .F. ) ;
#6541 = CYLINDRICAL_SURFACE ( 'NONE', #5843, 0.1000000000000000472 ) ;
#6542 = UNCERTAINTY_MEASURE_WITH_UNIT (LENGTH_MEASURE( 1.000000000000000082E-05 ), #1346, 'distance_accuracy_value', 'NONE');
#6543 = CARTESIAN_POINT ( 'NONE',  ( 1.475000000000000311, 0.4500000000000001221, -0.9000000000000005773 ) ) ;
#6544 = CARTESIAN_POINT ( 'NONE',  ( -1.475000000000000089, 2.065549442140357073, -0.1732050807568877582 ) ) ;
#6545 = FILL_AREA_STYLE_COLOUR ( '', #1666 ) ;
#6546 = CARTESIAN_POINT ( 'NONE',  ( 1.324999999999969758, 0.000000000000000000, -1.499999999999999778 ) ) ;
#6547 = ADVANCED_FACE ( 'NONE', ( #3023 ), #1669, .T. ) ;
#6548 = ORIENTED_EDGE ( 'NONE', *, *, #5668, .F. ) ;
#6549 = PLANE ( 'NONE',  #6573 ) ;
#6550 = ORIENTED_EDGE ( 'NONE', *, *, #5488, .T. ) ;
#6551 = PRESENTATION_LAYER_ASSIGNMENT (  '', '', ( #4326 ) ) ;
#6552 = LINE ( 'NONE', #3533, #3236 ) ;
#6553 = ORIENTED_EDGE ( 'NONE', *, *, #48, .T. ) ;
#6554 = CARTESIAN_POINT ( 'NONE',  ( -1.500000000000000222, 0.000000000000000000, -1.500000000000000444 ) ) ;
#6555 = CARTESIAN_POINT ( 'NONE',  ( -1.500000000000000222, 0.4500000000000000666, 0.000000000000000000 ) ) ;
#6556 = VECTOR ( 'NONE', #6917, 1000.000000000000000 ) ;
#6557 = DIRECTION ( 'NONE',  ( 0.000000000000000000, 0.000000000000000000, -1.000000000000000000 ) ) ;
#6558 = MECHANICAL_DESIGN_GEOMETRIC_PRESENTATION_REPRESENTATION (  '', ( #319 ), #7562 ) ;
#6559 = COLOUR_RGB ( '',0.2509803921568627416, 0.2509803921568627416, 0.2509803921568627416 ) ;
#6560 = CARTESIAN_POINT ( 'NONE',  ( -2.168404344971008868E-16, 0.000000000000000000, 1.499999999999984679 ) ) ;
#6561 = LINE ( 'NONE', #288, #4858 ) ;
#6562 = FILL_AREA_STYLE_COLOUR ( '', #916 ) ;
#6563 =( NAMED_UNIT ( * ) PLANE_ANGLE_UNIT ( ) SI_UNIT ( $, .RADIAN. ) );
#6564 = CARTESIAN_POINT ( 'NONE',  ( 0.000000000000000000, 0.000000000000000000, 1.474999999999999645 ) ) ;
#6565 = CARTESIAN_POINT ( 'NONE',  ( 1.499999999999999778, 0.4500000000000000111, -1.349999999999969891 ) ) ;
#6566 = CYLINDRICAL_SURFACE ( 'NONE', #4463, 0.04999999999999991257 ) ;
#6567 = EDGE_LOOP ( 'NONE', ( #6779, #1186, #3668, #7141 ) ) ;
#6568 = CIRCLE ( 'NONE', #2666, 0.1749999999999996003 ) ;
#6569 = PLANE ( 'NONE',  #3943 ) ;
#6570 = EDGE_CURVE ( 'NONE', #2187, #548, #4241, .T. ) ;
#6571 = EDGE_CURVE ( 'NONE', #5940, #660, #4144, .T. ) ;
#6572 = AXIS2_PLACEMENT_3D ( 'NONE', #2501, #4433, #627 ) ;
#6573 = AXIS2_PLACEMENT_3D ( 'NONE', #961, #1531, #7705 ) ;
#6574 = MECHANICAL_DESIGN_GEOMETRIC_PRESENTATION_REPRESENTATION (  '', ( #7586 ), #5664 ) ;
#6575 = CLOSED_SHELL ( 'NONE', ( #6274, #900, #1604, #6631, #3985, #5630, #2398, #4894, #5333, #2496, #4635, #3534, #6804, #147 ) ) ;
#6576 = PRESENTATION_LAYER_ASSIGNMENT (  '', '', ( #860 ) ) ;
#6577 =( LENGTH_UNIT ( ) NAMED_UNIT ( * ) SI_UNIT ( .MILLI., .METRE. ) );
#6578 = UNCERTAINTY_MEASURE_WITH_UNIT (LENGTH_MEASURE( 1.000000000000000082E-05 ), #6133, 'distance_accuracy_value', 'NONE');
#6579 = DIRECTION ( 'NONE',  ( -1.000000000000000000, -0.000000000000000000, -0.000000000000000000 ) ) ;
#6580 = CIRCLE ( 'NONE', #3070, 0.1749999999999687916 ) ;
#6581 = ADVANCED_FACE ( 'NONE', ( #3520 ), #6005, .F. ) ;
#6582 = ORIENTED_EDGE ( 'NONE', *, *, #3977, .T. ) ;
#6583 = ORIENTED_EDGE ( 'NONE', *, *, #6023, .T. ) ;
#6584 = CARTESIAN_POINT ( 'NONE',  ( -1.326794919243112769, 0.4500000000000001221, -1.475000000000000089 ) ) ;
#6585 = PRESENTATION_LAYER_ASSIGNMENT (  '', '', ( #3834 ) ) ;
#6586 = FILL_AREA_STYLE_COLOUR ( '', #2592 ) ;
#6587 = FILL_AREA_STYLE ('',( #6621 ) ) ;
#6588 = SURFACE_SIDE_STYLE ('',( #7178 ) ) ;
#6589 = AXIS2_PLACEMENT_3D ( 'NONE', #6326, #7046, #4565 ) ;
#6590 = VERTEX_POINT ( 'NONE', #5547 ) ;
#6591 = DIRECTION ( 'NONE',  ( 0.000000000000000000, -1.000000000000000000, 0.000000000000000000 ) ) ;
#6592 = CARTESIAN_POINT ( 'NONE',  ( 1.319179874822063336, 0.9000000000000003553, 1.475425905371849700 ) ) ;
#6593 = EDGE_CURVE ( 'NONE', #2190, #5564, #6201, .T. ) ;
#6594 = ORIENTED_EDGE ( 'NONE', *, *, #2244, .F. ) ;
#6595 =( NAMED_UNIT ( * ) SI_UNIT ( $, .STERADIAN. ) SOLID_ANGLE_UNIT ( ) );
#6596 =( GEOMETRIC_REPRESENTATION_CONTEXT ( 3 ) GLOBAL_UNCERTAINTY_ASSIGNED_CONTEXT ( ( #821 ) ) GLOBAL_UNIT_ASSIGNED_CONTEXT ( ( #5426, #5464, #1147 ) ) REPRESENTATION_CONTEXT ( 'NONE', 'WORKASPACE' ) );
#6597 = ORIENTED_EDGE ( 'NONE', *, *, #7409, .F. ) ;
#6598 = DIRECTION ( 'NONE',  ( 0.000000000000000000, 0.000000000000000000, 1.000000000000000000 ) ) ;
#6599 = SURFACE_SIDE_STYLE ('',( #2207 ) ) ;
#6600 = DIRECTION ( 'NONE',  ( 0.000000000000000000, 0.000000000000000000, 1.000000000000000000 ) ) ;
#6601 = FACE_OUTER_BOUND ( 'NONE', #2883, .T. ) ;
#6602 = AXIS2_PLACEMENT_3D ( 'NONE', #6708, #5576, #6819 ) ;
#6603 =( GEOMETRIC_REPRESENTATION_CONTEXT ( 3 ) GLOBAL_UNCERTAINTY_ASSIGNED_CONTEXT ( ( #7552 ) ) GLOBAL_UNIT_ASSIGNED_CONTEXT ( ( #4396, #337, #162 ) ) REPRESENTATION_CONTEXT ( 'NONE', 'WORKASPACE' ) );
#6604 = SURFACE_STYLE_USAGE ( .BOTH. , #1619 ) ;
#6605 = PLANE ( 'NONE',  #2701 ) ;
#6606 = DIRECTION ( 'NONE',  ( 1.000000000000000000, 0.000000000000000000, 0.000000000000000000 ) ) ;
#6607 = AXIS2_PLACEMENT_3D ( 'NONE', #2910, #7816, #4202 ) ;
#6608 = EDGE_LOOP ( 'NONE', ( #7548, #5402, #7486, #3711 ) ) ;
#6609 = CIRCLE ( 'NONE', #1653, 0.1750000000000000167 ) ;
#6610 = CARTESIAN_POINT ( 'NONE',  ( -1.350000000000000089, 1.050000000000000044, 0.000000000000000000 ) ) ;
#6611 = COLOUR_RGB ( '',1.000000000000000000, 0.8117647058823529438, 0.5019607843137254832 ) ;
#6612 = SURFACE_STYLE_FILL_AREA ( #2992 ) ;
#6613 = DIRECTION ( 'NONE',  ( 0.000000000000000000, -1.000000000000000000, -0.000000000000000000 ) ) ;
#6614 = VECTOR ( 'NONE', #2734, 1000.000000000000000 ) ;
#6615 = PRESENTATION_LAYER_ASSIGNMENT (  '', '', ( #1927 ) ) ;
#6616 = EDGE_CURVE ( 'NONE', #6496, #7495, #7480, .T. ) ;
#6617 = CARTESIAN_POINT ( 'NONE',  ( 1.199999999999999734, 6.159797974644664720, 1.199999999999997735 ) ) ;
#6618 = SHAPE_DEFINITION_REPRESENTATION ( #774, #141 ) ;
#6619 = ORIENTED_EDGE ( 'NONE', *, *, #5015, .F. ) ;
#6620 =( NAMED_UNIT ( * ) SI_UNIT ( $, .STERADIAN. ) SOLID_ANGLE_UNIT ( ) );
#6621 = FILL_AREA_STYLE_COLOUR ( '', #6109 ) ;
#6622 = VERTEX_POINT ( 'NONE', #3194 ) ;
#6623 = PRESENTATION_LAYER_ASSIGNMENT (  '', '', ( #6099 ) ) ;
#6624 =( GEOMETRIC_REPRESENTATION_CONTEXT ( 3 ) GLOBAL_UNCERTAINTY_ASSIGNED_CONTEXT ( ( #1692 ) ) GLOBAL_UNIT_ASSIGNED_CONTEXT ( ( #1210, #7472, #80 ) ) REPRESENTATION_CONTEXT ( 'NONE', 'WORKASPACE' ) );
#6625 = ADVANCED_FACE ( 'NONE', ( #5593 ), #2500, .F. ) ;
#6626 = CARTESIAN_POINT ( 'NONE',  ( -1.500000000000000222, 0.000000000000000000, 0.000000000000000000 ) ) ;
#6627 = ORIENTED_EDGE ( 'NONE', *, *, #5131, .F. ) ;
#6628 = CARTESIAN_POINT ( 'NONE',  ( -0.1749999999999998501, 0.4500000000000000111, -1.499999999999999778 ) ) ;
#6629 = ORIENTED_EDGE ( 'NONE', *, *, #4991, .T. ) ;
#6630 = DIRECTION ( 'NONE',  ( 0.000000000000000000, 0.000000000000000000, -1.000000000000000000 ) ) ;
#6631 = ADVANCED_FACE ( 'NONE', ( #4968 ), #6278, .T. ) ;
#6632 = PRESENTATION_LAYER_ASSIGNMENT (  '', '', ( #5455 ) ) ;
#6633 = FILL_AREA_STYLE_COLOUR ( '', #3956 ) ;
#6634 = CARTESIAN_POINT ( 'NONE',  ( 1.199999999999999734, 0.9000000000000000222, 1.499999999999997113 ) ) ;
#6635 =( LENGTH_UNIT ( ) NAMED_UNIT ( * ) SI_UNIT ( .MILLI., .METRE. ) );
#6636 = DIRECTION ( 'NONE',  ( 0.000000000000000000, 0.000000000000000000, -1.000000000000000000 ) ) ;
#6637 = ORIENTED_EDGE ( 'NONE', *, *, #4767, .T. ) ;
#6638 = CARTESIAN_POINT ( 'NONE',  ( -1.199999999999999956, 0.9000000000000000222, -1.499999999999998002 ) ) ;
#6639 = DIRECTION ( 'NONE',  ( 0.000000000000000000, 0.000000000000000000, -1.000000000000000000 ) ) ;
#6640 = SURFACE_STYLE_FILL_AREA ( #5384 ) ;
#6641 = MECHANICAL_DESIGN_GEOMETRIC_PRESENTATION_REPRESENTATION (  '', ( #7539 ), #2630 ) ;
#6642 = FILL_AREA_STYLE_COLOUR ( '', #5762 ) ;
#6643 = LINE ( 'NONE', #1106, #4173 ) ;
#6644 = UNCERTAINTY_MEASURE_WITH_UNIT (LENGTH_MEASURE( 1.000000000000000082E-05 ), #7417, 'distance_accuracy_value', 'NONE');
#6645 = LINE ( 'NONE', #6128, #7337 ) ;
#6646 = ORIENTED_EDGE ( 'NONE', *, *, #5995, .F. ) ;
#6647 = CIRCLE ( 'NONE', #5890, 0.1499999999999999667 ) ;
#6648 = EDGE_CURVE ( 'NONE', #4990, #1387, #4356, .T. ) ;
#6649 = DIRECTION ( 'NONE',  ( 0.000000000000000000, 0.000000000000000000, -1.000000000000000000 ) ) ;
#6650 = FACE_OUTER_BOUND ( 'NONE', #5476, .T. ) ;
#6651 = CARTESIAN_POINT ( 'NONE',  ( -1.275422565054533885, 0.9000000000000003553, -1.492978830106242993 ) ) ;
#6652 = DIRECTION ( 'NONE',  ( -0.000000000000000000, 0.000000000000000000, -1.000000000000000000 ) ) ;
#6653 = ORIENTED_EDGE ( 'NONE', *, *, #309, .T. ) ;
#6654 = CARTESIAN_POINT ( 'NONE',  ( 1.445656712928507392, 0.9000000000000003553, -1.374481588870346771 ) ) ;
#6655 =( GEOMETRIC_REPRESENTATION_CONTEXT ( 3 ) GLOBAL_UNCERTAINTY_ASSIGNED_CONTEXT ( ( #6578 ) ) GLOBAL_UNIT_ASSIGNED_CONTEXT ( ( #6133, #475, #3681 ) ) REPRESENTATION_CONTEXT ( 'NONE', 'WORKASPACE' ) );
#6656 = SURFACE_STYLE_USAGE ( .BOTH. , #4172 ) ;
#6657 = ORIENTED_EDGE ( 'NONE', *, *, #5286, .F. ) ;
#6658 = CARTESIAN_POINT ( 'NONE',  ( 0.000000000000000000, 2.065549442140357073, -0.9000000000000005773 ) ) ;
#6659 = ORIENTED_EDGE ( 'NONE', *, *, #798, .F. ) ;
#6660 = EDGE_CURVE ( 'NONE', #644, #182, #1828, .T. ) ;
#6661 = ORIENTED_EDGE ( 'NONE', *, *, #5524, .F. ) ;
#6662 = FACE_OUTER_BOUND ( 'NONE', #2785, .T. ) ;
#6663 = UNCERTAINTY_MEASURE_WITH_UNIT (LENGTH_MEASURE( 1.000000000000000082E-05 ), #7703, 'distance_accuracy_value', 'NONE');
#6664 = LINE ( 'NONE', #3048, #2189 ) ;
#6665 = FILL_AREA_STYLE ('',( #2447 ) ) ;
#6666 = CARTESIAN_POINT ( 'NONE',  ( 1.441421356237309048, 0.9000000000000003553, 1.341421356237306739 ) ) ;
#6667 = LINE ( 'NONE', #2326, #6749 ) ;
#6668 = CARTESIAN_POINT ( 'NONE',  ( -1.475000000000000089, 0.4500000000000000666, 0.000000000000000000 ) ) ;
#6669 = ORIENTED_EDGE ( 'NONE', *, *, #7576, .F. ) ;
#6670 = EDGE_CURVE ( 'NONE', #428, #844, #3358, .T. ) ;
#6671 = FILL_AREA_STYLE_COLOUR ( '', #2577 ) ;
#6672 = FILL_AREA_STYLE ('',( #3018 ) ) ;
#6673 = ORIENTED_EDGE ( 'NONE', *, *, #3591, .F. ) ;
#6674 = COLOUR_RGB ( '',0.2509803921568627416, 0.2509803921568627416, 0.2509803921568627416 ) ;
#6675 = CARTESIAN_POINT ( 'NONE',  ( -1.282286866986338758, 0.9000000000000003553, 1.499999999999999334 ) ) ;
#6676 = MECHANICAL_DESIGN_GEOMETRIC_PRESENTATION_REPRESENTATION (  '', ( #52 ), #3187 ) ;
#6677 = DIRECTION ( 'NONE',  ( -0.000000000000000000, 1.000000000000000000, -0.000000000000000000 ) ) ;
#6678 = EDGE_CURVE ( 'NONE', #7765, #1635, #1999, .T. ) ;
#6679 = COLOUR_RGB ( '',1.000000000000000000, 0.8117647058823529438, 0.5019607843137254832 ) ;
#6680 = SURFACE_SIDE_STYLE ('',( #6612 ) ) ;
#6681 =( NAMED_UNIT ( * ) PLANE_ANGLE_UNIT ( ) SI_UNIT ( $, .RADIAN. ) );
#6682 = VECTOR ( 'NONE', #2575, 1000.000000000000000 ) ;
#6683 = LINE ( 'NONE', #7896, #3918 ) ;
#6684 = CARTESIAN_POINT ( 'NONE',  ( -1.325000000000000178, 0.000000000000000000, -1.499999999999999778 ) ) ;
#6685 = MECHANICAL_DESIGN_GEOMETRIC_PRESENTATION_REPRESENTATION (  '', ( #4735 ), #1871 ) ;
#6686 = ORIENTED_EDGE ( 'NONE', *, *, #513, .F. ) ;
#6687 = VECTOR ( 'NONE', #358, 1000.000000000000000 ) ;
#6688 = CARTESIAN_POINT ( 'NONE',  ( 1.199999999999999734, 1.000000000000000000, 1.399999999999998135 ) ) ;
#6689 = PRESENTATION_STYLE_ASSIGNMENT (( #4821 ) ) ;
#6690 = STYLED_ITEM ( 'NONE', ( #7607 ), #420 ) ;
#6691 = DIRECTION ( 'NONE',  ( 0.000000000000000000, 0.000000000000000000, 1.000000000000000000 ) ) ;
#6692 = CARTESIAN_POINT ( 'NONE',  ( 1.426517246685791607, 0.9000000000000001332, -1.397882038470424915 ) ) ;
#6693 = STYLED_ITEM ( 'NONE', ( #635 ), #2958 ) ;
#6694 = MECHANICAL_DESIGN_GEOMETRIC_PRESENTATION_REPRESENTATION (  '', ( #5666 ), #1497 ) ;
#6695 = AXIS2_PLACEMENT_3D ( 'NONE', #7784, #4703, #4083 ) ;
#6696 = ORIENTED_EDGE ( 'NONE', *, *, #3874, .T. ) ;
#6697 = MECHANICAL_DESIGN_GEOMETRIC_PRESENTATION_REPRESENTATION (  '', ( #3588 ), #7462 ) ;
#6698 = SURFACE_STYLE_FILL_AREA ( #1969 ) ;
#6699 = VERTEX_POINT ( 'NONE', #5178 ) ;
#6700 = ORIENTED_EDGE ( 'NONE', *, *, #7061, .F. ) ;
#6701 =( NAMED_UNIT ( * ) SI_UNIT ( $, .STERADIAN. ) SOLID_ANGLE_UNIT ( ) );
#6702 = SURFACE_SIDE_STYLE ('',( #4262 ) ) ;
#6703 = UNCERTAINTY_MEASURE_WITH_UNIT (LENGTH_MEASURE( 1.000000000000000082E-05 ), #3542, 'distance_accuracy_value', 'NONE');
#6704 = AXIS2_PLACEMENT_3D ( 'NONE', #7587, #778, #6356 ) ;
#6705 = PRESENTATION_STYLE_ASSIGNMENT (( #4874 ) ) ;
#6706 = ADVANCED_FACE ( 'NONE', ( #5219 ), #1381, .T. ) ;
#6707 = VECTOR ( 'NONE', #4196, 1000.000000000000000 ) ;
#6708 = CARTESIAN_POINT ( 'NONE',  ( 0.000000000000000000, 0.4500000000000000666, 0.000000000000000000 ) ) ;
#6709 = DIRECTION ( 'NONE',  ( 0.000000000000000000, -1.000000000000000000, 0.000000000000000000 ) ) ;
#6710 = VERTEX_POINT ( 'NONE', #6442 ) ;
#6711 = FILL_AREA_STYLE_COLOUR ( '', #7645 ) ;
#6712 = SURFACE_SIDE_STYLE ('',( #6501 ) ) ;
#6713 = COLOUR_RGB ( '',1.000000000000000000, 0.8117647058823529438, 0.5019607843137254832 ) ;
#6714 = VERTEX_POINT ( 'NONE', #2657 ) ;
#6715 = EDGE_CURVE ( 'NONE', #7256, #3246, #6403, .T. ) ;
#6716 = SURFACE_STYLE_USAGE ( .BOTH. , #4892 ) ;
#6717 = DIRECTION ( 'NONE',  ( -5.421010862427523156E-16, 0.000000000000000000, -1.000000000000000000 ) ) ;
#6718 = DIRECTION ( 'NONE',  ( 1.548860246407863583E-16, -0.000000000000000000, 1.000000000000000000 ) ) ;
#6719 = VECTOR ( 'NONE', #1779, 1000.000000000000000 ) ;
#6720 = AXIS2_PLACEMENT_3D ( 'NONE', #5112, #5693, #113 ) ;
#6721 = EDGE_CURVE ( 'NONE', #2067, #1919, #208, .T. ) ;
#6722 = AXIS2_PLACEMENT_3D ( 'NONE', #1010, #3468, #325 ) ;
#6723 = DIRECTION ( 'NONE',  ( -0.000000000000000000, 0.000000000000000000, -1.000000000000000000 ) ) ;
#6724 = FILL_AREA_STYLE_COLOUR ( '', #1130 ) ;
#6725 = APPLICATION_PROTOCOL_DEFINITION ( 'draft international standard', 'automotive_design', 1998, #6919 ) ;
#6726 = EDGE_LOOP ( 'NONE', ( #4, #7181, #6119, #6669 ) ) ;
#6727 = SURFACE_STYLE_FILL_AREA ( #5508 ) ;
#6728 = DIRECTION ( 'NONE',  ( 0.000000000000000000, 0.000000000000000000, 1.000000000000000000 ) ) ;
#6729 = PRESENTATION_LAYER_ASSIGNMENT (  '', '', ( #5837 ) ) ;
#6730 = FACE_OUTER_BOUND ( 'NONE', #2798, .T. ) ;
#6731 = SURFACE_STYLE_FILL_AREA ( #1642 ) ;
#6732 = AXIS2_PLACEMENT_3D ( 'NONE', #2149, #1567, #6052 ) ;
#6733 = PLANE ( 'NONE',  #3945 ) ;
#6734 = VERTEX_POINT ( 'NONE', #4475 ) ;
#6735 = LINE ( 'NONE', #8027, #7762 ) ;
#6736 = FILL_AREA_STYLE ('',( #4405 ) ) ;
#6737 = EDGE_LOOP ( 'NONE', ( #6101, #6490, #5795, #3530, #2652, #4575, #1768, #5764 ) ) ;
#6738 = ORIENTED_EDGE ( 'NONE', *, *, #843, .F. ) ;
#6739 =( NAMED_UNIT ( * ) PLANE_ANGLE_UNIT ( ) SI_UNIT ( $, .RADIAN. ) );
#6740 = MECHANICAL_DESIGN_GEOMETRIC_PRESENTATION_REPRESENTATION (  '', ( #905 ), #5059 ) ;
#6741 = FILL_AREA_STYLE_COLOUR ( '', #1263 ) ;
#6742 = CARTESIAN_POINT ( 'NONE',  ( -1.500000000000000222, 2.065549442140357073, 0.000000000000000000 ) ) ;
#6743 = STYLED_ITEM ( 'NONE', ( #6781 ), #6859 ) ;
#6744 = SURFACE_STYLE_USAGE ( .BOTH. , #4877 ) ;
#6745 = CARTESIAN_POINT ( 'NONE',  ( -1.474999999999999867, 0.4500000000000001221, 0.9000000000000005773 ) ) ;
#6746 = ORIENTED_EDGE ( 'NONE', *, *, #2095, .T. ) ;
#6747 = CARTESIAN_POINT ( 'NONE',  ( 1.475000000000000311, 2.065549442140357073, -1.326794919243081905 ) ) ;
#6748 = DIRECTION ( 'NONE',  ( 1.000000000000000000, 0.000000000000000000, -0.000000000000000000 ) ) ;
#6749 = VECTOR ( 'NONE', #3581, 1000.000000000000000 ) ;
#6750 = CARTESIAN_POINT ( 'NONE',  ( 1.499999999999999778, 0.000000000000000000, 0.000000000000000000 ) ) ;
#6751 = UNCERTAINTY_MEASURE_WITH_UNIT (LENGTH_MEASURE( 1.000000000000000082E-05 ), #1912, 'distance_accuracy_value', 'NONE');
#6752 = DIRECTION ( 'NONE',  ( -9.035018104045885485E-17, -0.000000000000000000, 1.000000000000000000 ) ) ;
#6753 = VERTEX_POINT ( 'NONE', #903 ) ;
#6754 = PRESENTATION_STYLE_ASSIGNMENT (( #44 ) ) ;
#6755 = ADVANCED_FACE ( 'NONE', ( #338 ), #3946, .F. ) ;
#6756 = EDGE_CURVE ( 'NONE', #2358, #5310, #7231, .T. ) ;
#6757 = PRESENTATION_STYLE_ASSIGNMENT (( #5549 ) ) ;
#6758 = PRESENTATION_STYLE_ASSIGNMENT (( #1336 ) ) ;
#6759 = DIRECTION ( 'NONE',  ( 0.000000000000000000, 0.000000000000000000, -1.000000000000000000 ) ) ;
#6760 =( NAMED_UNIT ( * ) PLANE_ANGLE_UNIT ( ) SI_UNIT ( $, .RADIAN. ) );
#6761 = ORIENTED_EDGE ( 'NONE', *, *, #1945, .T. ) ;
#6762 = PRESENTATION_STYLE_ASSIGNMENT (( #7976 ) ) ;
#6763 = EDGE_CURVE ( 'NONE', #2052, #1609, #2331, .T. ) ;
#6764 = FILL_AREA_STYLE_COLOUR ( '', #7082 ) ;
#6765 = PRESENTATION_STYLE_ASSIGNMENT (( #1763 ) ) ;
#6766 = FILL_AREA_STYLE_COLOUR ( '', #6559 ) ;
#6767 = STYLED_ITEM ( 'NONE', ( #7858 ), #5680 ) ;
#6768 = ORIENTED_EDGE ( 'NONE', *, *, #7409, .T. ) ;
#6769 =( NAMED_UNIT ( * ) PLANE_ANGLE_UNIT ( ) SI_UNIT ( $, .RADIAN. ) );
#6770 = ORIENTED_EDGE ( 'NONE', *, *, #3873, .T. ) ;
#6771 = EDGE_CURVE ( 'NONE', #4469, #2838, #3544, .T. ) ;
#6772 = ORIENTED_EDGE ( 'NONE', *, *, #2412, .F. ) ;
#6773 = FACE_OUTER_BOUND ( 'NONE', #1125, .T. ) ;
#6774 = LINE ( 'NONE', #7505, #436 ) ;
#6775 = CARTESIAN_POINT ( 'NONE',  ( -1.500000000000000222, 2.065549442140357073, -1.500000000000000444 ) ) ;
#6776 = DIRECTION ( 'NONE',  ( 0.000000000000000000, 0.000000000000000000, 1.000000000000000000 ) ) ;
#6777 =( GEOMETRIC_REPRESENTATION_CONTEXT ( 3 ) GLOBAL_UNCERTAINTY_ASSIGNED_CONTEXT ( ( #1596 ) ) GLOBAL_UNIT_ASSIGNED_CONTEXT ( ( #4906, #1190, #4373 ) ) REPRESENTATION_CONTEXT ( 'NONE', 'WORKASPACE' ) );
#6778 = DIRECTION ( 'NONE',  ( 1.000000000000000000, 0.000000000000000000, -0.000000000000000000 ) ) ;
#6779 = ORIENTED_EDGE ( 'NONE', *, *, #7029, .T. ) ;
#6780 =( NAMED_UNIT ( * ) SI_UNIT ( $, .STERADIAN. ) SOLID_ANGLE_UNIT ( ) );
#6781 = PRESENTATION_STYLE_ASSIGNMENT (( #4309 ) ) ;
#6782 = PRESENTATION_STYLE_ASSIGNMENT (( #4310 ) ) ;
#6783 = DIRECTION ( 'NONE',  ( 0.000000000000000000, 0.000000000000000000, 1.000000000000000000 ) ) ;
#6784 = SURFACE_STYLE_FILL_AREA ( #1745 ) ;
#6785 =( GEOMETRIC_REPRESENTATION_CONTEXT ( 3 ) GLOBAL_UNCERTAINTY_ASSIGNED_CONTEXT ( ( #4003 ) ) GLOBAL_UNIT_ASSIGNED_CONTEXT ( ( #6922, #3781, #7523 ) ) REPRESENTATION_CONTEXT ( 'NONE', 'WORKASPACE' ) );
#6786 = VERTEX_POINT ( 'NONE', #6037 ) ;
#6787 = LINE ( 'NONE', #4238, #2816 ) ;
#6788 = SURFACE_STYLE_FILL_AREA ( #3193 ) ;
#6789 = AXIS2_PLACEMENT_3D ( 'NONE', #7996, #2402, #4304 ) ;
#6790 = DIRECTION ( 'NONE',  ( -0.000000000000000000, 1.000000000000000000, 0.000000000000000000 ) ) ;
#6791 = FACE_OUTER_BOUND ( 'NONE', #2559, .T. ) ;
#6792 = ORIENTED_EDGE ( 'NONE', *, *, #8001, .F. ) ;
#6793 = DIRECTION ( 'NONE',  ( 1.548860246407863583E-16, -0.000000000000000000, 1.000000000000000000 ) ) ;
#6794 = ADVANCED_FACE ( 'NONE', ( #5412 ), #4151, .T. ) ;
#6795 = EDGE_CURVE ( 'NONE', #7913, #5766, #2217, .T. ) ;
#6796 = ORIENTED_EDGE ( 'NONE', *, *, #5829, .F. ) ;
#6797 = VECTOR ( 'NONE', #6873, 1000.000000000000000 ) ;
#6798 = DIRECTION ( 'NONE',  ( 0.000000000000000000, -1.000000000000000000, 0.000000000000000000 ) ) ;
#6799 = PLANE ( 'NONE',  #5006 ) ;
#6800 =( LENGTH_UNIT ( ) NAMED_UNIT ( * ) SI_UNIT ( .MILLI., .METRE. ) );
#6801 = STYLED_ITEM ( 'NONE', ( #6765 ), #997 ) ;
#6802 = MECHANICAL_DESIGN_GEOMETRIC_PRESENTATION_REPRESENTATION (  '', ( #7970 ), #4343 ) ;
#6803 = SURFACE_SIDE_STYLE ('',( #4327 ) ) ;
#6804 = ADVANCED_FACE ( 'NONE', ( #7923 ), #379, .T. ) ;
#6805 =( NAMED_UNIT ( * ) PLANE_ANGLE_UNIT ( ) SI_UNIT ( $, .RADIAN. ) );
#6806 = AXIS2_PLACEMENT_3D ( 'NONE', #5393, #957, #7786 ) ;
#6807 = ORIENTED_EDGE ( 'NONE', *, *, #6756, .F. ) ;
#6808 = ORIENTED_EDGE ( 'NONE', *, *, #739, .T. ) ;
#6809 = ORIENTED_EDGE ( 'NONE', *, *, #264, .F. ) ;
#6810 = SURFACE_SIDE_STYLE ('',( #4913 ) ) ;
#6811 = PRESENTATION_STYLE_ASSIGNMENT (( #4951 ) ) ;
#6812 = SURFACE_SIDE_STYLE ('',( #1202 ) ) ;
#6813 =( GEOMETRIC_REPRESENTATION_CONTEXT ( 3 ) GLOBAL_UNCERTAINTY_ASSIGNED_CONTEXT ( ( #3905 ) ) GLOBAL_UNIT_ASSIGNED_CONTEXT ( ( #4000, #7165, #5269 ) ) REPRESENTATION_CONTEXT ( 'NONE', 'WORKASPACE' ) );
#6814 = STYLED_ITEM ( 'NONE', ( #5915 ), #1180 ) ;
#6815 =( NAMED_UNIT ( * ) SI_UNIT ( $, .STERADIAN. ) SOLID_ANGLE_UNIT ( ) );
#6816 = EDGE_CURVE ( 'NONE', #4138, #6303, #6117, .T. ) ;
#6817 = PRESENTATION_LAYER_ASSIGNMENT (  '', '', ( #3588 ) ) ;
#6818 = STYLED_ITEM ( 'NONE', ( #6762 ), #147 ) ;
#6819 = DIRECTION ( 'NONE',  ( 0.000000000000000000, -0.000000000000000000, 1.000000000000000000 ) ) ;
#6820 = FILL_AREA_STYLE ('',( #3659 ) ) ;
#6821 = CYLINDRICAL_SURFACE ( 'NONE', #7150, 0.1749999999999996003 ) ;
#6822 = ORIENTED_EDGE ( 'NONE', *, *, #1185, .T. ) ;
#6823 = DIRECTION ( 'NONE',  ( 0.000000000000000000, 0.000000000000000000, -1.000000000000000000 ) ) ;
#6824 = DIRECTION ( 'NONE',  ( 1.000000000000000000, 0.000000000000000000, -1.548860246407863583E-16 ) ) ;
#6825 = DIRECTION ( 'NONE',  ( -0.000000000000000000, -1.000000000000000000, 0.000000000000000000 ) ) ;
#6826 = LINE ( 'NONE', #124, #1628 ) ;
#6827 = AXIS2_PLACEMENT_3D ( 'NONE', #5537, #8006, #6783 ) ;
#6828 = EDGE_LOOP ( 'NONE', ( #4528, #5443, #776, #8029, #2350, #4022, #2998, #6300, #3267 ) ) ;
#6829 = AXIS2_PLACEMENT_3D ( 'NONE', #6886, #7440, #1184 ) ;
#6830 =( GEOMETRIC_REPRESENTATION_CONTEXT ( 3 ) GLOBAL_UNCERTAINTY_ASSIGNED_CONTEXT ( ( #1128 ) ) GLOBAL_UNIT_ASSIGNED_CONTEXT ( ( #4290, #6093, #4943 ) ) REPRESENTATION_CONTEXT ( 'NONE', 'WORKASPACE' ) );
#6831 = DIRECTION ( 'NONE',  ( 7.518805289812394929E-16, -0.000000000000000000, 1.000000000000000000 ) ) ;
#6832 = FACE_OUTER_BOUND ( 'NONE', #2440, .T. ) ;
#6833 = CARTESIAN_POINT ( 'NONE',  ( -1.500000000000000222, 0.4500000000000000666, -1.399999999999999689 ) ) ;
#6834 = STYLED_ITEM ( 'NONE', ( #8015 ), #3197 ) ;
#6835 = LINE ( 'NONE', #4318, #588 ) ;
#6836 = ORIENTED_EDGE ( 'NONE', *, *, #4777, .F. ) ;
#6837 = SURFACE_STYLE_USAGE ( .BOTH. , #4363 ) ;
#6838 = VECTOR ( 'NONE', #4077, 1000.000000000000000 ) ;
#6839 = DIRECTION ( 'NONE',  ( 0.000000000000000000, 0.000000000000000000, 1.000000000000000000 ) ) ;
#6840 = FACE_OUTER_BOUND ( 'NONE', #5610, .T. ) ;
#6841 = ORIENTED_EDGE ( 'NONE', *, *, #5016, .F. ) ;
#6842 =( LENGTH_UNIT ( ) NAMED_UNIT ( * ) SI_UNIT ( .MILLI., .METRE. ) );
#6843 =( LENGTH_UNIT ( ) NAMED_UNIT ( * ) SI_UNIT ( .MILLI., .METRE. ) );
#6844 = DIRECTION ( 'NONE',  ( 0.000000000000000000, -0.000000000000000000, 1.000000000000000000 ) ) ;
#6845 = ADVANCED_FACE ( 'NONE', ( #5301 ), #3185, .T. ) ;
#6846 = UNCERTAINTY_MEASURE_WITH_UNIT (LENGTH_MEASURE( 1.000000000000000082E-05 ), #2591, 'distance_accuracy_value', 'NONE');
#6847 = VECTOR ( 'NONE', #4748, 1000.000000000000000 ) ;
#6848 = DIRECTION ( 'NONE',  ( 0.000000000000000000, 0.000000000000000000, 1.000000000000000000 ) ) ;
#6849 = DIRECTION ( 'NONE',  ( -1.000000000000000000, 0.000000000000000000, -9.035018104045885485E-17 ) ) ;
#6850 = CARTESIAN_POINT ( 'NONE',  ( -1.232363423129054558, 1.100000000000000089, -1.278016617393437526 ) ) ;
#6851 = CIRCLE ( 'NONE', #4518, 0.09999999999999917288 ) ;
#6852 = ORIENTED_EDGE ( 'NONE', *, *, #2450, .T. ) ;
#6853 = CARTESIAN_POINT ( 'NONE',  ( 1.326794919243081683, 0.4500000000000000111, -1.475000000000000533 ) ) ;
#6854 = MECHANICAL_DESIGN_GEOMETRIC_PRESENTATION_REPRESENTATION (  '', ( #6218 ), #7121 ) ;
#6855 = ORIENTED_EDGE ( 'NONE', *, *, #3635, .F. ) ;
#6856 = DIRECTION ( 'NONE',  ( -0.000000000000000000, 1.000000000000000000, 0.000000000000000000 ) ) ;
#6857 = CARTESIAN_POINT ( 'NONE',  ( -1.500000000000000222, 2.065549442140357073, 0.000000000000000000 ) ) ;
#6858 = EDGE_CURVE ( 'NONE', #4736, #7153, #6869, .T. ) ;
#6859 = ADVANCED_FACE ( 'NONE', ( #3146 ), #7511, .F. ) ;
#6860 = STYLED_ITEM ( 'NONE', ( #5734 ), #7328 ) ;
#6861 = ORIENTED_EDGE ( 'NONE', *, *, #6342, .T. ) ;
#6862 = COLOUR_RGB ( '',0.7529411764705882248, 0.7529411764705882248, 0.7529411764705882248 ) ;
#6863 = CARTESIAN_POINT ( 'NONE',  ( -1.500000000000000000, 1.000000000000000000, -1.199999999999998179 ) ) ;
#6864 = EDGE_LOOP ( 'NONE', ( #1903, #4187, #5898, #3391 ) ) ;
#6865 = STYLED_ITEM ( 'NONE', ( #3645 ), #7503 ) ;
#6866 = CARTESIAN_POINT ( 'NONE',  ( 0.7499999999999993339, 0.4499999999999999001, 1.355252715606879803E-16 ) ) ;
#6867 = STYLED_ITEM ( 'NONE', ( #3481 ), #6547 ) ;
#6868 = EDGE_LOOP ( 'NONE', ( #6387, #1938, #6896, #2732 ) ) ;
#6869 = LINE ( 'NONE', #6146, #3636 ) ;
#6870 = LINE ( 'NONE', #4961, #7646 ) ;
#6871 = EDGE_CURVE ( 'NONE', #1262, #6203, #7258, .T. ) ;
#6872 = SURFACE_STYLE_FILL_AREA ( #4272 ) ;
#6873 = DIRECTION ( 'NONE',  ( -0.000000000000000000, 0.000000000000000000, -1.000000000000000000 ) ) ;
#6874 = ORIENTED_EDGE ( 'NONE', *, *, #6077, .F. ) ;
#6875 =( GEOMETRIC_REPRESENTATION_CONTEXT ( 3 ) GLOBAL_UNCERTAINTY_ASSIGNED_CONTEXT ( ( #3556 ) ) GLOBAL_UNIT_ASSIGNED_CONTEXT ( ( #4280, #3746, #7519 ) ) REPRESENTATION_CONTEXT ( 'NONE', 'WORKASPACE' ) );
#6876 = MECHANICAL_DESIGN_GEOMETRIC_PRESENTATION_REPRESENTATION (  '', ( #7253 ), #516 ) ;
#6877 = CARTESIAN_POINT ( 'NONE',  ( 1.499999999999999778, 0.4500000000000000666, -0.1749999999999998224 ) ) ;
#6878 = LINE ( 'NONE', #5545, #5774 ) ;
#6879 = DIRECTION ( 'NONE',  ( 0.000000000000000000, -1.000000000000000000, 0.000000000000000000 ) ) ;
#6880 = VECTOR ( 'NONE', #2319, 1000.000000000000000 ) ;
#6881 = SURFACE_STYLE_FILL_AREA ( #5672 ) ;
#6882 = EDGE_CURVE ( 'NONE', #4863, #2556, #6907, .T. ) ;
#6883 = PRESENTATION_STYLE_ASSIGNMENT (( #1918 ) ) ;
#6884 = ORIENTED_EDGE ( 'NONE', *, *, #810, .T. ) ;
#6885 = CYLINDRICAL_SURFACE ( 'NONE', #933, 0.09999999999999917288 ) ;
#6886 = CARTESIAN_POINT ( 'NONE',  ( 1.499999999999999778, 0.4500000000000001221, -1.500000000000000444 ) ) ;
#6887 = ORIENTED_EDGE ( 'NONE', *, *, #505, .F. ) ;
#6888 = FILL_AREA_STYLE_COLOUR ( '', #4482 ) ;
#6889 = UNCERTAINTY_MEASURE_WITH_UNIT (LENGTH_MEASURE( 1.000000000000000082E-05 ), #4964, 'distance_accuracy_value', 'NONE');
#6890 = SURFACE_STYLE_FILL_AREA ( #1189 ) ;
#6891 = FACE_OUTER_BOUND ( 'NONE', #3231, .T. ) ;
#6892 =( NAMED_UNIT ( * ) SI_UNIT ( $, .STERADIAN. ) SOLID_ANGLE_UNIT ( ) );
#6893 = CARTESIAN_POINT ( 'NONE',  ( -1.054999999999999938, 1.100000000000000089, -1.196724290456661510 ) ) ;
#6894 = ORIENTED_EDGE ( 'NONE', *, *, #2450, .F. ) ;
#6895 = SURFACE_STYLE_FILL_AREA ( #180 ) ;
#6896 = ORIENTED_EDGE ( 'NONE', *, *, #2258, .F. ) ;
#6897 = ORIENTED_EDGE ( 'NONE', *, *, #2437, .F. ) ;
#6898 =( NAMED_UNIT ( * ) PLANE_ANGLE_UNIT ( ) SI_UNIT ( $, .RADIAN. ) );
#6899 = ORIENTED_EDGE ( 'NONE', *, *, #248, .T. ) ;
#6900 = FILL_AREA_STYLE_COLOUR ( '', #1613 ) ;
#6901 = PLANE ( 'NONE',  #5913 ) ;
#6902 = EDGE_CURVE ( 'NONE', #5866, #6339, #6188, .T. ) ;
#6903 = ADVANCED_FACE ( 'NONE', ( #7958 ), #5535, .F. ) ;
#6904 = EDGE_LOOP ( 'NONE', ( #931, #3017, #6476, #6894 ) ) ;
#6905 = CARTESIAN_POINT ( 'NONE',  ( 0.7499999999999992228, 0.000000000000000000, 1.474999999999999645 ) ) ;
#6906 = VERTEX_POINT ( 'NONE', #3270 ) ;
#6908 = AXIS2_PLACEMENT_3D ( 'NONE', #5334, #4099, #2772 ) ;
#6907 = LINE ( 'NONE', #1253, #5991 ) ;
#6909 =( NAMED_UNIT ( * ) SI_UNIT ( $, .STERADIAN. ) SOLID_ANGLE_UNIT ( ) );
#6910 = UNCERTAINTY_MEASURE_WITH_UNIT (LENGTH_MEASURE( 1.000000000000000082E-05 ), #5499, 'distance_accuracy_value', 'NONE');
#6911 = DIRECTION ( 'NONE',  ( 0.000000000000000000, -1.000000000000000000, 0.000000000000000000 ) ) ;
#6912 = EDGE_LOOP ( 'NONE', ( #2959, #6215, #1960, #5655 ) ) ;
#6913 = EDGE_CURVE ( 'NONE', #7455, #5681, #259, .T. ) ;
#6914 = CARTESIAN_POINT ( 'NONE',  ( 1.399999999999999689, 0.4500000000000000666, 1.400000000000000133 ) ) ;
#6915 = DIRECTION ( 'NONE',  ( 1.000000000000000000, 0.000000000000000000, -7.518805289812394929E-16 ) ) ;
#6916 = FACE_OUTER_BOUND ( 'NONE', #4551, .T. ) ;
#6917 = DIRECTION ( 'NONE',  ( 0.000000000000000000, -1.000000000000000000, 0.000000000000000000 ) ) ;
#6918 =( GEOMETRIC_REPRESENTATION_CONTEXT ( 3 ) GLOBAL_UNCERTAINTY_ASSIGNED_CONTEXT ( ( #4043 ) ) GLOBAL_UNIT_ASSIGNED_CONTEXT ( ( #304, #3450, #6502 ) ) REPRESENTATION_CONTEXT ( 'NONE', 'WORKASPACE' ) );
#6919 = APPLICATION_CONTEXT ( 'automotive_design' ) ;
#6920 = LINE ( 'NONE', #4480, #3806 ) ;
#6921 = ORIENTED_EDGE ( 'NONE', *, *, #6571, .F. ) ;
#6922 =( LENGTH_UNIT ( ) NAMED_UNIT ( * ) SI_UNIT ( .MILLI., .METRE. ) );
#6923 = EDGE_CURVE ( 'NONE', #4881, #621, #7652, .T. ) ;
#6924 = PRESENTATION_LAYER_ASSIGNMENT (  '', '', ( #3799 ) ) ;
#6925 = DIRECTION ( 'NONE',  ( -1.000000000000000000, -0.000000000000000000, -0.000000000000000000 ) ) ;
#6926 = ORIENTED_EDGE ( 'NONE', *, *, #2225, .F. ) ;
#6927 = DIRECTION ( 'NONE',  ( 0.000000000000000000, 0.000000000000000000, -1.000000000000000000 ) ) ;
#6928 = DIRECTION ( 'NONE',  ( 0.000000000000000000, -0.000000000000000000, 1.000000000000000000 ) ) ;
#6929 =( NAMED_UNIT ( * ) SI_UNIT ( $, .STERADIAN. ) SOLID_ANGLE_UNIT ( ) );
#6930 = CIRCLE ( 'NONE', #7305, 0.1499999999999999667 ) ;
#6931 = VECTOR ( 'NONE', #2026, 1000.000000000000000 ) ;
#6932 = SURFACE_SIDE_STYLE ('',( #3169 ) ) ;
#6933 = PRODUCT ( 'B39431B3710U410', 'B39431B3710U410', '', ( #4734 ) ) ;
#6934 = LINE ( 'NONE', #5608, #4857 ) ;
#6935 = DIRECTION ( 'NONE',  ( 9.912705577010349018E-15, 0.000000000000000000, -1.000000000000000000 ) ) ;
#6936 = ORIENTED_EDGE ( 'NONE', *, *, #8011, .T. ) ;
#6937 = VECTOR ( 'NONE', #3215, 1000.000000000000000 ) ;
#6938 = VERTEX_POINT ( 'NONE', #7674 ) ;
#6939 = AXIS2_PLACEMENT_3D ( 'NONE', #2388, #470, #3082 ) ;
#6940 = ORIENTED_EDGE ( 'NONE', *, *, #692, .T. ) ;
#6941 = FACE_OUTER_BOUND ( 'NONE', #3526, .T. ) ;
#6942 = UNCERTAINTY_MEASURE_WITH_UNIT (LENGTH_MEASURE( 1.000000000000000082E-05 ), #6414, 'distance_accuracy_value', 'NONE');
#6943 = VECTOR ( 'NONE', #3904, 1000.000000000000000 ) ;
#6944 = SURFACE_SIDE_STYLE ('',( #114 ) ) ;
#6945 = STYLED_ITEM ( 'NONE', ( #111 ), #2758 ) ;
#6946 = DIRECTION ( 'NONE',  ( 0.000000000000000000, 0.000000000000000000, 1.000000000000000000 ) ) ;
#6947 = VERTEX_POINT ( 'NONE', #2032 ) ;
#6948 = SURFACE_SIDE_STYLE ('',( #5078 ) ) ;
#6949 = VECTOR ( 'NONE', #302, 1000.000000000000000 ) ;
#6950 = ORIENTED_EDGE ( 'NONE', *, *, #4722, .T. ) ;
#6951 = DIRECTION ( 'NONE',  ( 0.000000000000000000, 0.000000000000000000, -1.000000000000000000 ) ) ;
#6952 = VECTOR ( 'NONE', #5889, 1000.000000000000000 ) ;
#6953 = EDGE_CURVE ( 'NONE', #1155, #6303, #6355, .T. ) ;
#6954 = DIRECTION ( 'NONE',  ( -0.000000000000000000, 1.000000000000000000, -0.000000000000000000 ) ) ;
#6955 = ORIENTED_EDGE ( 'NONE', *, *, #2942, .F. ) ;
#6956 = COLOUR_RGB ( '',0.2509803921568627416, 0.2509803921568627416, 0.2509803921568627416 ) ;
#6957 = STYLED_ITEM ( 'NONE', ( #5043 ), #2398 ) ;
#6958 = CARTESIAN_POINT ( 'NONE',  ( 0.7499999999999997780, 0.4500000000000000666, -0.9000000000000005773 ) ) ;
#6959 = MECHANICAL_DESIGN_GEOMETRIC_PRESENTATION_REPRESENTATION (  '', ( #706 ), #7983 ) ;
#6960 = MECHANICAL_DESIGN_GEOMETRIC_PRESENTATION_REPRESENTATION (  '', ( #4100 ), #4628 ) ;
#6961 = SURFACE_SIDE_STYLE ('',( #6523 ) ) ;
#6962 = SURFACE_SIDE_STYLE ('',( #4558 ) ) ;
#6963 = FILL_AREA_STYLE ('',( #4476 ) ) ;
#6964 = AXIS2_PLACEMENT_3D ( 'NONE', #2143, #3922, #7094 ) ;
#6965 = AXIS2_PLACEMENT_3D ( 'NONE', #1811, #3136, #2442 ) ;
#6966 = EDGE_CURVE ( 'NONE', #4990, #3227, #6399, .T. ) ;
#6967 = PRESENTATION_STYLE_ASSIGNMENT (( #826 ) ) ;
#6968 = ORIENTED_EDGE ( 'NONE', *, *, #1593, .F. ) ;
#6969 = COLOUR_RGB ( '',1.000000000000000000, 0.8117647058823529438, 0.5019607843137254832 ) ;
#6970 = DIRECTION ( 'NONE',  ( 0.000000000000000000, 0.000000000000000000, -1.000000000000000000 ) ) ;
#6971 =( NAMED_UNIT ( * ) SI_UNIT ( $, .STERADIAN. ) SOLID_ANGLE_UNIT ( ) );
#6972 = VECTOR ( 'NONE', #792, 1000.000000000000000 ) ;
#6973 = ORIENTED_EDGE ( 'NONE', *, *, #956, .T. ) ;
#6974 = CARTESIAN_POINT ( 'NONE',  ( 1.499999999999999778, 2.065549442140357073, 3.122502256758252770E-14 ) ) ;
#6975 = CARTESIAN_POINT ( 'NONE',  ( -0.7499999999999992228, 0.4500000000000001221, 0.9000000000000005773 ) ) ;
#6976 = CARTESIAN_POINT ( 'NONE',  ( 1.499999999999999778, 2.065549442140357073, 1.324999999999969980 ) ) ;
#6977 = DIRECTION ( 'NONE',  ( 1.000000000000000000, -0.000000000000000000, 0.000000000000000000 ) ) ;
#6978 = EDGE_CURVE ( 'NONE', #3850, #3973, #7711, .T. ) ;
#6979 = AXIS2_PLACEMENT_3D ( 'NONE', #1671, #6458, #2751 ) ;
#6980 = DIRECTION ( 'NONE',  ( -0.000000000000000000, 1.000000000000000000, -0.000000000000000000 ) ) ;
#6981 = SURFACE_STYLE_USAGE ( .BOTH. , #2014 ) ;
#6982 = CARTESIAN_POINT ( 'NONE',  ( 1.499999999999999778, 0.000000000000000000, -1.500000000000000444 ) ) ;
#6983 = ORIENTED_EDGE ( 'NONE', *, *, #3930, .F. ) ;
#6984 = DIRECTION ( 'NONE',  ( -1.156482317317871922E-15, 0.000000000000000000, -1.000000000000000000 ) ) ;
#6985 = ORIENTED_EDGE ( 'NONE', *, *, #772, .T. ) ;
#6986 = ORIENTED_EDGE ( 'NONE', *, *, #5120, .T. ) ;
#6987 = DIRECTION ( 'NONE',  ( 0.000000000000000000, -0.000000000000000000, 1.000000000000000000 ) ) ;
#6988 = CIRCLE ( 'NONE', #751, 0.1750000000000000167 ) ;
#6989 =( NAMED_UNIT ( * ) PLANE_ANGLE_UNIT ( ) SI_UNIT ( $, .RADIAN. ) );
#6990 = ORIENTED_EDGE ( 'NONE', *, *, #7061, .T. ) ;
#6991 = MECHANICAL_DESIGN_GEOMETRIC_PRESENTATION_REPRESENTATION (  '', ( #3234 ), #2057 ) ;
#6992 = CARTESIAN_POINT ( 'NONE',  ( 0.1499999999999998279, 0.000000000000000000, -1.499999999999999778 ) ) ;
#6993 =( GEOMETRIC_REPRESENTATION_CONTEXT ( 3 ) GLOBAL_UNCERTAINTY_ASSIGNED_CONTEXT ( ( #527 ) ) GLOBAL_UNIT_ASSIGNED_CONTEXT ( ( #5740, #5329, #5251 ) ) REPRESENTATION_CONTEXT ( 'NONE', 'WORKASPACE' ) );
#6994 = ORIENTED_EDGE ( 'NONE', *, *, #1234, .T. ) ;
#6995 = ORIENTED_EDGE ( 'NONE', *, *, #7930, .T. ) ;
#6996 = DIRECTION ( 'NONE',  ( 0.000000000000000000, 0.000000000000000000, -1.000000000000000000 ) ) ;
#6997 = LINE ( 'NONE', #733, #4805 ) ;
#6998 = MECHANICAL_DESIGN_GEOMETRIC_PRESENTATION_REPRESENTATION (  '', ( #1927 ), #7364 ) ;
#6999 = UNCERTAINTY_MEASURE_WITH_UNIT (LENGTH_MEASURE( 1.000000000000000082E-05 ), #2099, 'distance_accuracy_value', 'NONE');
#7000 = CARTESIAN_POINT ( 'NONE',  ( -1.200000000000000178, 1.050000000000000488, -1.199999999999998179 ) ) ;
#7001 = EDGE_CURVE ( 'NONE', #365, #4274, #6997, .T. ) ;
#7002 = LINE ( 'NONE', #6486, #7226 ) ;
#7003 = UNCERTAINTY_MEASURE_WITH_UNIT (LENGTH_MEASURE( 1.000000000000000082E-05 ), #559, 'distance_accuracy_value', 'NONE');
#7004 = STYLED_ITEM ( 'NONE', ( #4641 ), #6706 ) ;
#7005 = AXIS2_PLACEMENT_3D ( 'NONE', #7666, #691, #5658 ) ;
#7006 = FILL_AREA_STYLE ('',( #2659 ) ) ;
#7007 = VERTEX_POINT ( 'NONE', #817 ) ;
#7008 = CARTESIAN_POINT ( 'NONE',  ( 1.475000000000000311, 2.065549442140357073, 0.9000000000000005773 ) ) ;
#7009 =( NAMED_UNIT ( * ) PLANE_ANGLE_UNIT ( ) SI_UNIT ( $, .RADIAN. ) );
#7010 = EDGE_CURVE ( 'NONE', #2984, #1765, #5213, .T. ) ;
#7011 =( GEOMETRIC_REPRESENTATION_CONTEXT ( 3 ) GLOBAL_UNCERTAINTY_ASSIGNED_CONTEXT ( ( #5428 ) ) GLOBAL_UNIT_ASSIGNED_CONTEXT ( ( #1651, #4097, #932 ) ) REPRESENTATION_CONTEXT ( 'NONE', 'WORKASPACE' ) );
#7012 = PRESENTATION_LAYER_ASSIGNMENT (  '', '', ( #2475 ) ) ;
#7013 = EDGE_CURVE ( 'NONE', #1924, #6786, #3890, .T. ) ;
#7014 = ORIENTED_EDGE ( 'NONE', *, *, #407, .F. ) ;
#7015 = DIRECTION ( 'NONE',  ( 0.000000000000000000, -1.000000000000000000, -0.000000000000000000 ) ) ;
#7016 = SURFACE_SIDE_STYLE ('',( #7608 ) ) ;
#7017 = AXIS2_PLACEMENT_3D ( 'NONE', #6071, #335, #3475 ) ;
#7018 = PLANE ( 'NONE',  #3663 ) ;
#7019 = CARTESIAN_POINT ( 'NONE',  ( 0.000000000000000000, 0.000000000000000000, 1.500000000000000222 ) ) ;
#7020 =( LENGTH_UNIT ( ) NAMED_UNIT ( * ) SI_UNIT ( .MILLI., .METRE. ) );
#7021 = EDGE_CURVE ( 'NONE', #7583, #4218, #1286, .T. ) ;
#7022 = VERTEX_POINT ( 'NONE', #3902 ) ;
#7023 = ORIENTED_EDGE ( 'NONE', *, *, #7543, .F. ) ;
#7024 = DIRECTION ( 'NONE',  ( -0.000000000000000000, 0.000000000000000000, -1.000000000000000000 ) ) ;
#7025 = LINE ( 'NONE', #4271, #3390 ) ;
#7026 = FILL_AREA_STYLE_COLOUR ( '', #2962 ) ;
#7027 = ORIENTED_EDGE ( 'NONE', *, *, #7109, .F. ) ;
#7028 = LINE ( 'NONE', #5166, #7302 ) ;
#7029 = EDGE_CURVE ( 'NONE', #4912, #8009, #7585, .T. ) ;
#7030 = ORIENTED_EDGE ( 'NONE', *, *, #5442, .F. ) ;
#7031 =( NAMED_UNIT ( * ) SI_UNIT ( $, .STERADIAN. ) SOLID_ANGLE_UNIT ( ) );
#7032 = VERTEX_POINT ( 'NONE', #7034 ) ;
#7033 = CARTESIAN_POINT ( 'NONE',  ( -0.7499999999999994449, 0.000000000000000000, 0.000000000000000000 ) ) ;
#7034 = CARTESIAN_POINT ( 'NONE',  ( 1.475000000000000311, 0.4500000000000000666, -0.3000000000000005995 ) ) ;
#7035 = PRESENTATION_STYLE_ASSIGNMENT (( #6479 ) ) ;
#7036 = DIRECTION ( 'NONE',  ( 0.000000000000000000, 1.000000000000000000, 0.000000000000000000 ) ) ;
#7037 = CARTESIAN_POINT ( 'NONE',  ( -1.500000000000000222, 0.4499999999999999001, -1.500000000000000444 ) ) ;
#7038 = SURFACE_STYLE_USAGE ( .BOTH. , #6401 ) ;
#7039 =( GEOMETRIC_REPRESENTATION_CONTEXT ( 3 ) GLOBAL_UNCERTAINTY_ASSIGNED_CONTEXT ( ( #5250 ) ) GLOBAL_UNIT_ASSIGNED_CONTEXT ( ( #5959, #371, #3938 ) ) REPRESENTATION_CONTEXT ( 'NONE', 'WORKASPACE' ) );
#7040 = FILL_AREA_STYLE ('',( #3986 ) ) ;
#7041 = PRESENTATION_STYLE_ASSIGNMENT (( #4033 ) ) ;
#7042 = DIRECTION ( 'NONE',  ( -1.000000000000000000, 0.000000000000000000, 1.156482317317871922E-15 ) ) ;
#7043 = COLOUR_RGB ( '',1.000000000000000000, 0.8117647058823529438, 0.5019607843137254832 ) ;
#7044 = ORIENTED_EDGE ( 'NONE', *, *, #1234, .F. ) ;
#7045 =( NAMED_UNIT ( * ) PLANE_ANGLE_UNIT ( ) SI_UNIT ( $, .RADIAN. ) );
#7046 = DIRECTION ( 'NONE',  ( 0.000000000000000000, -1.000000000000000000, 0.000000000000000000 ) ) ;
#7047 = ORIENTED_EDGE ( 'NONE', *, *, #2856, .T. ) ;
#7048 = PRESENTATION_LAYER_ASSIGNMENT (  '', '', ( #6537 ) ) ;
#7049 = FACE_OUTER_BOUND ( 'NONE', #6463, .T. ) ;
#7050 = CARTESIAN_POINT ( 'NONE',  ( -2.168404344971008868E-16, 0.4500000000000000666, 1.499999999999984679 ) ) ;
#7051 = EDGE_CURVE ( 'NONE', #3535, #4723, #2612, .T. ) ;
#7052 = FILL_AREA_STYLE_COLOUR ( '', #7043 ) ;
#7053 = CARTESIAN_POINT ( 'NONE',  ( -1.500000000000000222, 2.065549442140357073, 1.324999999999999734 ) ) ;
#7054 = ORIENTED_EDGE ( 'NONE', *, *, #3820, .F. ) ;
#7055 = SURFACE_STYLE_USAGE ( .BOTH. , #7616 ) ;
#7056 = VERTEX_POINT ( 'NONE', #896 ) ;
#7057 = DIRECTION ( 'NONE',  ( -0.000000000000000000, 1.000000000000000000, -0.000000000000000000 ) ) ;
#7058 = LINE ( 'NONE', #5394, #3880 ) ;
#7059 =( LENGTH_UNIT ( ) NAMED_UNIT ( * ) SI_UNIT ( .MILLI., .METRE. ) );
#7060 = EDGE_LOOP ( 'NONE', ( #6079, #406, #3063, #151 ) ) ;
#7061 = EDGE_CURVE ( 'NONE', #780, #6938, #3351, .T. ) ;
#7062 = PRESENTATION_STYLE_ASSIGNMENT (( #2685 ) ) ;
#7063 = VECTOR ( 'NONE', #2129, 1000.000000000000000 ) ;
#7064 = SURFACE_STYLE_FILL_AREA ( #2764 ) ;
#7065 =( GEOMETRIC_REPRESENTATION_CONTEXT ( 3 ) GLOBAL_UNCERTAINTY_ASSIGNED_CONTEXT ( ( #5234 ) ) GLOBAL_UNIT_ASSIGNED_CONTEXT ( ( #4583, #1489, #3972 ) ) REPRESENTATION_CONTEXT ( 'NONE', 'WORKASPACE' ) );
#7066 = ORIENTED_EDGE ( 'NONE', *, *, #1328, .F. ) ;
#7067 = ORIENTED_EDGE ( 'NONE', *, *, #4866, .T. ) ;
#7068 = CARTESIAN_POINT ( 'NONE',  ( -1.400000000000000133, 0.9000000000000002442, -1.499999999999999556 ) ) ;
#7069 = CIRCLE ( 'NONE', #3568, 0.1499999999999999667 ) ;
#7070 = DIRECTION ( 'NONE',  ( 0.000000000000000000, 0.000000000000000000, -1.000000000000000000 ) ) ;
#7071 = CARTESIAN_POINT ( 'NONE',  ( -1.441421356237309270, 0.8999999999999996891, -1.199999999999998179 ) ) ;
#7072 = EDGE_CURVE ( 'NONE', #3090, #5756, #4462, .T. ) ;
#7073 = PLANE ( 'NONE',  #4871 ) ;
#7074 = CIRCLE ( 'NONE', #3575, 0.1499999999999999667 ) ;
#7075 = SURFACE_STYLE_FILL_AREA ( #2039 ) ;
#7076 = MECHANICAL_DESIGN_GEOMETRIC_PRESENTATION_REPRESENTATION (  '', ( #5543 ), #3201 ) ;
#7077 = SURFACE_SIDE_STYLE ('',( #1551 ) ) ;
#7078 = DIRECTION ( 'NONE',  ( 0.000000000000000000, 0.000000000000000000, 1.000000000000000000 ) ) ;
#7079 = EDGE_LOOP ( 'NONE', ( #3454, #5993, #3770, #6286 ) ) ;
#7080 = MECHANICAL_DESIGN_GEOMETRIC_PRESENTATION_REPRESENTATION (  '', ( #6447 ), #7325 ) ;
#7081 = VECTOR ( 'NONE', #5815, 1000.000000000000000 ) ;
#7082 = COLOUR_RGB ( '',1.000000000000000000, 0.8117647058823529438, 0.5019607843137254832 ) ;
#7083 = CARTESIAN_POINT ( 'NONE',  ( 1.475000000000000311, 0.4500000000000001221, -1.326794919243081905 ) ) ;
#7084 = ORIENTED_EDGE ( 'NONE', *, *, #2596, .F. ) ;
#7085 = CARTESIAN_POINT ( 'NONE',  ( 1.499999999999999112, 0.9000000000000001332, 1.199999999999997735 ) ) ;
#7086 = AXIS2_PLACEMENT_3D ( 'NONE', #327, #2279, #6062 ) ;
#7087 = LINE ( 'NONE', #261, #3969 ) ;
#7088 = FILL_AREA_STYLE_COLOUR ( '', #6202 ) ;
#7089 = MECHANICAL_DESIGN_GEOMETRIC_PRESENTATION_REPRESENTATION (  '', ( #7473 ), #6459 ) ;
#7090 = CARTESIAN_POINT ( 'NONE',  ( -1.199999999999999956, 0.9000000000000001332, 1.499999999999999112 ) ) ;
#7091 =( GEOMETRIC_REPRESENTATION_CONTEXT ( 3 ) GLOBAL_UNCERTAINTY_ASSIGNED_CONTEXT ( ( #4467 ) ) GLOBAL_UNIT_ASSIGNED_CONTEXT ( ( #4113, #987, #456 ) ) REPRESENTATION_CONTEXT ( 'NONE', 'WORKASPACE' ) );
#7092 = CYLINDRICAL_SURFACE ( 'NONE', #5357, 0.1749999999999996003 ) ;
#7093 = UNCERTAINTY_MEASURE_WITH_UNIT (LENGTH_MEASURE( 1.000000000000000082E-05 ), #7880, 'distance_accuracy_value', 'NONE');
#7094 = DIRECTION ( 'NONE',  ( 0.000000000000000000, 0.000000000000000000, -1.000000000000000000 ) ) ;
#7095 = ORIENTED_EDGE ( 'NONE', *, *, #3050, .F. ) ;
#7096 = VECTOR ( 'NONE', #5938, 1000.000000000000000 ) ;
#7097 = ORIENTED_EDGE ( 'NONE', *, *, #5745, .T. ) ;
#7098 = EDGE_CURVE ( 'NONE', #942, #4218, #2692, .T. ) ;
#7099 =( NAMED_UNIT ( * ) SI_UNIT ( $, .STERADIAN. ) SOLID_ANGLE_UNIT ( ) );
#7100 = SURFACE_SIDE_STYLE ('',( #5863 ) ) ;
#7101 = VECTOR ( 'NONE', #1578, 1000.000000000000000 ) ;
#7102 = SURFACE_STYLE_FILL_AREA ( #2845 ) ;
#7103 = ORIENTED_EDGE ( 'NONE', *, *, #7543, .T. ) ;
#7104 = SURFACE_STYLE_USAGE ( .BOTH. , #6512 ) ;
#7105 = CARTESIAN_POINT ( 'NONE',  ( 1.499999999999998668, 0.9000000000000001332, 1.282286866986338314 ) ) ;
#7106 = VECTOR ( 'NONE', #3640, 1000.000000000000000 ) ;
#7107 = ORIENTED_EDGE ( 'NONE', *, *, #204, .T. ) ;
#7108 = UNCERTAINTY_MEASURE_WITH_UNIT (LENGTH_MEASURE( 1.000000000000000082E-05 ), #3013, 'distance_accuracy_value', 'NONE');
#7109 = EDGE_CURVE ( 'NONE', #2018, #1094, #1612, .T. ) ;
#7110 = MECHANICAL_DESIGN_GEOMETRIC_PRESENTATION_REPRESENTATION (  '', ( #5304 ), #3485 ) ;
#7111 = VERTEX_POINT ( 'NONE', #3538 ) ;
#7112 = EDGE_CURVE ( 'NONE', #6590, #761, #1691, .T. ) ;
#7113 = CARTESIAN_POINT ( 'NONE',  ( -1.500000000000000222, 2.065549442140357073, 0.000000000000000000 ) ) ;
#7114 = CARTESIAN_POINT ( 'NONE',  ( 1.499999999999999778, 0.4499999999999999001, -3.122502256758252770E-14 ) ) ;
#7115 = VECTOR ( 'NONE', #2282, 1000.000000000000000 ) ;
#7116 =( LENGTH_UNIT ( ) NAMED_UNIT ( * ) SI_UNIT ( .MILLI., .METRE. ) );
#7117 =( LENGTH_UNIT ( ) NAMED_UNIT ( * ) SI_UNIT ( .MILLI., .METRE. ) );
#7118 = LINE ( 'NONE', #1580, #5729 ) ;
#7119 = EDGE_CURVE ( 'NONE', #5776, #605, #3500, .T. ) ;
#7120 = LINE ( 'NONE', #2040, #5169 ) ;
#7121 =( GEOMETRIC_REPRESENTATION_CONTEXT ( 3 ) GLOBAL_UNCERTAINTY_ASSIGNED_CONTEXT ( ( #2970 ) ) GLOBAL_UNIT_ASSIGNED_CONTEXT ( ( #395, #7783, #356 ) ) REPRESENTATION_CONTEXT ( 'NONE', 'WORKASPACE' ) );
#7122 = DIRECTION ( 'NONE',  ( 0.000000000000000000, 0.000000000000000000, -1.000000000000000000 ) ) ;
#7123 = FILL_AREA_STYLE ('',( #1509 ) ) ;
#7124 = ORIENTED_EDGE ( 'NONE', *, *, #3579, .T. ) ;
#7125 = VECTOR ( 'NONE', #7500, 1000.000000000000000 ) ;
#7126 = COLOUR_RGB ( '',1.000000000000000000, 0.8117647058823529438, 0.5019607843137254832 ) ;
#7127 = LINE ( 'NONE', #296, #7679 ) ;
#7128 = PRESENTATION_STYLE_ASSIGNMENT (( #7687 ) ) ;
#7129 = ADVANCED_FACE ( 'NONE', ( #6517 ), #5404, .F. ) ;
#7130 = ORIENTED_EDGE ( 'NONE', *, *, #116, .T. ) ;
#7131 =( LENGTH_UNIT ( ) NAMED_UNIT ( * ) SI_UNIT ( .MILLI., .METRE. ) );
#7132 = VECTOR ( 'NONE', #5242, 1000.000000000000000 ) ;
#7133 =( GEOMETRIC_REPRESENTATION_CONTEXT ( 3 ) GLOBAL_UNCERTAINTY_ASSIGNED_CONTEXT ( ( #6663 ) ) GLOBAL_UNIT_ASSIGNED_CONTEXT ( ( #7703, #5323, #4051 ) ) REPRESENTATION_CONTEXT ( 'NONE', 'WORKASPACE' ) );
#7134 = CARTESIAN_POINT ( 'NONE',  ( -0.7499999999999997780, 0.4500000000000000666, 0.000000000000000000 ) ) ;
#7135 = CARTESIAN_POINT ( 'NONE',  ( 1.399999999999999689, 0.9000000000000002442, -1.499999999999999778 ) ) ;
#7136 = AXIS2_PLACEMENT_3D ( 'NONE', #4059, #5910, #370 ) ;
#7137 = CARTESIAN_POINT ( 'NONE',  ( 0.000000000000000000, 0.000000000000000000, 0.9000000000000005773 ) ) ;
#7138 = UNCERTAINTY_MEASURE_WITH_UNIT (LENGTH_MEASURE( 1.000000000000000082E-05 ), #4546, 'distance_accuracy_value', 'NONE');
#7139 = SURFACE_SIDE_STYLE ('',( #3181 ) ) ;
#7140 = DIRECTION ( 'NONE',  ( 0.000000000000000000, -1.000000000000000000, 0.000000000000000000 ) ) ;
#7141 = ORIENTED_EDGE ( 'NONE', *, *, #4674, .F. ) ;
#7142 = CARTESIAN_POINT ( 'NONE',  ( 1.326794919243081905, 0.000000000000000000, 1.474999999999999645 ) ) ;
#7143 = ORIENTED_EDGE ( 'NONE', *, *, #7951, .T. ) ;
#7144 =( GEOMETRIC_REPRESENTATION_CONTEXT ( 3 ) GLOBAL_UNCERTAINTY_ASSIGNED_CONTEXT ( ( #6193 ) ) GLOBAL_UNIT_ASSIGNED_CONTEXT ( ( #2366, #5876, #7638 ) ) REPRESENTATION_CONTEXT ( 'NONE', 'WORKASPACE' ) );
#7145 = LINE ( 'NONE', #7176, #1542 ) ;
#7146 = CARTESIAN_POINT ( 'NONE',  ( 0.000000000000000000, 0.000000000000000000, 0.9000000000000005773 ) ) ;
#7147 = DIRECTION ( 'NONE',  ( 1.000000000000000000, -0.000000000000000000, 0.000000000000000000 ) ) ;
#7148 = ORIENTED_EDGE ( 'NONE', *, *, #1994, .T. ) ;
#7149 = CARTESIAN_POINT ( 'NONE',  ( 1.475000000000000311, 2.065549442140357073, 0.000000000000000000 ) ) ;
#7150 = AXIS2_PLACEMENT_3D ( 'NONE', #1251, #6709, #3732 ) ;
#7151 = ORIENTED_EDGE ( 'NONE', *, *, #4823, .T. ) ;
#7152 = CARTESIAN_POINT ( 'NONE',  ( -1.500000000000000222, 0.4500000000000000666, -0.1750000000000001277 ) ) ;
#7153 = VERTEX_POINT ( 'NONE', #4792 ) ;
#7154 = DIRECTION ( 'NONE',  ( 1.000000000000000000, 0.000000000000000000, 0.000000000000000000 ) ) ;
#7155 = SURFACE_STYLE_FILL_AREA ( #3472 ) ;
#7156 = DIRECTION ( 'NONE',  ( 0.000000000000000000, -0.000000000000000000, 1.000000000000000000 ) ) ;
#7157 = ADVANCED_FACE ( 'NONE', ( #6662 ), #4715, .T. ) ;
#7158 = CARTESIAN_POINT ( 'NONE',  ( -1.475000000000000089, 0.000000000000000000, 0.000000000000000000 ) ) ;
#7159 = LINE ( 'NONE', #4103, #323 ) ;
#7160 = CARTESIAN_POINT ( 'NONE',  ( 1.499999999999999778, 0.4500000000000001221, 0.1750000000000000444 ) ) ;
#7161 = ORIENTED_EDGE ( 'NONE', *, *, #5888, .T. ) ;
#7162 = EDGE_CURVE ( 'NONE', #5520, #5200, #1575, .T. ) ;
#7163 = LINE ( 'NONE', #7848, #6707 ) ;
#7164 = CARTESIAN_POINT ( 'NONE',  ( 0.000000000000000000, 0.000000000000000000, -1.499999999999999778 ) ) ;
#7165 =( NAMED_UNIT ( * ) PLANE_ANGLE_UNIT ( ) SI_UNIT ( $, .RADIAN. ) );
#7166 = STYLED_ITEM ( 'NONE', ( #3441 ), #5926 ) ;
#7167 = EDGE_CURVE ( 'NONE', #49, #5060, #6063, .T. ) ;
#7168 = PRESENTATION_STYLE_ASSIGNMENT (( #266 ) ) ;
#7169 = DIRECTION ( 'NONE',  ( 0.000000000000000000, -1.000000000000000000, 0.000000000000000000 ) ) ;
#7170 = MECHANICAL_DESIGN_GEOMETRIC_PRESENTATION_REPRESENTATION (  '', ( #5235 ), #4320 ) ;
#7171 = CARTESIAN_POINT ( 'NONE',  ( 1.475000000000000311, 2.065549442140357073, -0.3000000000000004330 ) ) ;
#7172 = VERTEX_POINT ( 'NONE', #5522 ) ;
#7173 = DIRECTION ( 'NONE',  ( 0.000000000000000000, 0.000000000000000000, -1.000000000000000000 ) ) ;
#7174 = ORIENTED_EDGE ( 'NONE', *, *, #5422, .T. ) ;
#7175 = CARTESIAN_POINT ( 'NONE',  ( 1.499999999999999778, 0.4500000000000000666, 0.000000000000000000 ) ) ;
#7176 = CARTESIAN_POINT ( 'NONE',  ( -1.400000000000000133, 0.9000000000000002442, 1.499999999999999112 ) ) ;
#7177 = DIRECTION ( 'NONE',  ( 0.000000000000000000, 0.000000000000000000, -1.000000000000000000 ) ) ;
#7178 = SURFACE_STYLE_FILL_AREA ( #3607 ) ;
#7179 = VERTEX_POINT ( 'NONE', #1732 ) ;
#7180 = CARTESIAN_POINT ( 'NONE',  ( -1.400000000000000133, 0.4500000000000000666, 1.500000000000000222 ) ) ;
#7181 = ORIENTED_EDGE ( 'NONE', *, *, #7696, .T. ) ;
#7182 = VECTOR ( 'NONE', #4562, 1000.000000000000000 ) ;
#7183 = VERTEX_POINT ( 'NONE', #4379 ) ;
#7184 = SURFACE_SIDE_STYLE ('',( #1611 ) ) ;
#7185 = PRESENTATION_STYLE_ASSIGNMENT (( #1081 ) ) ;
#7186 = CARTESIAN_POINT ( 'NONE',  ( 1.499999999999999778, 0.9000000000000002442, -1.399999999999999689 ) ) ;
#7187 = COLOUR_RGB ( '',1.000000000000000000, 0.8117647058823529438, 0.5019607843137254832 ) ;
#7188 = SURFACE_STYLE_USAGE ( .BOTH. , #331 ) ;
#7189 = MECHANICAL_DESIGN_GEOMETRIC_PRESENTATION_REPRESENTATION (  '', ( #6291 ), #7065 ) ;
#7190 = CARTESIAN_POINT ( 'NONE',  ( 1.199999999999999512, 0.9414213562373099364, 1.399999999999997691 ) ) ;
#7191 = DIRECTION ( 'NONE',  ( 0.000000000000000000, 0.000000000000000000, -1.000000000000000000 ) ) ;
#7192 = STYLED_ITEM ( 'NONE', ( #3106 ), #4237 ) ;
#7193 =( LENGTH_UNIT ( ) NAMED_UNIT ( * ) SI_UNIT ( .MILLI., .METRE. ) );
#7194 = ADVANCED_FACE ( 'NONE', ( #3654 ), #3091, .F. ) ;
#7195 =( GEOMETRIC_REPRESENTATION_CONTEXT ( 3 ) GLOBAL_UNCERTAINTY_ASSIGNED_CONTEXT ( ( #6542 ) ) GLOBAL_UNIT_ASSIGNED_CONTEXT ( ( #1346, #6254, #6929 ) ) REPRESENTATION_CONTEXT ( 'NONE', 'WORKASPACE' ) );
#7196 = ORIENTED_EDGE ( 'NONE', *, *, #2005, .F. ) ;
#7197 = AXIS2_PLACEMENT_3D ( 'NONE', #3381, #5862, #6343 ) ;
#7198 = SURFACE_STYLE_USAGE ( .BOTH. , #7811 ) ;
#7199 = DIRECTION ( 'NONE',  ( 0.000000000000000000, 0.000000000000000000, -1.000000000000000000 ) ) ;
#7200 = PRESENTATION_STYLE_ASSIGNMENT (( #2299 ) ) ;
#7201 = EDGE_CURVE ( 'NONE', #7873, #55, #3115, .T. ) ;
#7202 = FACE_OUTER_BOUND ( 'NONE', #5265, .T. ) ;
#7203 = AXIS2_PLACEMENT_3D ( 'NONE', #4249, #7319, #4206 ) ;
#7204 = CLOSED_SHELL ( 'NONE', ( #7550, #3767, #3629, #3197, #1964, #5577, #5779, #1407, #6034, #2253, #4111, #146, #4190, #7716, #6425, #5065, #4766, #5953, #6330 ) ) ;
#7205 = CARTESIAN_POINT ( 'NONE',  ( 1.499999999999999778, 2.065549442140357073, -0.1500000000000311917 ) ) ;
#7206 = VECTOR ( 'NONE', #2547, 1000.000000000000000 ) ;
#7207 = DIRECTION ( 'NONE',  ( 0.000000000000000000, 0.000000000000000000, 1.000000000000000000 ) ) ;
#7208 = DIRECTION ( 'NONE',  ( 0.000000000000000000, 0.000000000000000000, 1.000000000000000000 ) ) ;
#7209 = APPLICATION_PROTOCOL_DEFINITION ( 'draft international standard', 'automotive_design', 1998, #471 ) ;
#7210 = PRESENTATION_LAYER_ASSIGNMENT (  '', '', ( #2684 ) ) ;
#7211 = ORIENTED_EDGE ( 'NONE', *, *, #1546, .T. ) ;
#7212 = VERTEX_POINT ( 'NONE', #5615 ) ;
#7213 = EDGE_CURVE ( 'NONE', #2851, #4912, #237, .T. ) ;
#7214 = AXIS2_PLACEMENT_3D ( 'NONE', #3103, #1178, #3665 ) ;
#7215 = FACE_OUTER_BOUND ( 'NONE', #632, .T. ) ;
#7216 = DIRECTION ( 'NONE',  ( -0.000000000000000000, 1.000000000000000000, -0.000000000000000000 ) ) ;
#7217 = VECTOR ( 'NONE', #1143, 1000.000000000000000 ) ;
#7218 = ORIENTED_EDGE ( 'NONE', *, *, #6756, .T. ) ;
#7219 = EDGE_LOOP ( 'NONE', ( #2386, #6809, #5707, #2395 ) ) ;
#7220 = COLOUR_RGB ( '',0.2509803921568627416, 0.2509803921568627416, 0.2509803921568627416 ) ;
#7221 = EDGE_LOOP ( 'NONE', ( #5279, #2202, #6926, #7912, #6936, #846, #2688, #4950, #6138, #1716 ) ) ;
#7222 = SURFACE_STYLE_USAGE ( .BOTH. , #7877 ) ;
#7223 = DIRECTION ( 'NONE',  ( 0.000000000000000000, 0.000000000000000000, -1.000000000000000000 ) ) ;
#7224 = SURFACE_STYLE_FILL_AREA ( #1773 ) ;
#7225 = PRESENTATION_LAYER_ASSIGNMENT (  '', '', ( #6204 ) ) ;
#7226 = VECTOR ( 'NONE', #2739, 1000.000000000000000 ) ;
#7227 = CARTESIAN_POINT ( 'NONE',  ( 1.441421356237309270, 0.9000000000000004663, 1.199999999999997513 ) ) ;
#7228 =( NAMED_UNIT ( * ) PLANE_ANGLE_UNIT ( ) SI_UNIT ( $, .RADIAN. ) );
#7229 = SURFACE_STYLE_FILL_AREA ( #1050 ) ;
#7230 = FILL_AREA_STYLE ('',( #7922 ) ) ;
#7231 = LINE ( 'NONE', #2937, #6237 ) ;
#7232 = ORIENTED_EDGE ( 'NONE', *, *, #3820, .T. ) ;
#7233 = PRESENTATION_LAYER_ASSIGNMENT (  '', '', ( #372 ) ) ;
#7234 = DIRECTION ( 'NONE',  ( -0.000000000000000000, 1.000000000000000000, -0.000000000000000000 ) ) ;
#7235 = SURFACE_STYLE_USAGE ( .BOTH. , #457 ) ;
#7236 = CARTESIAN_POINT ( 'NONE',  ( -0.1732050807568902562, 2.065549442140357073, -1.475000000000000533 ) ) ;
#7237 = AXIS2_PLACEMENT_3D ( 'NONE', #1812, #3724, #2443 ) ;
#7238 = STYLED_ITEM ( 'NONE', ( #6754 ), #2139 ) ;
#7239 = DIRECTION ( 'NONE',  ( 0.000000000000000000, -0.000000000000000000, 1.000000000000000000 ) ) ;
#7240 = EDGE_CURVE ( 'NONE', #1513, #231, #525, .T. ) ;
#7241 = LINE ( 'NONE', #5551, #18 ) ;
#7242 = EDGE_CURVE ( 'NONE', #4778, #3322, #1770, .T. ) ;
#7243 = MECHANICAL_DESIGN_GEOMETRIC_PRESENTATION_REPRESENTATION (  '', ( #6227 ), #6498 ) ;
#7244 = CARTESIAN_POINT ( 'NONE',  ( -1.200000000000000178, 1.100000000000000089, -1.349999999999998312 ) ) ;
#7245 = DIRECTION ( 'NONE',  ( 0.000000000000000000, 0.000000000000000000, -1.000000000000000000 ) ) ;
#7246 = PRESENTATION_LAYER_ASSIGNMENT (  '', '', ( #6867 ) ) ;
#7247 = ORIENTED_EDGE ( 'NONE', *, *, #2389, .F. ) ;
#7248 = SURFACE_STYLE_USAGE ( .BOTH. , #2914 ) ;
#7249 =( NAMED_UNIT ( * ) PLANE_ANGLE_UNIT ( ) SI_UNIT ( $, .RADIAN. ) );
#7250 = LINE ( 'NONE', #1681, #7894 ) ;
#7251 = VERTEX_POINT ( 'NONE', #7457 ) ;
#7252 = AXIS2_PLACEMENT_3D ( 'NONE', #1622, #1134, #449 ) ;
#7253 = STYLED_ITEM ( 'NONE', ( #1527 ), #948 ) ;
#7254 = ADVANCED_FACE ( 'NONE', ( #6773 ), #1895, .T. ) ;
#7255 = VECTOR ( 'NONE', #3984, 1000.000000000000000 ) ;
#7256 = VERTEX_POINT ( 'NONE', #2640 ) ;
#7257 = DIRECTION ( 'NONE',  ( -0.000000000000000000, 1.000000000000000000, -0.000000000000000000 ) ) ;
#7258 = CIRCLE ( 'NONE', #1161, 0.1500000000000001887 ) ;
#7259 = VERTEX_POINT ( 'NONE', #3259 ) ;
#7260 = ORIENTED_EDGE ( 'NONE', *, *, #7285, .T. ) ;
#7261 = CARTESIAN_POINT ( 'NONE',  ( 1.475000000000000311, 0.000000000000000000, 0.000000000000000000 ) ) ;
#7262 = DIRECTION ( 'NONE',  ( 0.000000000000000000, -1.000000000000000000, 0.000000000000000000 ) ) ;
#7263 = UNCERTAINTY_MEASURE_WITH_UNIT (LENGTH_MEASURE( 1.000000000000000082E-05 ), #7371, 'distance_accuracy_value', 'NONE');
#7264 = COLOUR_RGB ( '',0.7529411764705882248, 0.7529411764705882248, 0.7529411764705882248 ) ;
#7265 = DIRECTION ( 'NONE',  ( 0.000000000000000000, -1.000000000000000000, 0.000000000000000000 ) ) ;
#7266 = DIRECTION ( 'NONE',  ( 0.000000000000000000, -0.000000000000000000, 1.000000000000000000 ) ) ;
#7267 = EDGE_CURVE ( 'NONE', #2611, #2438, #7571, .T. ) ;
#7268 = ORIENTED_EDGE ( 'NONE', *, *, #5536, .T. ) ;
#7269 = SURFACE_STYLE_USAGE ( .BOTH. , #2935 ) ;
#7270 = FILL_AREA_STYLE_COLOUR ( '', #4671 ) ;
#7271 = DIRECTION ( 'NONE',  ( 0.000000000000000000, -0.000000000000000000, 1.000000000000000000 ) ) ;
#7272 = CARTESIAN_POINT ( 'NONE',  ( -1.199999999999999956, 1.050000000000000044, 1.349999999999998090 ) ) ;
#7273 = ORIENTED_EDGE ( 'NONE', *, *, #3765, .F. ) ;
#7274 = CARTESIAN_POINT ( 'NONE',  ( -1.499999999999999556, 0.9000000000000003553, 1.238613094098344414 ) ) ;
#7275 = DIRECTION ( 'NONE',  ( 0.000000000000000000, -1.000000000000000000, 0.000000000000000000 ) ) ;
#7276 = PLANE ( 'NONE',  #6572 ) ;
#7277 =( GEOMETRIC_REPRESENTATION_CONTEXT ( 3 ) GLOBAL_UNCERTAINTY_ASSIGNED_CONTEXT ( ( #2810 ) ) GLOBAL_UNIT_ASSIGNED_CONTEXT ( ( #4163, #587, #3555 ) ) REPRESENTATION_CONTEXT ( 'NONE', 'WORKASPACE' ) );
#7278 = DIRECTION ( 'NONE',  ( 0.000000000000000000, -1.000000000000000000, 0.000000000000000000 ) ) ;
#7279 = UNCERTAINTY_MEASURE_WITH_UNIT (LENGTH_MEASURE( 1.000000000000000082E-05 ), #2898, 'distance_accuracy_value', 'NONE');
#7280 = CARTESIAN_POINT ( 'NONE',  ( 1.324999999999969758, 0.000000000000000000, 1.500000000000000222 ) ) ;
#7281 = ORIENTED_EDGE ( 'NONE', *, *, #6882, .T. ) ;
#7282 = AXIS2_PLACEMENT_3D ( 'NONE', #6437, #4060, #6557 ) ;
#7283 = FACE_OUTER_BOUND ( 'NONE', #3032, .T. ) ;
#7284 = PLANE ( 'NONE',  #2597 ) ;
#7285 = EDGE_CURVE ( 'NONE', #5662, #7251, #5816, .T. ) ;
#7286 = FACE_OUTER_BOUND ( 'NONE', #721, .T. ) ;
#7287 = CARTESIAN_POINT ( 'NONE',  ( 1.499999999999999778, 0.9000000000000003553, -1.238613094098327538 ) ) ;
#7288 = AXIS2_PLACEMENT_3D ( 'NONE', #2390, #517, #4171 ) ;
#7289 = DIRECTION ( 'NONE',  ( 1.000000000000000000, 0.000000000000000000, -0.000000000000000000 ) ) ;
#7290 = ORIENTED_EDGE ( 'NONE', *, *, #6134, .T. ) ;
#7291 = ORIENTED_EDGE ( 'NONE', *, *, #1328, .T. ) ;
#7292 = EDGE_LOOP ( 'NONE', ( #1042, #6659, #1740, #2294 ) ) ;
#7293 = EDGE_CURVE ( 'NONE', #7251, #1536, #184, .T. ) ;
#7294 = DIRECTION ( 'NONE',  ( 0.000000000000000000, 0.000000000000000000, -1.000000000000000000 ) ) ;
#7295 = LINE ( 'NONE', #1776, #5640 ) ;
#7296 = VECTOR ( 'NONE', #1432, 1000.000000000000000 ) ;
#7297 = CARTESIAN_POINT ( 'NONE',  ( 0.000000000000000000, 0.4500000000000000666, 0.000000000000000000 ) ) ;
#7298 = VERTEX_POINT ( 'NONE', #3968 ) ;
#7299 = FACE_OUTER_BOUND ( 'NONE', #2007, .T. ) ;
#7300 = CARTESIAN_POINT ( 'NONE',  ( -1.500000000000000222, 0.000000000000000000, -1.500000000000000444 ) ) ;
#7301 = EDGE_CURVE ( 'NONE', #7172, #628, #6344, .T. ) ;
#7302 = VECTOR ( 'NONE', #4457, 1000.000000000000000 ) ;
#7303 = DIRECTION ( 'NONE',  ( -1.000000000000000000, 0.000000000000000000, 0.000000000000000000 ) ) ;
#7304 = ORIENTED_EDGE ( 'NONE', *, *, #4674, .T. ) ;
#7305 = AXIS2_PLACEMENT_3D ( 'NONE', #2578, #5051, #1789 ) ;
#7306 = CARTESIAN_POINT ( 'NONE',  ( 1.499999999999999778, 0.8500000000000000888, -1.399999999999999689 ) ) ;
#7307 =( LENGTH_UNIT ( ) NAMED_UNIT ( * ) SI_UNIT ( .MILLI., .METRE. ) );
#7308 = VECTOR ( 'NONE', #5066, 1000.000000000000000 ) ;
#7309 =( LENGTH_UNIT ( ) NAMED_UNIT ( * ) SI_UNIT ( .MILLI., .METRE. ) );
#7310 = FACE_OUTER_BOUND ( 'NONE', #4344, .T. ) ;
#7311 = SURFACE_SIDE_STYLE ('',( #584 ) ) ;
#7312 = VECTOR ( 'NONE', #4515, 1000.000000000000000 ) ;
#7313 = VECTOR ( 'NONE', #6856, 1000.000000000000000 ) ;
#7314 = SURFACE_STYLE_USAGE ( .BOTH. , #462 ) ;
#7315 = DIRECTION ( 'NONE',  ( -1.000000000000000000, 0.000000000000000000, 0.000000000000000000 ) ) ;
#7316 =( NAMED_UNIT ( * ) PLANE_ANGLE_UNIT ( ) SI_UNIT ( $, .RADIAN. ) );
#7317 = ORIENTED_EDGE ( 'NONE', *, *, #3726, .T. ) ;
#7318 = VECTOR ( 'NONE', #2257, 1000.000000000000000 ) ;
#7319 = DIRECTION ( 'NONE',  ( 1.000000000000000000, -0.000000000000000000, 0.000000000000000000 ) ) ;
#7320 = FACE_OUTER_BOUND ( 'NONE', #2570, .T. ) ;
#7321 = PRESENTATION_LAYER_ASSIGNMENT (  '', '', ( #1104 ) ) ;
#7322 = CIRCLE ( 'NONE', #4088, 0.1750000000000310196 ) ;
#7323 = CARTESIAN_POINT ( 'NONE',  ( 0.000000000000000000, 0.4500000000000000666, 0.000000000000000000 ) ) ;
#7324 = FILL_AREA_STYLE_COLOUR ( '', #2119 ) ;
#7325 =( GEOMETRIC_REPRESENTATION_CONTEXT ( 3 ) GLOBAL_UNCERTAINTY_ASSIGNED_CONTEXT ( ( #6999 ) ) GLOBAL_UNIT_ASSIGNED_CONTEXT ( ( #2099, #671, #5313 ) ) REPRESENTATION_CONTEXT ( 'NONE', 'WORKASPACE' ) );
#7326 = FILL_AREA_STYLE_COLOUR ( '', #4989 ) ;
#7327 = PRESENTATION_LAYER_ASSIGNMENT (  '', '', ( #4731 ) ) ;
#7328 = ADVANCED_FACE ( 'NONE', ( #6389 ), #6467, .T. ) ;
#7329 = EDGE_CURVE ( 'NONE', #4331, #117, #5073, .T. ) ;
#7330 = ORIENTED_EDGE ( 'NONE', *, *, #5371, .F. ) ;
#7331 = PRESENTATION_LAYER_ASSIGNMENT (  '', '', ( #4100 ) ) ;
#7332 =( NAMED_UNIT ( * ) PLANE_ANGLE_UNIT ( ) SI_UNIT ( $, .RADIAN. ) );
#7333 = ORIENTED_EDGE ( 'NONE', *, *, #6129, .T. ) ;
#7334 = ORIENTED_EDGE ( 'NONE', *, *, #7201, .T. ) ;
#7335 = FILL_AREA_STYLE ('',( #1170 ) ) ;
#7336 =( NAMED_UNIT ( * ) PLANE_ANGLE_UNIT ( ) SI_UNIT ( $, .RADIAN. ) );
#7337 = VECTOR ( 'NONE', #5467, 1000.000000000000000 ) ;
#7338 = PRESENTATION_LAYER_ASSIGNMENT (  '', '', ( #7861 ) ) ;
#7339 = DIRECTION ( 'NONE',  ( -1.000000000000000000, -0.000000000000000000, -0.000000000000000000 ) ) ;
#7340 =( LENGTH_UNIT ( ) NAMED_UNIT ( * ) SI_UNIT ( .MILLI., .METRE. ) );
#7341 = VECTOR ( 'NONE', #3994, 1000.000000000000000 ) ;
#7342 = ADVANCED_FACE ( 'NONE', ( #807 ), #2722, .F. ) ;
#7343 = PRESENTATION_STYLE_ASSIGNMENT (( #6744 ) ) ;
#7344 = ADVANCED_FACE ( 'NONE', ( #1602 ), #5282, .T. ) ;
#7345 = SURFACE_STYLE_USAGE ( .BOTH. , #1737 ) ;
#7346 = CARTESIAN_POINT ( 'NONE',  ( 0.000000000000000000, 0.000000000000000000, -0.3000000000000004330 ) ) ;
#7347 = ORIENTED_EDGE ( 'NONE', *, *, #5015, .T. ) ;
#7348 = AXIS2_PLACEMENT_3D ( 'NONE', #6982, #6417, #6383 ) ;
#7349 = DIRECTION ( 'NONE',  ( 0.000000000000000000, -1.000000000000000000, 0.000000000000000000 ) ) ;
#7350 = CARTESIAN_POINT ( 'NONE',  ( -1.400000000000000133, 0.9000000000000002442, -1.499999999999999556 ) ) ;
#7351 = AXIS2_PLACEMENT_3D ( 'NONE', #1561, #6613, #388 ) ;
#7352 = FILL_AREA_STYLE_COLOUR ( '', #2919 ) ;
#7353 = ORIENTED_EDGE ( 'NONE', *, *, #2648, .F. ) ;
#7354 = ADVANCED_FACE ( 'NONE', ( #7215 ), #5901, .T. ) ;
#7355 =( GEOMETRIC_REPRESENTATION_CONTEXT ( 3 ) GLOBAL_UNCERTAINTY_ASSIGNED_CONTEXT ( ( #3810 ) ) GLOBAL_UNIT_ASSIGNED_CONTEXT ( ( #1087, #3658, #3332 ) ) REPRESENTATION_CONTEXT ( 'NONE', 'WORKASPACE' ) );
#7356 = DIRECTION ( 'NONE',  ( 1.156482317317871331E-15, 0.000000000000000000, -1.000000000000000000 ) ) ;
#7357 =( NAMED_UNIT ( * ) PLANE_ANGLE_UNIT ( ) SI_UNIT ( $, .RADIAN. ) );
#7358 =( NAMED_UNIT ( * ) SI_UNIT ( $, .STERADIAN. ) SOLID_ANGLE_UNIT ( ) );
#7359 = STYLED_ITEM ( 'NONE', ( #3727 ), #6274 ) ;
#7360 = VECTOR ( 'NONE', #7257, 1000.000000000000000 ) ;
#7361 = LINE ( 'NONE', #4774, #1701 ) ;
#7362 = EDGE_CURVE ( 'NONE', #5702, #654, #2882, .T. ) ;
#7363 = VERTEX_POINT ( 'NONE', #430 ) ;
#7364 =( GEOMETRIC_REPRESENTATION_CONTEXT ( 3 ) GLOBAL_UNCERTAINTY_ASSIGNED_CONTEXT ( ( #1885 ) ) GLOBAL_UNIT_ASSIGNED_CONTEXT ( ( #5478, #7332, #5722 ) ) REPRESENTATION_CONTEXT ( 'NONE', 'WORKASPACE' ) );
#7365 = CARTESIAN_POINT ( 'NONE',  ( 0.000000000000000000, 0.000000000000000000, 0.000000000000000000 ) ) ;
#7366 =( NAMED_UNIT ( * ) PLANE_ANGLE_UNIT ( ) SI_UNIT ( $, .RADIAN. ) );
#7367 = VECTOR ( 'NONE', #5565, 1000.000000000000000 ) ;
#7368 = VECTOR ( 'NONE', #4115, 1000.000000000000000 ) ;
#7369 = DIRECTION ( 'NONE',  ( 0.000000000000000000, 0.000000000000000000, 1.000000000000000000 ) ) ;
#7370 = VERTEX_POINT ( 'NONE', #1036 ) ;
#7371 =( LENGTH_UNIT ( ) NAMED_UNIT ( * ) SI_UNIT ( .MILLI., .METRE. ) );
#7372 = ORIENTED_EDGE ( 'NONE', *, *, #2354, .F. ) ;
#7373 = EDGE_LOOP ( 'NONE', ( #5156, #7628, #4393, #7291 ) ) ;
#7374 = SURFACE_STYLE_USAGE ( .BOTH. , #7992 ) ;
#7375 = VECTOR ( 'NONE', #3319, 1000.000000000000000 ) ;
#7376 = AXIS2_PLACEMENT_3D ( 'NONE', #1823, #6189, #2194 ) ;
#7377 = UNCERTAINTY_MEASURE_WITH_UNIT (LENGTH_MEASURE( 1.000000000000000082E-05 ), #6842, 'distance_accuracy_value', 'NONE');
#7378 = SURFACE_STYLE_USAGE ( .BOTH. , #2928 ) ;
#7379 = ORIENTED_EDGE ( 'NONE', *, *, #7362, .F. ) ;
#7380 = FILL_AREA_STYLE_COLOUR ( '', #585 ) ;
#7381 = DIRECTION ( 'NONE',  ( 2.323290369611795497E-16, -0.000000000000000000, -1.000000000000000000 ) ) ;
#7382 = MECHANICAL_DESIGN_GEOMETRIC_PRESENTATION_REPRESENTATION (  '', ( #3260 ), #5719 ) ;
#7383 = STYLED_ITEM ( 'NONE', ( #3988 ), #565 ) ;
#7384 = FILL_AREA_STYLE_COLOUR ( '', #1639 ) ;
#7385 = CARTESIAN_POINT ( 'NONE',  ( -0.1732050807568898954, 0.4499999999999999001, -1.475000000000000533 ) ) ;
#7386 = ORIENTED_EDGE ( 'NONE', *, *, #4214, .F. ) ;
#7387 = CARTESIAN_POINT ( 'NONE',  ( -0.1500000000000002442, 0.4500000000000000666, 1.500000000000000222 ) ) ;
#7388 = SURFACE_SIDE_STYLE ('',( #533 ) ) ;
#7389 = CARTESIAN_POINT ( 'NONE',  ( 1.475000000000000311, 0.000000000000000000, 0.000000000000000000 ) ) ;
#7390 = SURFACE_STYLE_FILL_AREA ( #2529 ) ;
#7391 = EDGE_CURVE ( 'NONE', #850, #253, #2915, .T. ) ;
#7392 = UNCERTAINTY_MEASURE_WITH_UNIT (LENGTH_MEASURE( 1.000000000000000082E-05 ), #7117, 'distance_accuracy_value', 'NONE');
#7393 = DIRECTION ( 'NONE',  ( 1.000000000000000000, 0.000000000000000000, 9.035018104045902742E-17 ) ) ;
#7394 = ORIENTED_EDGE ( 'NONE', *, *, #702, .T. ) ;
#7395 = DIRECTION ( 'NONE',  ( 0.000000000000000000, -1.000000000000000000, 0.000000000000000000 ) ) ;
#7396 = DIRECTION ( 'NONE',  ( -1.000000000000000000, 0.000000000000000000, -1.156482317317871331E-15 ) ) ;
#7397 = DIRECTION ( 'NONE',  ( -0.000000000000000000, -1.000000000000000000, 0.000000000000000000 ) ) ;
#7398 = FACE_OUTER_BOUND ( 'NONE', #5440, .T. ) ;
#7399 = PLANE ( 'NONE',  #1382 ) ;
#7400 = EDGE_CURVE ( 'NONE', #4827, #4248, #2310, .T. ) ;
#7401 = EDGE_LOOP ( 'NONE', ( #1040, #4869, #3200, #6686 ) ) ;
#7402 = CARTESIAN_POINT ( 'NONE',  ( -0.7499999999999992228, 0.000000000000000000, 1.474999999999999645 ) ) ;
#7403 = SURFACE_STYLE_FILL_AREA ( #6249 ) ;
#7404 = EDGE_LOOP ( 'NONE', ( #968, #4289, #5754, #3648, #569, #5040, #4942, #1481, #6738, #3602, #7347, #7466 ) ) ;
#7405 = DIRECTION ( 'NONE',  ( 0.000000000000000000, 0.000000000000000000, 1.000000000000000000 ) ) ;
#7406 = FACE_OUTER_BOUND ( 'NONE', #5694, .T. ) ;
#7407 = FILL_AREA_STYLE ('',( #4856 ) ) ;
#7408 = PLANE ( 'NONE',  #6939 ) ;
#7409 = EDGE_CURVE ( 'NONE', #3925, #4428, #2802, .T. ) ;
#7410 = CARTESIAN_POINT ( 'NONE',  ( 0.7499999999999993339, 2.065549442140357073, 1.355252715606879803E-16 ) ) ;
#7411 =( NAMED_UNIT ( * ) PLANE_ANGLE_UNIT ( ) SI_UNIT ( $, .RADIAN. ) );
#7412 = VECTOR ( 'NONE', #2908, 1000.000000000000000 ) ;
#7413 = DIRECTION ( 'NONE',  ( 0.000000000000000000, 0.000000000000000000, -1.000000000000000000 ) ) ;
#7414 = ORIENTED_EDGE ( 'NONE', *, *, #7267, .F. ) ;
#7415 = EDGE_LOOP ( 'NONE', ( #2116, #1834, #7741, #480 ) ) ;
#7416 = ORIENTED_EDGE ( 'NONE', *, *, #6192, .T. ) ;
#7417 =( LENGTH_UNIT ( ) NAMED_UNIT ( * ) SI_UNIT ( .MILLI., .METRE. ) );
#7418 = VECTOR ( 'NONE', #4195, 1000.000000000000000 ) ;
#7419 =( LENGTH_UNIT ( ) NAMED_UNIT ( * ) SI_UNIT ( .MILLI., .METRE. ) );
#7420 =( LENGTH_UNIT ( ) NAMED_UNIT ( * ) SI_UNIT ( .MILLI., .METRE. ) );
#7421 = PRESENTATION_STYLE_ASSIGNMENT (( #6035 ) ) ;
#7422 = CIRCLE ( 'NONE', #4838, 0.1750000000000303813 ) ;
#7423 = ORIENTED_EDGE ( 'NONE', *, *, #5, .T. ) ;
#7424 = CARTESIAN_POINT ( 'NONE',  ( 0.000000000000000000, 2.065549442140357073, 1.474999999999999645 ) ) ;
#7425 = SURFACE_SIDE_STYLE ('',( #4960 ) ) ;
#7426 = SURFACE_SIDE_STYLE ('',( #5584 ) ) ;
#7427 = DIRECTION ( 'NONE',  ( 0.000000000000000000, -1.000000000000000000, 0.000000000000000000 ) ) ;
#7428 = MECHANICAL_DESIGN_GEOMETRIC_PRESENTATION_REPRESENTATION (  '', ( #30 ), #6918 ) ;
#7429 = ORIENTED_EDGE ( 'NONE', *, *, #6715, .T. ) ;
#7430 = DIRECTION ( 'NONE',  ( -0.000000000000000000, -1.000000000000000000, -0.000000000000000000 ) ) ;
#7431 = PLANE ( 'NONE',  #2391 ) ;
#7432 = EDGE_CURVE ( 'NONE', #3218, #49, #7145, .T. ) ;
#7433 = DIRECTION ( 'NONE',  ( -4.956352788505162676E-15, 0.000000000000000000, -1.000000000000000000 ) ) ;
#7434 = CIRCLE ( 'NONE', #7827, 0.1500000000000301092 ) ;
#7435 = ORIENTED_EDGE ( 'NONE', *, *, #7694, .F. ) ;
#7436 = COLOUR_RGB ( '',0.7529411764705882248, 0.7529411764705882248, 0.7529411764705882248 ) ;
#7437 = DIRECTION ( 'NONE',  ( 0.000000000000000000, 0.000000000000000000, -1.000000000000000000 ) ) ;
#7438 =( GEOMETRIC_REPRESENTATION_CONTEXT ( 3 ) GLOBAL_UNCERTAINTY_ASSIGNED_CONTEXT ( ( #2142 ) ) GLOBAL_UNIT_ASSIGNED_CONTEXT ( ( #2353, #7411, #3084 ) ) REPRESENTATION_CONTEXT ( 'NONE', 'WORKASPACE' ) );
#7439 =( NAMED_UNIT ( * ) SI_UNIT ( $, .STERADIAN. ) SOLID_ANGLE_UNIT ( ) );
#7440 = DIRECTION ( 'NONE',  ( -0.000000000000000000, 1.000000000000000000, 0.000000000000000000 ) ) ;
#7441 = ADVANCED_FACE ( 'NONE', ( #6208 ), #7284, .F. ) ;
#7442 = ORIENTED_EDGE ( 'NONE', *, *, #4293, .F. ) ;
#7443 =( GEOMETRIC_REPRESENTATION_CONTEXT ( 3 ) GLOBAL_UNCERTAINTY_ASSIGNED_CONTEXT ( ( #7529 ) ) GLOBAL_UNIT_ASSIGNED_CONTEXT ( ( #2243, #7800, #5874 ) ) REPRESENTATION_CONTEXT ( 'NONE', 'WORKASPACE' ) );
#7444 = LINE ( 'NONE', #1272, #4353 ) ;
#7445 = DIRECTION ( 'NONE',  ( -0.000000000000000000, -1.000000000000000000, -0.000000000000000000 ) ) ;
#7446 = MECHANICAL_DESIGN_GEOMETRIC_PRESENTATION_REPRESENTATION (  '', ( #6801 ), #5783 ) ;
#7447 = VECTOR ( 'NONE', #7952, 1000.000000000000000 ) ;
#7448 = CARTESIAN_POINT ( 'NONE',  ( -1.199999999999999956, 6.159797974644664720, 1.399999999999998135 ) ) ;
#7449 = CYLINDRICAL_SURFACE ( 'NONE', #3713, 0.09999999999999982514 ) ;
#7450 =( GEOMETRIC_REPRESENTATION_CONTEXT ( 3 ) GLOBAL_UNCERTAINTY_ASSIGNED_CONTEXT ( ( #5129 ) ) GLOBAL_UNIT_ASSIGNED_CONTEXT ( ( #3494, #2148, #7099 ) ) REPRESENTATION_CONTEXT ( 'NONE', 'WORKASPACE' ) );
#7451 = EDGE_CURVE ( 'NONE', #231, #7298, #4980, .T. ) ;
#7452 = ORIENTED_EDGE ( 'NONE', *, *, #1741, .T. ) ;
#7453 = LINE ( 'NONE', #7987, #4265 ) ;
#7454 = VERTEX_POINT ( 'NONE', #2512 ) ;
#7455 = VERTEX_POINT ( 'NONE', #6688 ) ;
#7456 =( NAMED_UNIT ( * ) SI_UNIT ( $, .STERADIAN. ) SOLID_ANGLE_UNIT ( ) );
#7457 = CARTESIAN_POINT ( 'NONE',  ( -0.7499999999999997780, 0.4500000000000000666, 0.3000000000000004885 ) ) ;
#7458 = DIRECTION ( 'NONE',  ( -4.956352788505162676E-15, 0.000000000000000000, 1.000000000000000000 ) ) ;
#7459 = STYLED_ITEM ( 'NONE', ( #1801 ), #2949 ) ;
#7460 =( NAMED_UNIT ( * ) SI_UNIT ( $, .STERADIAN. ) SOLID_ANGLE_UNIT ( ) );
#7461 = DIRECTION ( 'NONE',  ( 0.000000000000000000, 0.000000000000000000, -1.000000000000000000 ) ) ;
#7462 =( GEOMETRIC_REPRESENTATION_CONTEXT ( 3 ) GLOBAL_UNCERTAINTY_ASSIGNED_CONTEXT ( ( #5162 ) ) GLOBAL_UNIT_ASSIGNED_CONTEXT ( ( #7925, #1517, #875 ) ) REPRESENTATION_CONTEXT ( 'NONE', 'WORKASPACE' ) );
#7463 = VECTOR ( 'NONE', #4978, 1000.000000000000000 ) ;
#7464 = PRESENTATION_STYLE_ASSIGNMENT (( #32 ) ) ;
#7465 = EDGE_CURVE ( 'NONE', #1168, #5389, #4945, .T. ) ;
#7466 = ORIENTED_EDGE ( 'NONE', *, *, #7962, .T. ) ;
#7467 = FILL_AREA_STYLE ('',( #5619 ) ) ;
#7468 = VECTOR ( 'NONE', #3269, 1000.000000000000000 ) ;
#7469 = EDGE_LOOP ( 'NONE', ( #2015, #4738, #704, #2482 ) ) ;
#7470 =( NAMED_UNIT ( * ) PLANE_ANGLE_UNIT ( ) SI_UNIT ( $, .RADIAN. ) );
#7471 = DIRECTION ( 'NONE',  ( 0.000000000000000000, 0.000000000000000000, -1.000000000000000000 ) ) ;
#7472 =( NAMED_UNIT ( * ) PLANE_ANGLE_UNIT ( ) SI_UNIT ( $, .RADIAN. ) );
#7473 = STYLED_ITEM ( 'NONE', ( #3085 ), #7824 ) ;
#7474 = CARTESIAN_POINT ( 'NONE',  ( -1.500000000000000222, 0.4500000000000000666, 0.000000000000000000 ) ) ;
#7475 = ORIENTED_EDGE ( 'NONE', *, *, #5371, .T. ) ;
#7476 = CIRCLE ( 'NONE', #7599, 0.1499999999999999667 ) ;
#7477 = PLANE ( 'NONE',  #2288 ) ;
#7478 = FILL_AREA_STYLE ('',( #2535 ) ) ;
#7479 = PRESENTATION_STYLE_ASSIGNMENT (( #2463 ) ) ;
#7480 = LINE ( 'NONE', #700, #1936 ) ;
#7481 = VERTEX_POINT ( 'NONE', #5557 ) ;
#7482 = MECHANICAL_DESIGN_GEOMETRIC_PRESENTATION_REPRESENTATION (  '', ( #1389 ), #6082 ) ;
#7483 = DIRECTION ( 'NONE',  ( 0.000000000000000000, -1.000000000000000000, 0.000000000000000000 ) ) ;
#7484 = FILL_AREA_STYLE_COLOUR ( '', #3223 ) ;
#7485 = PRESENTATION_LAYER_ASSIGNMENT (  '', '', ( #6475 ) ) ;
#7486 = ORIENTED_EDGE ( 'NONE', *, *, #298, .F. ) ;
#7487 = SURFACE_SIDE_STYLE ('',( #5020 ) ) ;
#7488 = SURFACE_SIDE_STYLE ('',( #1881 ) ) ;
#7489 = STYLED_ITEM ( 'NONE', ( #3305 ), #6281 ) ;
#7490 = UNCERTAINTY_MEASURE_WITH_UNIT (LENGTH_MEASURE( 1.000000000000000082E-05 ), #886, 'distance_accuracy_value', 'NONE');
#7491 = MECHANICAL_DESIGN_GEOMETRIC_PRESENTATION_REPRESENTATION (  '', ( #7620 ), #5039 ) ;
#7492 = EDGE_CURVE ( 'NONE', #1467, #3142, #636, .T. ) ;
#7493 =( LENGTH_UNIT ( ) NAMED_UNIT ( * ) SI_UNIT ( .MILLI., .METRE. ) );
#7494 = STYLED_ITEM ( 'NONE', ( #3827 ), #6443 ) ;
#7495 = VERTEX_POINT ( 'NONE', #5605 ) ;
#7496 = VECTOR ( 'NONE', #5030, 1000.000000000000000 ) ;
#7497 = ORIENTED_EDGE ( 'NONE', *, *, #7301, .F. ) ;
#7498 = ORIENTED_EDGE ( 'NONE', *, *, #2989, .T. ) ;
#7499 = FILL_AREA_STYLE ('',( #7536 ) ) ;
#7500 = DIRECTION ( 'NONE',  ( 1.000000000000000000, 0.000000000000000000, 0.000000000000000000 ) ) ;
#7501 = COLOUR_RGB ( '',1.000000000000000000, 0.8117647058823529438, 0.5019607843137254832 ) ;
#7502 = AXIS2_PLACEMENT_3D ( 'NONE', #4727, #2378, #7199 ) ;
#7503 = ADVANCED_FACE ( 'NONE', ( #1718 ), #1802, .F. ) ;
#7504 = DIRECTION ( 'NONE',  ( 1.000000000000000000, -0.000000000000000000, 0.000000000000000000 ) ) ;
#7505 = CARTESIAN_POINT ( 'NONE',  ( -2.168404344971008868E-16, 0.4500000000000000666, 1.349999999999984768 ) ) ;
#7506 = ORIENTED_EDGE ( 'NONE', *, *, #3158, .F. ) ;
#7507 = VECTOR ( 'NONE', #7746, 1000.000000000000000 ) ;
#7508 = LINE ( 'NONE', #5122, #5698 ) ;
#7509 = VERTEX_POINT ( 'NONE', #6132 ) ;
#7510 = DIRECTION ( 'NONE',  ( -1.000000000000000000, 0.000000000000000000, 0.000000000000000000 ) ) ;
#7511 = PLANE ( 'NONE',  #5206 ) ;
#7512 = ADVANCED_FACE ( 'NONE', ( #515 ), #5471, .F. ) ;
#7513 = CARTESIAN_POINT ( 'NONE',  ( -1.500000000000000222, 0.000000000000000000, 1.324999999999999734 ) ) ;
#7514 = ORIENTED_EDGE ( 'NONE', *, *, #4136, .F. ) ;
#7515 = PRESENTATION_LAYER_ASSIGNMENT (  '', '', ( #3879 ) ) ;
#7516 = DIRECTION ( 'NONE',  ( 0.000000000000000000, 1.000000000000000000, 0.000000000000000000 ) ) ;
#7517 = CARTESIAN_POINT ( 'NONE',  ( -1.500000000000000222, 0.000000000000000000, 0.000000000000000000 ) ) ;
#7518 = CARTESIAN_POINT ( 'NONE',  ( -1.500000000000000222, 0.000000000000000000, 0.000000000000000000 ) ) ;
#7519 =( NAMED_UNIT ( * ) SI_UNIT ( $, .STERADIAN. ) SOLID_ANGLE_UNIT ( ) );
#7520 = LINE ( 'NONE', #1963, #6556 ) ;
#7521 = PLANE ( 'NONE',  #7706 ) ;
#7522 = ORIENTED_EDGE ( 'NONE', *, *, #5173, .F. ) ;
#7523 =( NAMED_UNIT ( * ) SI_UNIT ( $, .STERADIAN. ) SOLID_ANGLE_UNIT ( ) );
#7524 = CARTESIAN_POINT ( 'NONE',  ( -1.475000000000000089, 0.4500000000000000111, 1.326794919243112325 ) ) ;
#7525 = DIRECTION ( 'NONE',  ( 0.000000000000000000, -1.000000000000000000, 0.000000000000000000 ) ) ;
#7526 = ORIENTED_EDGE ( 'NONE', *, *, #46, .F. ) ;
#7527 = FILL_AREA_STYLE_COLOUR ( '', #634 ) ;
#7528 = DIRECTION ( 'NONE',  ( 0.000000000000000000, 0.000000000000000000, -1.000000000000000000 ) ) ;
#7529 = UNCERTAINTY_MEASURE_WITH_UNIT (LENGTH_MEASURE( 1.000000000000000082E-05 ), #2243, 'distance_accuracy_value', 'NONE');
#7530 = FACE_OUTER_BOUND ( 'NONE', #6737, .T. ) ;
#7531 = FILL_AREA_STYLE ('',( #6256 ) ) ;
#7532 = ORIENTED_EDGE ( 'NONE', *, *, #7167, .T. ) ;
#7533 = ORIENTED_EDGE ( 'NONE', *, *, #3112, .F. ) ;
#7534 = EDGE_CURVE ( 'NONE', #6714, #1769, #796, .T. ) ;
#7535 = ORIENTED_EDGE ( 'NONE', *, *, #3874, .F. ) ;
#7536 = FILL_AREA_STYLE_COLOUR ( '', #5391 ) ;
#7537 =( NAMED_UNIT ( * ) PLANE_ANGLE_UNIT ( ) SI_UNIT ( $, .RADIAN. ) );
#7538 =( LENGTH_UNIT ( ) NAMED_UNIT ( * ) SI_UNIT ( .MILLI., .METRE. ) );
#7539 = STYLED_ITEM ( 'NONE', ( #1520 ), #5639 ) ;
#7540 = FACE_OUTER_BOUND ( 'NONE', #922, .T. ) ;
#7541 = VERTEX_POINT ( 'NONE', #4534 ) ;
#7542 = ORIENTED_EDGE ( 'NONE', *, *, #862, .F. ) ;
#7543 = EDGE_CURVE ( 'NONE', #2081, #2197, #3288, .T. ) ;
#7544 = SURFACE_STYLE_FILL_AREA ( #7584 ) ;
#7546 = STYLED_ITEM ( 'NONE', ( #1587 ), #5953 ) ;
#7545 = CARTESIAN_POINT ( 'NONE',  ( -1.500000000000000222, 0.000000000000000000, 0.000000000000000000 ) ) ;
#7547 = UNCERTAINTY_MEASURE_WITH_UNIT (LENGTH_MEASURE( 1.000000000000000082E-05 ), #2231, 'distance_accuracy_value', 'NONE');
#7548 = ORIENTED_EDGE ( 'NONE', *, *, #5422, .F. ) ;
#7549 = STYLED_ITEM ( 'NONE', ( #5437 ), #4822 ) ;
#7550 = ADVANCED_FACE ( 'NONE', ( #7530, #5063 ), #6334, .T. ) ;
#7551 = DIRECTION ( 'NONE',  ( -0.000000000000000000, -0.000000000000000000, 1.000000000000000000 ) ) ;
#7552 = UNCERTAINTY_MEASURE_WITH_UNIT (LENGTH_MEASURE( 1.000000000000000082E-05 ), #4396, 'distance_accuracy_value', 'NONE');
#7553 = ORIENTED_EDGE ( 'NONE', *, *, #2354, .T. ) ;
#7554 =( NAMED_UNIT ( * ) SI_UNIT ( $, .STERADIAN. ) SOLID_ANGLE_UNIT ( ) );
#7555 =( GEOMETRIC_REPRESENTATION_CONTEXT ( 3 ) GLOBAL_UNCERTAINTY_ASSIGNED_CONTEXT ( ( #2795 ) ) GLOBAL_UNIT_ASSIGNED_CONTEXT ( ( #3052, #1816, #8037 ) ) REPRESENTATION_CONTEXT ( 'NONE', 'WORKASPACE' ) );
#7556 = FILL_AREA_STYLE_COLOUR ( '', #3477 ) ;
#7557 = ORIENTED_EDGE ( 'NONE', *, *, #163, .F. ) ;
#7558 = CARTESIAN_POINT ( 'NONE',  ( -1.326794919243112769, 0.000000000000000000, -1.474999999999999645 ) ) ;
#7559 = MECHANICAL_DESIGN_GEOMETRIC_PRESENTATION_REPRESENTATION (  '', ( #2377 ), #5483 ) ;
#7560 = CARTESIAN_POINT ( 'NONE',  ( 0.000000000000000000, 2.065549442140357073, -1.475000000000000533 ) ) ;
#7561 = CARTESIAN_POINT ( 'NONE',  ( 1.499999999999999778, 2.065549442140357073, 0.000000000000000000 ) ) ;
#7562 =( GEOMETRIC_REPRESENTATION_CONTEXT ( 3 ) GLOBAL_UNCERTAINTY_ASSIGNED_CONTEXT ( ( #61 ) ) GLOBAL_UNIT_ASSIGNED_CONTEXT ( ( #7647, #1664, #4155 ) ) REPRESENTATION_CONTEXT ( 'NONE', 'WORKASPACE' ) );
#7563 = MECHANICAL_DESIGN_GEOMETRIC_PRESENTATION_REPRESENTATION (  '', ( #958 ), #5381 ) ;
#7564 = DIRECTION ( 'NONE',  ( -9.035018104045885485E-17, 0.000000000000000000, 1.000000000000000000 ) ) ;
#7565 = VERTEX_POINT ( 'NONE', #3917 ) ;
#7566 = DIRECTION ( 'NONE',  ( 2.230358754827323046E-14, 0.000000000000000000, -1.000000000000000000 ) ) ;
#7567 = ORIENTED_EDGE ( 'NONE', *, *, #4483, .T. ) ;
#7568 = AXIS2_PLACEMENT_3D ( 'NONE', #7561, #6977, #1932 ) ;
#7569 = EDGE_LOOP ( 'NONE', ( #3661, #7672, #3612, #3220 ) ) ;
#7570 = CARTESIAN_POINT ( 'NONE',  ( 1.199999999999999734, 1.000000000000000000, 1.399999999999997913 ) ) ;
#7571 = LINE ( 'NONE', #1483, #3742 ) ;
#7572 = UNCERTAINTY_MEASURE_WITH_UNIT (LENGTH_MEASURE( 1.000000000000000082E-05 ), #5510, 'distance_accuracy_value', 'NONE');
#7573 = FILL_AREA_STYLE_COLOUR ( '', #1920 ) ;
#7574 = ORIENTED_EDGE ( 'NONE', *, *, #2460, .F. ) ;
#7575 = CARTESIAN_POINT ( 'NONE',  ( 1.399999999999999689, 0.8500000000000000888, -1.399999999999999689 ) ) ;
#7576 = EDGE_CURVE ( 'NONE', #7370, #4778, #835, .T. ) ;
#7577 = VECTOR ( 'NONE', #4451, 1000.000000000000000 ) ;
#7578 = SURFACE_STYLE_FILL_AREA ( #5117 ) ;
#7579 = EDGE_LOOP ( 'NONE', ( #4791, #5260, #5969, #79 ) ) ;
#7580 = DIRECTION ( 'NONE',  ( 0.000000000000000000, 0.000000000000000000, -1.000000000000000000 ) ) ;
#7581 = STYLED_ITEM ( 'NONE', ( #7200 ), #453 ) ;
#7582 = VECTOR ( 'NONE', #5165, 1000.000000000000000 ) ;
#7583 = VERTEX_POINT ( 'NONE', #5192 ) ;
#7584 = FILL_AREA_STYLE ('',( #1371 ) ) ;
#7585 = LINE ( 'NONE', #123, #5864 ) ;
#7586 = STYLED_ITEM ( 'NONE', ( #3249 ), #3006 ) ;
#7587 = CARTESIAN_POINT ( 'NONE',  ( 1.499999999999999778, 0.4500000000000001221, -1.500000000000000444 ) ) ;
#7588 = AXIS2_PLACEMENT_3D ( 'NONE', #7692, #263, #6636 ) ;
#7589 = LINE ( 'NONE', #779, #57 ) ;
#7590 = VECTOR ( 'NONE', #1342, 1000.000000000000000 ) ;
#7591 = ADVANCED_FACE ( 'NONE', ( #2100 ), #672, .F. ) ;
#7592 = EDGE_CURVE ( 'NONE', #2408, #3954, #1703, .T. ) ;
#7593 = VECTOR ( 'NONE', #5825, 1000.000000000000000 ) ;
#7594 = DIRECTION ( 'NONE',  ( 0.000000000000000000, 0.000000000000000000, 1.000000000000000000 ) ) ;
#7595 = CARTESIAN_POINT ( 'NONE',  ( -1.350000000000000089, 1.100000000000000089, -1.199999999999998179 ) ) ;
#7596 = CIRCLE ( 'NONE', #6827, 0.1750000000000000167 ) ;
#7597 = DIRECTION ( 'NONE',  ( 0.000000000000000000, 0.000000000000000000, -1.000000000000000000 ) ) ;
#7598 = PRESENTATION_STYLE_ASSIGNMENT (( #3400 ) ) ;
#7599 = AXIS2_PLACEMENT_3D ( 'NONE', #5347, #4073, #6639 ) ;
#7600 = ORIENTED_EDGE ( 'NONE', *, *, #1749, .F. ) ;
#7601 = ADVANCED_FACE ( 'NONE', ( #2136 ), #4153, .T. ) ;
#7602 = CIRCLE ( 'NONE', #7872, 0.1500000000000301092 ) ;
#7603 = LINE ( 'NONE', #4525, #7296 ) ;
#7604 =( LENGTH_UNIT ( ) NAMED_UNIT ( * ) SI_UNIT ( .MILLI., .METRE. ) );
#7605 = CIRCLE ( 'NONE', #2952, 0.1499999999999999667 ) ;
#7606 = ORIENTED_EDGE ( 'NONE', *, *, #6342, .F. ) ;
#7607 = PRESENTATION_STYLE_ASSIGNMENT (( #5929 ) ) ;
#7608 = SURFACE_STYLE_FILL_AREA ( #6288 ) ;
#7609 =( NAMED_UNIT ( * ) SI_UNIT ( $, .STERADIAN. ) SOLID_ANGLE_UNIT ( ) );
#7610 = MECHANICAL_DESIGN_GEOMETRIC_PRESENTATION_REPRESENTATION (  '', ( #3716 ), #4114 ) ;
#7611 = ADVANCED_FACE ( 'NONE', ( #5230 ), #1663, .F. ) ;
#7612 = VECTOR ( 'NONE', #5750, 1000.000000000000000 ) ;
#7613 = FILL_AREA_STYLE_COLOUR ( '', #5032 ) ;
#7614 = LINE ( 'NONE', #3452, #6332 ) ;
#7615 = ORIENTED_EDGE ( 'NONE', *, *, #4767, .F. ) ;
#7616 = SURFACE_SIDE_STYLE ('',( #6895 ) ) ;
#7617 = ORIENTED_EDGE ( 'NONE', *, *, #6076, .T. ) ;
#7618 = VECTOR ( 'NONE', #6925, 1000.000000000000000 ) ;
#7619 = CARTESIAN_POINT ( 'NONE',  ( 0.7499999999999996669, 0.4500000000000000666, 0.000000000000000000 ) ) ;
#7620 = STYLED_ITEM ( 'NONE', ( #1726 ), #1822 ) ;
#7621 = SURFACE_SIDE_STYLE ('',( #7102 ) ) ;
#7622 = EDGE_LOOP ( 'NONE', ( #3774, #3257, #4256, #1487, #2180, #690, #2911, #7027, #5079, #7161 ) ) ;
#7623 = COLOUR_RGB ( '',1.000000000000000000, 0.8117647058823529438, 0.5019607843137254832 ) ;
#7624 = MANIFOLD_SOLID_BREP ( 'Pin 1', #6575 ) ;
#7625 = FILL_AREA_STYLE_COLOUR ( '', #4458 ) ;
#7626 = VECTOR ( 'NONE', #4702, 1000.000000000000000 ) ;
#7627 = ORIENTED_EDGE ( 'NONE', *, *, #251, .F. ) ;
#7628 = ORIENTED_EDGE ( 'NONE', *, *, #5923, .T. ) ;
#7629 = LINE ( 'NONE', #6354, #5405 ) ;
#7630 = PRESENTATION_LAYER_ASSIGNMENT (  '', '', ( #3260 ) ) ;
#7631 = PRESENTATION_STYLE_ASSIGNMENT (( #897 ) ) ;
#7632 = VECTOR ( 'NONE', #3379, 1000.000000000000000 ) ;
#7633 = CARTESIAN_POINT ( 'NONE',  ( -0.1500000000000002442, 0.4500000000000000666, 1.500000000000000222 ) ) ;
#7634 = UNCERTAINTY_MEASURE_WITH_UNIT (LENGTH_MEASURE( 1.000000000000000082E-05 ), #1061, 'distance_accuracy_value', 'NONE');
#7635 = AXIS2_PLACEMENT_3D ( 'NONE', #3889, #3798, #229 ) ;
#7636 = VECTOR ( 'NONE', #6243, 1000.000000000000000 ) ;
#7637 = FILL_AREA_STYLE_COLOUR ( '', #4615 ) ;
#7638 =( NAMED_UNIT ( * ) SI_UNIT ( $, .STERADIAN. ) SOLID_ANGLE_UNIT ( ) );
#7639 = MANIFOLD_SOLID_BREP ( 'Pin 6', #2678 ) ;
#7640 = PRESENTATION_STYLE_ASSIGNMENT (( #5177 ) ) ;
#7641 = DIRECTION ( 'NONE',  ( -0.000000000000000000, 0.000000000000000000, -1.000000000000000000 ) ) ;
#7642 = EDGE_CURVE ( 'NONE', #5140, #6469, #6826, .T. ) ;
#7643 = PRESENTATION_STYLE_ASSIGNMENT (( #866 ) ) ;
#7644 = EDGE_CURVE ( 'NONE', #3142, #1555, #6309, .T. ) ;
#7645 = COLOUR_RGB ( '',1.000000000000000000, 0.8117647058823529438, 0.5019607843137254832 ) ;
#7646 = VECTOR ( 'NONE', #6825, 1000.000000000000000 ) ;
#7647 =( LENGTH_UNIT ( ) NAMED_UNIT ( * ) SI_UNIT ( .MILLI., .METRE. ) );
#7648 = ORIENTED_EDGE ( 'NONE', *, *, #649, .T. ) ;
#7649 = LINE ( 'NONE', #2092, #7182 ) ;
#7650 = LINE ( 'NONE', #2132, #2633 ) ;
#7651 = DIRECTION ( 'NONE',  ( -0.000000000000000000, 1.000000000000000000, -0.000000000000000000 ) ) ;
#7652 = CIRCLE ( 'NONE', #7776, 0.1000000000000000472 ) ;
#7653 = VERTEX_POINT ( 'NONE', #5083 ) ;
#7654 = EDGE_CURVE ( 'NONE', #401, #1860, #1503, .T. ) ;
#7655 = SURFACE_SIDE_STYLE ('',( #3250 ) ) ;
#7656 = AXIS2_PLACEMENT_3D ( 'NONE', #1463, #3942, #5217 ) ;
#7657 =( NAMED_UNIT ( * ) SI_UNIT ( $, .STERADIAN. ) SOLID_ANGLE_UNIT ( ) );
#7658 = FILL_AREA_STYLE_COLOUR ( '', #540 ) ;
#7659 = FACE_OUTER_BOUND ( 'NONE', #5533, .T. ) ;
#7660 = CARTESIAN_POINT ( 'NONE',  ( -1.475000000000000089, 0.000000000000000000, 1.326794919243112325 ) ) ;
#7661 = ORIENTED_EDGE ( 'NONE', *, *, #6763, .T. ) ;
#7662 = FILL_AREA_STYLE_COLOUR ( '', #6357 ) ;
#7663 = VERTEX_POINT ( 'NONE', #6148 ) ;
#7664 = EDGE_CURVE ( 'NONE', #4825, #1809, #575, .T. ) ;
#7665 = CYLINDRICAL_SURFACE ( 'NONE', #2011, 0.1750000000000310196 ) ;
#7666 = CARTESIAN_POINT ( 'NONE',  ( 1.500000000000000000, 1.000000000000000000, -1.199999999999997957 ) ) ;
#7667 = ORIENTED_EDGE ( 'NONE', *, *, #6230, .T. ) ;
#7668 = CARTESIAN_POINT ( 'NONE',  ( -1.474999999999999867, 0.000000000000000000, 0.3000000000000002109 ) ) ;
#7669 = ORIENTED_EDGE ( 'NONE', *, *, #6265, .T. ) ;
#7670 = UNCERTAINTY_MEASURE_WITH_UNIT (LENGTH_MEASURE( 1.000000000000000082E-05 ), #6577, 'distance_accuracy_value', 'NONE');
#7671 = PLANE ( 'NONE',  #6722 ) ;
#7672 = ORIENTED_EDGE ( 'NONE', *, *, #7029, .F. ) ;
#7673 = PLANE ( 'NONE',  #6321 ) ;
#7674 = CARTESIAN_POINT ( 'NONE',  ( 0.7499999999999992228, 0.4499999999999999001, 1.474999999999999645 ) ) ;
#7675 =( NAMED_UNIT ( * ) PLANE_ANGLE_UNIT ( ) SI_UNIT ( $, .RADIAN. ) );
#7676 = DIRECTION ( 'NONE',  ( 0.000000000000000000, -1.000000000000000000, 0.000000000000000000 ) ) ;
#7677 = CARTESIAN_POINT ( 'NONE',  ( 0.000000000000000000, 0.4500000000000000666, 0.000000000000000000 ) ) ;
#7678 =( NAMED_UNIT ( * ) PLANE_ANGLE_UNIT ( ) SI_UNIT ( $, .RADIAN. ) );
#7679 = VECTOR ( 'NONE', #3282, 1000.000000000000000 ) ;
#7680 = DIRECTION ( 'NONE',  ( 1.000000000000000000, 0.000000000000000000, -0.000000000000000000 ) ) ;
#7681 = CARTESIAN_POINT ( 'NONE',  ( 1.499999999999999778, 0.4499999999999999001, 1.324999999999969980 ) ) ;
#7682 =( LENGTH_UNIT ( ) NAMED_UNIT ( * ) SI_UNIT ( .MILLI., .METRE. ) );
#7683 = LINE ( 'NONE', #2900, #7063 ) ;
#7684 = STYLED_ITEM ( 'NONE', ( #21 ), #4834 ) ;
#7685 = DIRECTION ( 'NONE',  ( -5.421010862427523156E-16, 0.000000000000000000, -1.000000000000000000 ) ) ;
#7686 = EDGE_CURVE ( 'NONE', #5113, #5520, #7596, .T. ) ;
#7687 = SURFACE_STYLE_USAGE ( .BOTH. , #3283 ) ;
#7688 = ORIENTED_EDGE ( 'NONE', *, *, #4675, .F. ) ;
#7689 = FILL_AREA_STYLE_COLOUR ( '', #7126 ) ;
#7690 = CARTESIAN_POINT ( 'NONE',  ( 1.475000000000000311, 0.000000000000000000, 0.000000000000000000 ) ) ;
#7691 = CARTESIAN_POINT ( 'NONE',  ( 1.399999999999999689, 0.8500000000000000888, -1.499999999999999778 ) ) ;
#7692 = CARTESIAN_POINT ( 'NONE',  ( -2.168404344971008868E-16, 0.4500000000000000666, 1.499999999999984679 ) ) ;
#7693 = VECTOR ( 'NONE', #3912, 1000.000000000000000 ) ;
#7694 = EDGE_CURVE ( 'NONE', #1009, #6699, #2, .T. ) ;
#7695 = FILL_AREA_STYLE ('',( #7658 ) ) ;
#7696 = EDGE_CURVE ( 'NONE', #7751, #3322, #1864, .T. ) ;
#7697 = DIRECTION ( 'NONE',  ( 0.000000000000000000, -1.000000000000000000, -0.000000000000000000 ) ) ;
#7698 = DIRECTION ( 'NONE',  ( -0.000000000000000000, 1.000000000000000000, -0.000000000000000000 ) ) ;
#7699 = EDGE_LOOP ( 'NONE', ( #3010, #6431, #1354, #6026 ) ) ;
#7700 = DIRECTION ( 'NONE',  ( 1.000000000000000000, -0.000000000000000000, 1.807003620809174632E-16 ) ) ;
#7701 = VERTEX_POINT ( 'NONE', #6234 ) ;
#7702 = LINE ( 'NONE', #5900, #2929 ) ;
#7703 =( LENGTH_UNIT ( ) NAMED_UNIT ( * ) SI_UNIT ( .MILLI., .METRE. ) );
#7704 = ORIENTED_EDGE ( 'NONE', *, *, #4041, .F. ) ;
#7705 = DIRECTION ( 'NONE',  ( 0.000000000000000000, 0.000000000000000000, 1.000000000000000000 ) ) ;
#7706 = AXIS2_PLACEMENT_3D ( 'NONE', #4560, #3199, #3238 ) ;
#7707 = EDGE_CURVE ( 'NONE', #5940, #6041, #658, .T. ) ;
#7708 = VECTOR ( 'NONE', #139, 1000.000000000000000 ) ;
#7709 = ORIENTED_EDGE ( 'NONE', *, *, #2502, .T. ) ;
#7710 = EDGE_LOOP ( 'NONE', ( #1319, #2683, #2825, #7964 ) ) ;
#7711 = LINE ( 'NONE', #856, #6223 ) ;
#7712 = MECHANICAL_DESIGN_GEOMETRIC_PRESENTATION_REPRESENTATION (  '', ( #4861 ), #2533 ) ;
#7713 =( NAMED_UNIT ( * ) PLANE_ANGLE_UNIT ( ) SI_UNIT ( $, .RADIAN. ) );
#7714 = CARTESIAN_POINT ( 'NONE',  ( -1.472438384526082162E-16, 0.000000000000000000, -1.350000000000015410 ) ) ;
#7715 = SURFACE_STYLE_FILL_AREA ( #1616 ) ;
#7716 = ADVANCED_FACE ( 'NONE', ( #2084 ), #5254, .T. ) ;
#7717 =( GEOMETRIC_REPRESENTATION_CONTEXT ( 3 ) GLOBAL_UNCERTAINTY_ASSIGNED_CONTEXT ( ( #5684 ) ) GLOBAL_UNIT_ASSIGNED_CONTEXT ( ( #1695, #3179, #1363 ) ) REPRESENTATION_CONTEXT ( 'NONE', 'WORKASPACE' ) );
#7718 = CARTESIAN_POINT ( 'NONE',  ( 1.375735931288070590, 0.9000000000000000222, 1.499999999999997335 ) ) ;
#7719 = COLOUR_RGB ( '',0.2509803921568627416, 0.2509803921568627416, 0.2509803921568627416 ) ;
#7720 = DIRECTION ( 'NONE',  ( 1.000000000000000000, -0.000000000000000000, 0.000000000000000000 ) ) ;
#7721 = CARTESIAN_POINT ( 'NONE',  ( 0.000000000000000000, 0.000000000000000000, 0.000000000000000000 ) ) ;
#7722 = PRESENTATION_LAYER_ASSIGNMENT (  '', '', ( #2415 ) ) ;
#7723 = DIRECTION ( 'NONE',  ( 0.000000000000000000, -1.000000000000000000, -0.000000000000000000 ) ) ;
#7724 = EDGE_LOOP ( 'NONE', ( #136, #1649, #1072, #2152 ) ) ;
#7725 = FILL_AREA_STYLE_COLOUR ( '', #5500 ) ;
#7726 =( GEOMETRIC_REPRESENTATION_CONTEXT ( 3 ) GLOBAL_UNCERTAINTY_ASSIGNED_CONTEXT ( ( #3655 ) ) GLOBAL_UNIT_ASSIGNED_CONTEXT ( ( #5555, #2956, #592 ) ) REPRESENTATION_CONTEXT ( 'NONE', 'WORKASPACE' ) );
#7727 = FACE_OUTER_BOUND ( 'NONE', #3413, .T. ) ;
#7728 = MECHANICAL_DESIGN_GEOMETRIC_PRESENTATION_REPRESENTATION (  '', ( #2420 ), #2550 ) ;
#7729 = UNCERTAINTY_MEASURE_WITH_UNIT (LENGTH_MEASURE( 1.000000000000000082E-05 ), #106, 'distance_accuracy_value', 'NONE');
#7730 = LINE ( 'NONE', #258, #2434 ) ;
#7731 = ORIENTED_EDGE ( 'NONE', *, *, #908, .T. ) ;
#7732 = CIRCLE ( 'NONE', #3828, 0.1000000000000000472 ) ;
#7733 = DIRECTION ( 'NONE',  ( -0.000000000000000000, 1.000000000000000000, -0.000000000000000000 ) ) ;
#7734 = DIRECTION ( 'NONE',  ( 1.000000000000000000, 0.000000000000000000, -0.000000000000000000 ) ) ;
#7735 = CYLINDRICAL_SURFACE ( 'NONE', #3170, 0.1499999999999999667 ) ;
#7736 = PRESENTATION_LAYER_ASSIGNMENT (  '', '', ( #1896 ) ) ;
#7737 =( LENGTH_UNIT ( ) NAMED_UNIT ( * ) SI_UNIT ( .MILLI., .METRE. ) );
#7738 = UNCERTAINTY_MEASURE_WITH_UNIT (LENGTH_MEASURE( 1.000000000000000082E-05 ), #3950, 'distance_accuracy_value', 'NONE');
#7739 = CARTESIAN_POINT ( 'NONE',  ( 1.326794919243081683, 0.000000000000000000, -1.475000000000000533 ) ) ;
#7740 = CYLINDRICAL_SURFACE ( 'NONE', #477, 0.1499999999999999667 ) ;
#7741 = ORIENTED_EDGE ( 'NONE', *, *, #7654, .F. ) ;
#7742 = CIRCLE ( 'NONE', #3080, 0.09999999999999982514 ) ;
#7743 = CARTESIAN_POINT ( 'NONE',  ( -1.500000000000000222, 0.000000000000000000, -0.1499999999999997446 ) ) ;
#7744 = CARTESIAN_POINT ( 'NONE',  ( 1.475000000000000311, 2.065549442140357073, -1.326794919243081905 ) ) ;
#7745 = DIRECTION ( 'NONE',  ( 9.035018104045885485E-17, 0.000000000000000000, -1.000000000000000000 ) ) ;
#7746 = DIRECTION ( 'NONE',  ( -3.614007241618441955E-16, -0.000000000000000000, -1.000000000000000000 ) ) ;
#7747 = CARTESIAN_POINT ( 'NONE',  ( 0.000000000000000000, 0.000000000000000000, 0.9000000000000005773 ) ) ;
#7748 = EDGE_CURVE ( 'NONE', #219, #4977, #5827, .T. ) ;
#7749 = EDGE_CURVE ( 'NONE', #6734, #644, #2557, .T. ) ;
#7750 = CARTESIAN_POINT ( 'NONE',  ( 0.000000000000000000, 0.4500000000000000666, -0.9000000000000005773 ) ) ;
#7751 = VERTEX_POINT ( 'NONE', #1373 ) ;
#7752 = FILL_AREA_STYLE_COLOUR ( '', #2642 ) ;
#7753 = LINE ( 'NONE', #3344, #2656 ) ;
#7754 = EDGE_LOOP ( 'NONE', ( #887, #438, #3378, #6836 ) ) ;
#7755 = SURFACE_STYLE_USAGE ( .BOTH. , #7795 ) ;
#7756 = VERTEX_POINT ( 'NONE', #3855 ) ;
#7757 = EDGE_CURVE ( 'NONE', #3641, #1110, #81, .T. ) ;
#7758 = CARTESIAN_POINT ( 'NONE',  ( -1.341421356237309404, 0.8999999999999999112, -1.441421356237307716 ) ) ;
#7759 =( GEOMETRIC_REPRESENTATION_CONTEXT ( 3 ) GLOBAL_UNCERTAINTY_ASSIGNED_CONTEXT ( ( #4983 ) ) GLOBAL_UNIT_ASSIGNED_CONTEXT ( ( #7059, #6989, #4544 ) ) REPRESENTATION_CONTEXT ( 'NONE', 'WORKASPACE' ) );
#7760 =( NAMED_UNIT ( * ) PLANE_ANGLE_UNIT ( ) SI_UNIT ( $, .RADIAN. ) );
#7761 = FILL_AREA_STYLE ('',( #7270 ) ) ;
#7762 = VECTOR ( 'NONE', #1893, 1000.000000000000000 ) ;
#7763 = EDGE_CURVE ( 'NONE', #3821, #5113, #3272, .T. ) ;
#7764 = FILL_AREA_STYLE_COLOUR ( '', #3691 ) ;
#7765 = VERTEX_POINT ( 'NONE', #3980 ) ;
#7766 = STYLED_ITEM ( 'NONE', ( #3047 ), #7194 ) ;
#7767 = CARTESIAN_POINT ( 'NONE',  ( 1.317157287525380971, 1.000000000000000000, -1.399999999999997913 ) ) ;
#7768 = CARTESIAN_POINT ( 'NONE',  ( -4.814824860968089633E-32, 0.4499999999999999001, -0.9000000000000005773 ) ) ;
#7769 = ORIENTED_EDGE ( 'NONE', *, *, #6292, .T. ) ;
#7770 =( LENGTH_UNIT ( ) NAMED_UNIT ( * ) SI_UNIT ( .MILLI., .METRE. ) );
#7771 = VECTOR ( 'NONE', #5342, 1000.000000000000000 ) ;
#7772 = AXIS2_PLACEMENT_3D ( 'NONE', #7903, #2433, #3125 ) ;
#7773 = DIRECTION ( 'NONE',  ( -1.000000000000000000, -0.000000000000000000, -0.000000000000000000 ) ) ;
#7774 = DIRECTION ( 'NONE',  ( -1.000000000000000000, -0.000000000000000000, 0.000000000000000000 ) ) ;
#7775 =( NAMED_UNIT ( * ) SI_UNIT ( $, .STERADIAN. ) SOLID_ANGLE_UNIT ( ) );
#7776 = AXIS2_PLACEMENT_3D ( 'NONE', #1457, #6433, #3392 ) ;
#7777 =( GEOMETRIC_REPRESENTATION_CONTEXT ( 3 ) GLOBAL_UNCERTAINTY_ASSIGNED_CONTEXT ( ( #6029 ) ) GLOBAL_UNIT_ASSIGNED_CONTEXT ( ( #2249, #4152, #2410 ) ) REPRESENTATION_CONTEXT ( 'NONE', 'WORKASPACE' ) );
#7778 = SURFACE_STYLE_USAGE ( .BOTH. , #6536 ) ;
#7779 = UNCERTAINTY_MEASURE_WITH_UNIT (LENGTH_MEASURE( 1.000000000000000082E-05 ), #5932, 'distance_accuracy_value', 'NONE');
#7780 = PRESENTATION_STYLE_ASSIGNMENT (( #951 ) ) ;
#7781 = DIRECTION ( 'NONE',  ( 0.000000000000000000, 0.000000000000000000, -1.000000000000000000 ) ) ;
#7782 = ORIENTED_EDGE ( 'NONE', *, *, #714, .T. ) ;
#7783 =( NAMED_UNIT ( * ) PLANE_ANGLE_UNIT ( ) SI_UNIT ( $, .RADIAN. ) );
#7784 = CARTESIAN_POINT ( 'NONE',  ( -1.500000000000000222, 0.4500000000000001221, -1.500000000000000444 ) ) ;
#7785 = CIRCLE ( 'NONE', #2089, 0.1499999999999999667 ) ;
#7786 = DIRECTION ( 'NONE',  ( 0.000000000000000000, 0.000000000000000000, -1.000000000000000000 ) ) ;
#7787 = PRESENTATION_STYLE_ASSIGNMENT (( #3418 ) ) ;
#7788 = LINE ( 'NONE', #885, #6238 ) ;
#7789 = ORIENTED_EDGE ( 'NONE', *, *, #7267, .T. ) ;
#7790 = FILL_AREA_STYLE ('',( #5904 ) ) ;
#7791 = DIRECTION ( 'NONE',  ( 0.000000000000000000, -0.000000000000000000, 1.000000000000000000 ) ) ;
#7792 = VECTOR ( 'NONE', #6778, 1000.000000000000000 ) ;
#7793 = ADVANCED_FACE ( 'NONE', ( #4554 ), #1459, .T. ) ;
#7794 = EDGE_LOOP ( 'NONE', ( #6472, #1867, #5285, #840 ) ) ;
#7795 = SURFACE_SIDE_STYLE ('',( #2811 ) ) ;
#7796 = EDGE_LOOP ( 'NONE', ( #6629, #7442, #5618, #4948 ) ) ;
#7797 = DIRECTION ( 'NONE',  ( -0.000000000000000000, 1.000000000000000000, -0.000000000000000000 ) ) ;
#7798 = CARTESIAN_POINT ( 'NONE',  ( -1.475000000000000089, 2.065549442140357073, -0.1732050807568877582 ) ) ;
#7799 = CARTESIAN_POINT ( 'NONE',  ( 1.499999999999999778, 2.065549442140357073, -1.324999999999969980 ) ) ;
#7800 =( NAMED_UNIT ( * ) PLANE_ANGLE_UNIT ( ) SI_UNIT ( $, .RADIAN. ) );
#7801 = CARTESIAN_POINT ( 'NONE',  ( -4.814824860968089633E-32, 2.065549442140357073, -0.9000000000000005773 ) ) ;
#7802 = EDGE_CURVE ( 'NONE', #4617, #999, #8004, .T. ) ;
#7803 = SURFACE_STYLE_FILL_AREA ( #6485 ) ;
#7804 =( NAMED_UNIT ( * ) SI_UNIT ( $, .STERADIAN. ) SOLID_ANGLE_UNIT ( ) );
#7805 = CARTESIAN_POINT ( 'NONE',  ( -3.469446951953606300E-16, 2.065549442140357073, 0.2999999999999990452 ) ) ;
#7806 = CARTESIAN_POINT ( 'NONE',  ( -0.1732050807568900619, 0.4500000000000001221, -1.475000000000000533 ) ) ;
#7807 = EDGE_LOOP ( 'NONE', ( #5077, #2813, #3457, #4165, #1169, #3570 ) ) ;
#7808 = MECHANICAL_DESIGN_GEOMETRIC_PRESENTATION_REPRESENTATION (  '', ( #6767 ), #1833 ) ;
#7809 = CARTESIAN_POINT ( 'NONE',  ( -1.499999999999999556, 0.9000000000000000222, -1.375735931288069480 ) ) ;
#7810 = EDGE_CURVE ( 'NONE', #5822, #1534, #5676, .T. ) ;
#7811 = SURFACE_SIDE_STYLE ('',( #6081 ) ) ;
#7812 = LINE ( 'NONE', #2904, #7368 ) ;
#7813 = FILL_AREA_STYLE_COLOUR ( '', #4352 ) ;
#7814 = DIRECTION ( 'NONE',  ( 0.000000000000000000, 0.000000000000000000, 1.000000000000000000 ) ) ;
#7815 = FILL_AREA_STYLE_COLOUR ( '', #3432 ) ;
#7816 = DIRECTION ( 'NONE',  ( 0.000000000000000000, -1.000000000000000000, 0.000000000000000000 ) ) ;
#7817 = CARTESIAN_POINT ( 'NONE',  ( 0.000000000000000000, 0.000000000000000000, 0.000000000000000000 ) ) ;
#7818 = ORIENTED_EDGE ( 'NONE', *, *, #3683, .T. ) ;
#7819 = ORIENTED_EDGE ( 'NONE', *, *, #7642, .T. ) ;
#7820 = CARTESIAN_POINT ( 'NONE',  ( -1.475000000000000089, 0.4500000000000000111, -0.1732050807568877582 ) ) ;
#7821 = MECHANICAL_DESIGN_GEOMETRIC_PRESENTATION_REPRESENTATION (  '', ( #1715 ), #4444 ) ;
#7822 = ORIENTED_EDGE ( 'NONE', *, *, #4147, .F. ) ;
#7823 = CARTESIAN_POINT ( 'NONE',  ( 1.492978830106242771, 0.9000000000000003553, -1.275422565054514790 ) ) ;
#7824 = MANIFOLD_SOLID_BREP ( 'Substrate', #202 ) ;
#7825 = SURFACE_STYLE_FILL_AREA ( #5247 ) ;
#7826 = ORIENTED_EDGE ( 'NONE', *, *, #854, .T. ) ;
#7827 = AXIS2_PLACEMENT_3D ( 'NONE', #1874, #746, #3709 ) ;
#7828 = CARTESIAN_POINT ( 'NONE',  ( -1.500000000000000222, 0.000000000000000000, 1.499999999999999556 ) ) ;
#7829 = ORIENTED_EDGE ( 'NONE', *, *, #523, .F. ) ;
#7830 = FILL_AREA_STYLE_COLOUR ( '', #1422 ) ;
#7831 =( LENGTH_UNIT ( ) NAMED_UNIT ( * ) SI_UNIT ( .MILLI., .METRE. ) );
#7832 = ADVANCED_FACE ( 'NONE', ( #2478 ), #7449, .T. ) ;
#7833 =( GEOMETRIC_REPRESENTATION_CONTEXT ( 3 ) GLOBAL_UNCERTAINTY_ASSIGNED_CONTEXT ( ( #5023 ) ) GLOBAL_UNIT_ASSIGNED_CONTEXT ( ( #2174, #3438, #2293 ) ) REPRESENTATION_CONTEXT ( 'NONE', 'WORKASPACE' ) );
#7834 =( NAMED_UNIT ( * ) SI_UNIT ( $, .STERADIAN. ) SOLID_ANGLE_UNIT ( ) );
#7835 = FILL_AREA_STYLE_COLOUR ( '', #2694 ) ;
#7836 = SURFACE_STYLE_USAGE ( .BOTH. , #4149 ) ;
#7837 = CIRCLE ( 'NONE', #4338, 0.1750000000000000167 ) ;
#7838 =( NAMED_UNIT ( * ) SI_UNIT ( $, .STERADIAN. ) SOLID_ANGLE_UNIT ( ) );
#7839 = CARTESIAN_POINT ( 'NONE',  ( -0.7499999999999996669, 0.4500000000000001221, -0.2999999999999999334 ) ) ;
#7840 = COLOUR_RGB ( '',1.000000000000000000, 0.8117647058823529438, 0.5019607843137254832 ) ;
#7841 = EDGE_CURVE ( 'NONE', #1569, #2408, #7742, .T. ) ;
#7842 = EDGE_CURVE ( 'NONE', #5164, #7454, #2102, .T. ) ;
#7843 = DIRECTION ( 'NONE',  ( 0.000000000000000000, -0.000000000000000000, 1.000000000000000000 ) ) ;
#7844 = ORIENTED_EDGE ( 'NONE', *, *, #4621, .F. ) ;
#7845 = CIRCLE ( 'NONE', #6168, 0.1000000000000000472 ) ;
#7846 = PRESENTATION_LAYER_ASSIGNMENT (  '', '', ( #5543 ) ) ;
#7847 = CARTESIAN_POINT ( 'NONE',  ( -1.461138650793175842, 0.8999999999999999112, 1.348042955612620553 ) ) ;
#7848 = CARTESIAN_POINT ( 'NONE',  ( 0.000000000000000000, 0.000000000000000000, -0.2999999999999999334 ) ) ;
#7849 = SURFACE_STYLE_FILL_AREA ( #2873 ) ;
#7850 = MECHANICAL_DESIGN_GEOMETRIC_PRESENTATION_REPRESENTATION (  '', ( #2285 ), #1359 ) ;
#7851 = SURFACE_SIDE_STYLE ('',( #6640 ) ) ;
#7852 = CARTESIAN_POINT ( 'NONE',  ( -1.475000000000000089, 2.065549442140357073, -1.326794919243112769 ) ) ;
#7853 = MECHANICAL_DESIGN_GEOMETRIC_PRESENTATION_REPRESENTATION (  '', ( #7459 ), #5796 ) ;
#7854 = EDGE_CURVE ( 'NONE', #5822, #2067, #225, .T. ) ;
#7855 =( GEOMETRIC_REPRESENTATION_CONTEXT ( 3 ) GLOBAL_UNCERTAINTY_ASSIGNED_CONTEXT ( ( #4963 ) ) GLOBAL_UNIT_ASSIGNED_CONTEXT ( ( #7307, #4933, #3593 ) ) REPRESENTATION_CONTEXT ( 'NONE', 'WORKASPACE' ) );
#7856 =( NAMED_UNIT ( * ) PLANE_ANGLE_UNIT ( ) SI_UNIT ( $, .RADIAN. ) );
#7857 = AXIS2_PLACEMENT_3D ( 'NONE', #3208, #3829, #7528 ) ;
#7858 = PRESENTATION_STYLE_ASSIGNMENT (( #2715 ) ) ;
#7859 = UNCERTAINTY_MEASURE_WITH_UNIT (LENGTH_MEASURE( 1.000000000000000082E-05 ), #6524, 'distance_accuracy_value', 'NONE');
#7860 = CARTESIAN_POINT ( 'NONE',  ( 1.475000000000000311, 0.4500000000000000666, 0.000000000000000000 ) ) ;
#7861 = STYLED_ITEM ( 'NONE', ( #1690 ), #2536 ) ;
#7862 = ORIENTED_EDGE ( 'NONE', *, *, #1645, .T. ) ;
#7863 = SURFACE_SIDE_STYLE ('',( #4901 ) ) ;
#7864 = DIRECTION ( 'NONE',  ( 0.000000000000000000, -1.000000000000000000, 0.000000000000000000 ) ) ;
#7865 = CARTESIAN_POINT ( 'NONE',  ( 1.399999999999999911, 1.000000000000000000, -1.199999999999997957 ) ) ;
#7866 = CARTESIAN_POINT ( 'NONE',  ( -1.374481588870358539, 0.9000000000000004663, -1.445656712928495402 ) ) ;
#7867 = EDGE_CURVE ( 'NONE', #117, #294, #2796, .T. ) ;
#7868 = LINE ( 'NONE', #1115, #4263 ) ;
#7869 = AXIS2_PLACEMENT_3D ( 'NONE', #135, #5264, #2784 ) ;
#7870 = ORIENTED_EDGE ( 'NONE', *, *, #5339, .T. ) ;
#7871 = CARTESIAN_POINT ( 'NONE',  ( 1.499999999999999778, 0.4499999999999999001, -0.1749999999999998224 ) ) ;
#7872 = AXIS2_PLACEMENT_3D ( 'NONE', #2837, #5319, #7781 ) ;
#7873 = VERTEX_POINT ( 'NONE', #270 ) ;
#7874 =( NAMED_UNIT ( * ) PLANE_ANGLE_UNIT ( ) SI_UNIT ( $, .RADIAN. ) );
#7875 = PRESENTATION_LAYER_ASSIGNMENT (  '', '', ( #6336 ) ) ;
#7876 = ORIENTED_EDGE ( 'NONE', *, *, #1185, .F. ) ;
#7877 = SURFACE_SIDE_STYLE ('',( #2359 ) ) ;
#7878 = CARTESIAN_POINT ( 'NONE',  ( -2.168404344971008868E-16, 0.4500000000000001221, -1.499999999999984901 ) ) ;
#7879 = COLOUR_RGB ( '',1.000000000000000000, 0.8117647058823529438, 0.5019607843137254832 ) ;
#7880 =( LENGTH_UNIT ( ) NAMED_UNIT ( * ) SI_UNIT ( .MILLI., .METRE. ) );
#7881 = AXIS2_PLACEMENT_3D ( 'NONE', #5341, #1699, #3627 ) ;
#7882 = CARTESIAN_POINT ( 'NONE',  ( 1.499999999999998890, 0.9000000000000000222, 1.199999999999997735 ) ) ;
#7883 =( NAMED_UNIT ( * ) SI_UNIT ( $, .STERADIAN. ) SOLID_ANGLE_UNIT ( ) );
#7884 = SURFACE_SIDE_STYLE ('',( #377 ) ) ;
#7885 = DIRECTION ( 'NONE',  ( 1.000000000000000000, 0.000000000000000000, 1.156482317317872317E-15 ) ) ;
#7886 = FACE_OUTER_BOUND ( 'NONE', #7219, .T. ) ;
#7887 = EDGE_LOOP ( 'NONE', ( #6985, #6058, #2762, #96 ) ) ;
#7888 = MECHANICAL_DESIGN_GEOMETRIC_PRESENTATION_REPRESENTATION (  '', ( #5036 ), #2579 ) ;
#7889 = CARTESIAN_POINT ( 'NONE',  ( -0.7499999999999992228, 0.4500000000000001221, 1.474999999999999645 ) ) ;
#7890 = EDGE_CURVE ( 'NONE', #2870, #4321, #308, .T. ) ;
#7891 = FACE_OUTER_BOUND ( 'NONE', #1012, .T. ) ;
#7892 = DIRECTION ( 'NONE',  ( 0.000000000000000000, -1.000000000000000000, 0.000000000000000000 ) ) ;
#7893 = STYLED_ITEM ( 'NONE', ( #4452 ), #7342 ) ;
#7894 = VECTOR ( 'NONE', #4169, 1000.000000000000000 ) ;
#7895 = LINE ( 'NONE', #7205, #6150 ) ;
#7896 = CARTESIAN_POINT ( 'NONE',  ( 0.7499999999999998890, 2.065549442140357073, -0.9000000000000005773 ) ) ;
#7897 = DIRECTION ( 'NONE',  ( 0.000000000000000000, 1.000000000000000000, 0.000000000000000000 ) ) ;
#7898 = MECHANICAL_DESIGN_GEOMETRIC_PRESENTATION_REPRESENTATION (  '', ( #6867 ), #4398 ) ;
#7899 = EDGE_CURVE ( 'NONE', #868, #3334, #992, .T. ) ;
#7900 = VERTEX_POINT ( 'NONE', #921 ) ;
#7901 = CYLINDRICAL_SURFACE ( 'NONE', #72, 0.1750000000000299372 ) ;
#7902 = DIRECTION ( 'NONE',  ( 1.000000000000000000, 0.000000000000000000, -0.000000000000000000 ) ) ;
#7903 = CARTESIAN_POINT ( 'NONE',  ( 1.499999999999999778, 2.065549442140357073, -1.499999999999999778 ) ) ;
#7904 =( NAMED_UNIT ( * ) PLANE_ANGLE_UNIT ( ) SI_UNIT ( $, .RADIAN. ) );
#7905 = CIRCLE ( 'NONE', #7005, 0.1000000000000000472 ) ;
#7906 = DIRECTION ( 'NONE',  ( 0.000000000000000000, 0.000000000000000000, -1.000000000000000000 ) ) ;
#7907 = LINE ( 'NONE', #1723, #4725 ) ;
#7908 = EDGE_CURVE ( 'NONE', #5029, #3925, #2754, .T. ) ;
#7909 = STYLED_ITEM ( 'NONE', ( #5997 ), #1256 ) ;
#7910 = ORIENTED_EDGE ( 'NONE', *, *, #6771, .T. ) ;
#7911 = SURFACE_STYLE_FILL_AREA ( #6216 ) ;
#7912 = ORIENTED_EDGE ( 'NONE', *, *, #7072, .F. ) ;
#7913 = VERTEX_POINT ( 'NONE', #3882 ) ;
#7914 = PLANE ( 'NONE',  #7994 ) ;
#7915 = DIRECTION ( 'NONE',  ( 1.156482317317871133E-15, -0.000000000000000000, 1.000000000000000000 ) ) ;
#7916 = UNCERTAINTY_MEASURE_WITH_UNIT (LENGTH_MEASURE( 1.000000000000000082E-05 ), #4957, 'distance_accuracy_value', 'NONE');
#7917 = PRESENTATION_LAYER_ASSIGNMENT (  '', '', ( #3000 ) ) ;
#7918 = DIRECTION ( 'NONE',  ( -1.000000000000000000, -0.000000000000000000, -0.000000000000000000 ) ) ;
#7919 =( NAMED_UNIT ( * ) SI_UNIT ( $, .STERADIAN. ) SOLID_ANGLE_UNIT ( ) );
#7920 = DIRECTION ( 'NONE',  ( 1.000000000000000000, -0.000000000000000000, 0.000000000000000000 ) ) ;
#7921 = ORIENTED_EDGE ( 'NONE', *, *, #248, .F. ) ;
#7922 = FILL_AREA_STYLE_COLOUR ( '', #8013 ) ;
#7923 = FACE_OUTER_BOUND ( 'NONE', #3630, .T. ) ;
#7924 = CARTESIAN_POINT ( 'NONE',  ( -1.199999999999999734, 1.000000000000000000, 1.399999999999997691 ) ) ;
#7925 =( LENGTH_UNIT ( ) NAMED_UNIT ( * ) SI_UNIT ( .MILLI., .METRE. ) );
#7926 = EDGE_LOOP ( 'NONE', ( #6514, #5123, #2979, #7870 ) ) ;
#7927 = PRESENTATION_STYLE_ASSIGNMENT (( #6716 ) ) ;
#7928 = CARTESIAN_POINT ( 'NONE',  ( -1.474999999999999867, 0.4500000000000001221, -0.3000000000000000999 ) ) ;
#7929 = SURFACE_STYLE_FILL_AREA ( #4847 ) ;
#7930 = EDGE_CURVE ( 'NONE', #1860, #7183, #3294, .T. ) ;
#7931 = DIRECTION ( 'NONE',  ( 0.000000000000000000, 1.000000000000000000, 0.000000000000000000 ) ) ;
#7932 =( LENGTH_UNIT ( ) NAMED_UNIT ( * ) SI_UNIT ( .MILLI., .METRE. ) );
#7933 = ORIENTED_EDGE ( 'NONE', *, *, #2654, .F. ) ;
#7934 = FILL_AREA_STYLE_COLOUR ( '', #4104 ) ;
#7935 = SURFACE_SIDE_STYLE ('',( #3712 ) ) ;
#7936 = FILL_AREA_STYLE ('',( #4207 ) ) ;
#7937 = FILL_AREA_STYLE ('',( #4781 ) ) ;
#7938 = PLANE ( 'NONE',  #4656 ) ;
#7939 = EDGE_CURVE ( 'NONE', #7153, #7022, #6464, .T. ) ;
#7940 = EDGE_CURVE ( 'NONE', #2504, #6370, #5199, .T. ) ;
#7941 = CARTESIAN_POINT ( 'NONE',  ( 0.000000000000000000, 0.000000000000000000, -1.474999999999999645 ) ) ;
#7942 = EDGE_LOOP ( 'NONE', ( #7304, #3566, #6395, #546, #7769, #2634, #3178, #6341, #3652, #4806, #5627, #2748 ) ) ;
#7943 = FACE_OUTER_BOUND ( 'NONE', #5220, .T. ) ;
#7944 = SURFACE_STYLE_FILL_AREA ( #6736 ) ;
#7945 = ORIENTED_EDGE ( 'NONE', *, *, #7841, .F. ) ;
#7946 = VERTEX_POINT ( 'NONE', #7660 ) ;
#7947 = DIRECTION ( 'NONE',  ( 1.000000000000000000, 0.000000000000000000, 1.156482317317872317E-15 ) ) ;
#7949 = AXIS2_PLACEMENT_3D ( 'NONE', #3073, #1183, #7437 ) ;
#7948 = CARTESIAN_POINT ( 'NONE',  ( -1.325000000000000178, 2.065549442140357073, 1.500000000000000222 ) ) ;
#7950 = UNCERTAINTY_MEASURE_WITH_UNIT (LENGTH_MEASURE( 1.000000000000000082E-05 ), #6245, 'distance_accuracy_value', 'NONE');
#7951 = EDGE_CURVE ( 'NONE', #1290, #1315, #3923, .T. ) ;
#7952 = DIRECTION ( 'NONE',  ( 0.000000000000000000, -1.000000000000000000, 0.000000000000000000 ) ) ;
#7953 = CARTESIAN_POINT ( 'NONE',  ( -1.500000000000000222, 0.4500000000000000111, 0.1750000000000000722 ) ) ;
#7954 = COLOUR_RGB ( '',1.000000000000000000, 0.8117647058823529438, 0.5019607843137254832 ) ;
#7955 = CARTESIAN_POINT ( 'NONE',  ( -1.475000000000000089, 2.065549442140357073, 0.9000000000000005773 ) ) ;
#7956 = SURFACE_SIDE_STYLE ('',( #5491 ) ) ;
#7957 = EDGE_LOOP ( 'NONE', ( #1252, #6583, #2647, #142 ) ) ;
#7958 = FACE_OUTER_BOUND ( 'NONE', #5328, .T. ) ;
#7959 = CYLINDRICAL_SURFACE ( 'NONE', #1944, 0.1749999999999996003 ) ;
#7960 = PRESENTATION_STYLE_ASSIGNMENT (( #1137 ) ) ;
#7961 = PRESENTATION_LAYER_ASSIGNMENT (  '', '', ( #6291 ) ) ;
#7962 = EDGE_CURVE ( 'NONE', #2471, #3144, #7614, .T. ) ;
#7963 = PRESENTATION_STYLE_ASSIGNMENT (( #4233 ) ) ;
#7964 = ORIENTED_EDGE ( 'NONE', *, *, #2206, .F. ) ;
#7965 = VECTOR ( 'NONE', #5174, 1000.000000000000000 ) ;
#7966 = CARTESIAN_POINT ( 'NONE',  ( -2.168404344971008868E-16, 0.000000000000000000, 1.349999999999984768 ) ) ;
#7967 = STYLED_ITEM ( 'NONE', ( #3292 ), #5577 ) ;
#7968 = PRESENTATION_LAYER_ASSIGNMENT (  '', '', ( #3449 ) ) ;
#7969 = PRESENTATION_STYLE_ASSIGNMENT (( #3024 ) ) ;
#7970 = STYLED_ITEM ( 'NONE', ( #1248 ), #4635 ) ;
#7971 = LINE ( 'NONE', #3484, #1985 ) ;
#7972 = FACE_OUTER_BOUND ( 'NONE', #3466, .T. ) ;
#7973 = COLOUR_RGB ( '',0.2509803921568627416, 0.2509803921568627416, 0.2509803921568627416 ) ;
#7974 = CYLINDRICAL_SURFACE ( 'NONE', #5559, 0.1750000000000000167 ) ;
#7975 = ORIENTED_EDGE ( 'NONE', *, *, #2794, .T. ) ;
#7976 = SURFACE_STYLE_USAGE ( .BOTH. , #1156 ) ;
#7977 = COLOUR_RGB ( '',1.000000000000000000, 0.8117647058823529438, 0.5019607843137254832 ) ;
#7978 = COLOUR_RGB ( '',1.000000000000000000, 0.8117647058823529438, 0.5019607843137254832 ) ;
#7979 = CARTESIAN_POINT ( 'NONE',  ( -1.200000000000000178, 1.050000000000000488, -1.199999999999998179 ) ) ;
#7980 = LINE ( 'NONE', #5474, #2901 ) ;
#7981 = CIRCLE ( 'NONE', #5148, 0.1750000000000000167 ) ;
#7982 = LINE ( 'NONE', #6626, #5118 ) ;
#7983 =( GEOMETRIC_REPRESENTATION_CONTEXT ( 3 ) GLOBAL_UNCERTAINTY_ASSIGNED_CONTEXT ( ( #1214 ) ) GLOBAL_UNIT_ASSIGNED_CONTEXT ( ( #86, #7228, #3983 ) ) REPRESENTATION_CONTEXT ( 'NONE', 'WORKASPACE' ) );
#7984 = AXIS2_PLACEMENT_3D ( 'NONE', #5469, #4818, #8022 ) ;
#7985 = ORIENTED_EDGE ( 'NONE', *, *, #3643, .F. ) ;
#7986 = VECTOR ( 'NONE', #5872, 1000.000000000000000 ) ;
#7987 = CARTESIAN_POINT ( 'NONE',  ( 1.475000000000000311, 0.4500000000000000666, 0.000000000000000000 ) ) ;
#7988 = ORIENTED_EDGE ( 'NONE', *, *, #6048, .T. ) ;
#7989 = ADVANCED_FACE ( 'NONE', ( #4613 ), #7740, .F. ) ;
#7990 = EDGE_LOOP ( 'NONE', ( #670, #1056, #1951, #652 ) ) ;
#7991 = CARTESIAN_POINT ( 'NONE',  ( -1.325000000000000178, 0.000000000000000000, 1.500000000000000222 ) ) ;
#7992 = SURFACE_SIDE_STYLE ('',( #1127 ) ) ;
#7993 = CIRCLE ( 'NONE', #7869, 0.1750000000000301592 ) ;
#7994 = AXIS2_PLACEMENT_3D ( 'NONE', #2483, #5569, #5033 ) ;
#7995 = DIRECTION ( 'NONE',  ( 0.000000000000000000, -1.000000000000000000, 0.000000000000000000 ) ) ;
#7996 = CARTESIAN_POINT ( 'NONE',  ( 1.199999999999999734, 1.000000000000000000, -1.199999999999997957 ) ) ;
#7997 = FILL_AREA_STYLE_COLOUR ( '', #7220 ) ;
#7998 =( NAMED_UNIT ( * ) PLANE_ANGLE_UNIT ( ) SI_UNIT ( $, .RADIAN. ) );
#7999 = LINE ( 'NONE', #4307, #528 ) ;
#8000 = ORIENTED_EDGE ( 'NONE', *, *, #6022, .F. ) ;
#8001 = EDGE_CURVE ( 'NONE', #7111, #7900, #7602, .T. ) ;
#8002 = SURFACE_STYLE_FILL_AREA ( #1292 ) ;
#8003 = FILL_AREA_STYLE_COLOUR ( '', #6244 ) ;
#8004 = B_SPLINE_CURVE_WITH_KNOTS ( 'NONE', 3,
 ( #23, #6170, #602, #6850, #5067, #4328, #6893, #1975 ),
 .UNSPECIFIED., .F., .F.,
 ( 4, 1, 1, 1, 1, 4 ),
 ( 0.4999999999999996114, 0.5555555555555552472, 0.6666666666666665186, 0.7777777777777775681, 0.8888888888888889506, 1.000000000000000000 ),
 .UNSPECIFIED. ) ;
#8005 = FACE_OUTER_BOUND ( 'NONE', #6912, .T. ) ;
#8006 = DIRECTION ( 'NONE',  ( -0.000000000000000000, 1.000000000000000000, 0.000000000000000000 ) ) ;
#8007 = MECHANICAL_DESIGN_GEOMETRIC_PRESENTATION_REPRESENTATION (  '', ( #1122 ), #4503 ) ;
#8008 = FILL_AREA_STYLE ('',( #5457 ) ) ;
#8009 = VERTEX_POINT ( 'NONE', #6684 ) ;
#8010 = PRESENTATION_LAYER_ASSIGNMENT (  '', '', ( #2184 ) ) ;
#8011 = EDGE_CURVE ( 'NONE', #3090, #1993, #2826, .T. ) ;
#8012 = CARTESIAN_POINT ( 'NONE',  ( 1.399999999999999689, 0.8500000000000000888, -1.499999999999999556 ) ) ;
#8013 = COLOUR_RGB ( '',1.000000000000000000, 0.8117647058823529438, 0.5019607843137254832 ) ;
#8014 = CARTESIAN_POINT ( 'NONE',  ( -1.200000000000000178, 1.000000000000000000, -1.499999999999998002 ) ) ;
#8015 = PRESENTATION_STYLE_ASSIGNMENT (( #2342 ) ) ;
#8016 = ORIENTED_EDGE ( 'NONE', *, *, #702, .F. ) ;
#8018 = PRESENTATION_LAYER_ASSIGNMENT (  '', '', ( #5830 ) ) ;
#8017 = B_SPLINE_CURVE_WITH_KNOTS ( 'NONE', 3,
 ( #4764, #6675, #4807, #4112, #3478, #7847, #1747, #1667, #4236, #7274, #4157 ),
 .UNSPECIFIED., .F., .F.,
 ( 4, 2, 1, 2, 2, 4 ),
 ( 0.000000000000000000, 0.4999999999999962252, 0.6249999999999961142, 0.6874999999999966693, 0.7499999999999972244, 1.000000000000000000 ),
 .UNSPECIFIED. ) ;
#8019 = DIRECTION ( 'NONE',  ( -0.000000000000000000, 0.000000000000000000, -1.000000000000000000 ) ) ;
#8020 = ORIENTED_EDGE ( 'NONE', *, *, #7664, .T. ) ;
#8021 = AXIS2_PLACEMENT_3D ( 'NONE', #709, #56, #1307 ) ;
#8022 = DIRECTION ( 'NONE',  ( 0.000000000000000000, 0.000000000000000000, 1.000000000000000000 ) ) ;
#8023 = CARTESIAN_POINT ( 'NONE',  ( -1.400000000000000133, 0.9000000000000002442, 1.499999999999999112 ) ) ;
#8024 = AXIS2_PLACEMENT_3D ( 'NONE', #2109, #3300, #4579 ) ;
#8025 = CARTESIAN_POINT ( 'NONE',  ( 1.199999999999999734, 0.9000000000000001332, 1.499999999999998890 ) ) ;
#8026 = ORIENTED_EDGE ( 'NONE', *, *, #4533, .T. ) ;
#8027 = CARTESIAN_POINT ( 'NONE',  ( 0.7499999999999991118, 0.000000000000000000, 0.000000000000000000 ) ) ;
#8028 = VERTEX_POINT ( 'NONE', #5355 ) ;
#8029 = ORIENTED_EDGE ( 'NONE', *, *, #6795, .F. ) ;
#8030 = SURFACE_STYLE_USAGE ( .BOTH. , #5614 ) ;
#8031 = DIRECTION ( 'NONE',  ( -1.000000000000000000, -0.000000000000000000, 7.518805289812394929E-16 ) ) ;
#8032 =( GEOMETRIC_REPRESENTATION_CONTEXT ( 3 ) GLOBAL_UNCERTAINTY_ASSIGNED_CONTEXT ( ( #465 ) ) GLOBAL_UNIT_ASSIGNED_CONTEXT ( ( #2981, #979, #6000 ) ) REPRESENTATION_CONTEXT ( 'NONE', 'WORKASPACE' ) );
#8033 = CIRCLE ( 'NONE', #3632, 0.09999999999999982514 ) ;
#8034 = SURFACE_SIDE_STYLE ('',( #1897 ) ) ;
#8035 = CARTESIAN_POINT ( 'NONE',  ( 1.199999999999999734, 6.159797974644664720, 1.399999999999997913 ) ) ;
#8036 = EDGE_CURVE ( 'NONE', #2645, #6734, #3489, .T. ) ;
#8037 =( NAMED_UNIT ( * ) SI_UNIT ( $, .STERADIAN. ) SOLID_ANGLE_UNIT ( ) );
#8038 = FILL_AREA_STYLE ('',( #7384 ) ) ;
#8039 =( NAMED_UNIT ( * ) SI_UNIT ( $, .STERADIAN. ) SOLID_ANGLE_UNIT ( ) );
#8040 = ORIENTED_EDGE ( 'NONE', *, *, #5016, .T. ) ;
#8041 =( NAMED_UNIT ( * ) PLANE_ANGLE_UNIT ( ) SI_UNIT ( $, .RADIAN. ) );
#8042 = LINE ( 'NONE', #2723, #4931 ) ;
ENDSEC;
END-ISO-10303-21;
